0
SECTION
2
HEADER
9
$ACADVER
1
AC1015
9
$INSUNITS
70
4
0
ENDSEC
0
SECTION
2
ENTITIES
0
LWPOLYLINE
8
01_deck_front_t4.0
100
AcDbEntity
100
AcDbPolyline
90
5
70
1
43
0.0
10
128
20
-81
10
128
20
81
10
0
20
81
10
0
20
-81
10
128
20
-81
0
LWPOLYLINE
8
01_deck_front_t4.0
100
AcDbEntity
100
AcDbPolyline
90
41
70
1
43
0.0
10
16
20
47
10
15.8478
20
46.2346
10
15.4142
20
45.5858
10
14.7654
20
45.1522
10
14
20
45
10
13.2346
20
45.1522
10
12.5858
20
45.5858
10
12.1522
20
46.2346
10
12
20
47
10
12
20
58
10
4
20
58
10
3.2346
20
58.1522
10
2.5858
20
58.5858
10
2.1522
20
59.2346
10
2
20
60
10
2.1522
20
60.7654
10
2.5858
20
61.4142
10
3.2346
20
61.8478
10
4
20
62
10
12
20
62
10
12
20
73
10
12.1522
20
73.7654
10
12.5858
20
74.4142
10
13.2346
20
74.8478
10
14
20
75
10
14.7654
20
74.8478
10
15.4142
20
74.4142
10
15.8478
20
73.7654
10
16
20
73
10
16
20
62
10
24
20
62
10
24.7654
20
61.8478
10
25.4142
20
61.4142
10
25.8478
20
60.7654
10
26
20
60
10
25.8478
20
59.2346
10
25.4142
20
58.5858
10
24.7654
20
58.1522
10
24
20
58
10
16
20
58
10
16
20
47
0
LWPOLYLINE
8
01_deck_front_t4.0
100
AcDbEntity
100
AcDbPolyline
90
41
70
1
43
0.0
10
15.8478
20
-73.7654
10
15.4142
20
-74.4142
10
14.7654
20
-74.8478
10
14
20
-75
10
13.2346
20
-74.8478
10
12.5858
20
-74.4142
10
12.1522
20
-73.7654
10
12
20
-73
10
12
20
-62
10
4
20
-62
10
3.2346
20
-61.8478
10
2.5858
20
-61.4142
10
2.1522
20
-60.7654
10
2
20
-60
10
2.1522
20
-59.2346
10
2.5858
20
-58.5858
10
3.2346
20
-58.1522
10
4
20
-58
10
12
20
-58
10
12
20
-47
10
12.1522
20
-46.2346
10
12.5858
20
-45.5858
10
13.2346
20
-45.1522
10
14
20
-45
10
14.7654
20
-45.1522
10
15.4142
20
-45.5858
10
15.8478
20
-46.2346
10
16
20
-47
10
16
20
-58
10
24
20
-58
10
24.7654
20
-58.1522
10
25.4142
20
-58.5858
10
25.8478
20
-59.2346
10
26
20
-60
10
25.8478
20
-60.7654
10
25.4142
20
-61.4142
10
24.7654
20
-61.8478
10
24
20
-62
10
16
20
-62
10
16
20
-73
10
15.8478
20
-73.7654
0
LWPOLYLINE
8
01_deck_front_t4.0
100
AcDbEntity
100
AcDbPolyline
90
41
70
1
43
0.0
10
115.4142
20
45.5858
10
114.7654
20
45.1522
10
114
20
45
10
113.2346
20
45.1522
10
112.5858
20
45.5858
10
112.1522
20
46.2346
10
112
20
47
10
112
20
58
10
104
20
58
10
103.2346
20
58.1522
10
102.5858
20
58.5858
10
102.1522
20
59.2346
10
102
20
60
10
102.1522
20
60.7654
10
102.5858
20
61.4142
10
103.2346
20
61.8478
10
104
20
62
10
112
20
62
10
112
20
73
10
112.1522
20
73.7654
10
112.5858
20
74.4142
10
113.2346
20
74.8478
10
114
20
75
10
114.7654
20
74.8478
10
115.4142
20
74.4142
10
115.8478
20
73.7654
10
116
20
73
10
116
20
62
10
124
20
62
10
124.7654
20
61.8478
10
125.4142
20
61.4142
10
125.8478
20
60.7654
10
126
20
60
10
125.8478
20
59.2346
10
125.4142
20
58.5858
10
124.7654
20
58.1522
10
124
20
58
10
116
20
58
10
116
20
47
10
115.8478
20
46.2346
10
115.4142
20
45.5858
0
LWPOLYLINE
8
01_deck_front_t4.0
100
AcDbEntity
100
AcDbPolyline
90
41
70
1
43
0.0
10
114.7654
20
-74.8478
10
114
20
-75
10
113.2346
20
-74.8478
10
112.5858
20
-74.4142
10
112.1522
20
-73.7654
10
112
20
-73
10
112
20
-62
10
104
20
-62
10
103.2346
20
-61.8478
10
102.5858
20
-61.4142
10
102.1522
20
-60.7654
10
102
20
-60
10
102.1522
20
-59.2346
10
102.5858
20
-58.5858
10
103.2346
20
-58.1522
10
104
20
-58
10
112
20
-58
10
112
20
-47
10
112.1522
20
-46.2346
10
112.5858
20
-45.5858
10
113.2346
20
-45.1522
10
114
20
-45
10
114.7654
20
-45.1522
10
115.4142
20
-45.5858
10
115.8478
20
-46.2346
10
116
20
-47
10
116
20
-58
10
124
20
-58
10
124.7654
20
-58.1522
10
125.4142
20
-58.5858
10
125.8478
20
-59.2346
10
126
20
-60
10
125.8478
20
-60.7654
10
125.4142
20
-61.4142
10
124.7654
20
-61.8478
10
124
20
-62
10
116
20
-62
10
116
20
-73
10
115.8478
20
-73.7654
10
115.4142
20
-74.4142
10
114.7654
20
-74.8478
0
LWPOLYLINE
8
01_deck_front_t4.0
100
AcDbEntity
100
AcDbPolyline
90
201
70
1
43
0.0
10
47.2153
20
-32.5486
10
47.3806
20
-32.0866
10
47.5904
20
-31.643
10
47.8427
20
-31.2221
10
48.1349
20
-30.828
10
48.4645
20
-30.4645
10
48.828
20
-30.1349
10
49.01
20
-30
10
38
20
-30
10
37.2346
20
-29.8478
10
36.5858
20
-29.4142
10
36.1522
20
-28.7654
10
36
20
-28
10
36
20
28
10
36.1522
20
28.7654
10
36.5858
20
29.4142
10
37.2346
20
29.8478
10
38
20
30
10
49.01
20
30
10
48.828
20
30.1349
10
48.4645
20
30.4645
10
48.1349
20
30.828
10
47.8427
20
31.2221
10
47.5904
20
31.643
10
47.3806
20
32.0866
10
47.2153
20
32.5486
10
47.0961
20
33.0245
10
47.0241
20
33.5099
10
47
20
34
10
47.0241
20
34.4901
10
47.0961
20
34.9755
10
47.2153
20
35.4514
10
47.3806
20
35.9134
10
47.5904
20
36.357
10
47.8427
20
36.7779
10
48.1349
20
37.172
10
48.4645
20
37.5355
10
48.828
20
37.8651
10
49.2221
20
38.1573
10
49.643
20
38.4096
10
50.0866
20
38.6194
10
50.5486
20
38.7847
10
51.0245
20
38.9039
10
51.5099
20
38.9759
10
52
20
39
10
52.4901
20
38.9759
10
52.9755
20
38.9039
10
53.4514
20
38.7847
10
53.9134
20
38.6194
10
54.357
20
38.4096
10
54.7779
20
38.1573
10
55.172
20
37.8651
10
55.5355
20
37.5355
10
55.8651
20
37.172
10
56.1573
20
36.7779
10
56.4096
20
36.357
10
56.6194
20
35.9134
10
56.7847
20
35.4514
10
56.9039
20
34.9755
10
56.9759
20
34.4901
10
57
20
34
10
56.9759
20
33.5099
10
56.9039
20
33.0245
10
56.7847
20
32.5486
10
56.6194
20
32.0866
10
56.4096
20
31.643
10
56.1573
20
31.2221
10
55.8651
20
30.828
10
55.5355
20
30.4645
10
55.172
20
30.1349
10
54.7779
20
29.8427
10
54.357
20
29.5904
10
53.9134
20
29.3806
10
53.4514
20
29.2153
10
52.9755
20
29.0961
10
52.4901
20
29.0241
10
52
20
29
10
51.6805
20
29.0157
10
51.8478
20
28.7654
10
52
20
28
10
52
20
21
10
52.4901
20
20.9759
10
52.9755
20
20.9039
10
53.4514
20
20.7847
10
53.9134
20
20.6194
10
54.357
20
20.4096
10
54.7779
20
20.1573
10
55.172
20
19.8651
10
55.5355
20
19.5355
10
55.8651
20
19.172
10
56.1573
20
18.7779
10
56.4096
20
18.357
10
56.6194
20
17.9134
10
56.7847
20
17.4514
10
56.9039
20
16.9755
10
56.9759
20
16.4901
10
57
20
16
10
56.9759
20
15.5099
10
56.9039
20
15.0245
10
56.7847
20
14.5486
10
56.6194
20
14.0866
10
56.4096
20
13.643
10
56.1573
20
13.2221
10
55.8651
20
12.828
10
55.5355
20
12.4645
10
55.172
20
12.1349
10
54.7779
20
11.8427
10
54.357
20
11.5904
10
53.9134
20
11.3806
10
53.4514
20
11.2153
10
52.9755
20
11.0961
10
52.4901
20
11.0241
10
52
20
11
10
52
20
-11
10
52.4901
20
-11.0241
10
52.9755
20
-11.0961
10
53.4514
20
-11.2153
10
53.9134
20
-11.3806
10
54.357
20
-11.5904
10
54.7779
20
-11.8427
10
55.172
20
-12.1349
10
55.5355
20
-12.4645
10
55.8651
20
-12.828
10
56.1573
20
-13.2221
10
56.4096
20
-13.643
10
56.6194
20
-14.0866
10
56.7847
20
-14.5486
10
56.9039
20
-15.0245
10
56.9759
20
-15.5099
10
57
20
-16
10
56.9759
20
-16.4901
10
56.9039
20
-16.9755
10
56.7847
20
-17.4514
10
56.6194
20
-17.9134
10
56.4096
20
-18.357
10
56.1573
20
-18.7779
10
55.8651
20
-19.172
10
55.5355
20
-19.5355
10
55.172
20
-19.8651
10
54.7779
20
-20.1573
10
54.357
20
-20.4096
10
53.9134
20
-20.6194
10
53.4514
20
-20.7847
10
52.9755
20
-20.9039
10
52.4901
20
-20.9759
10
52
20
-21
10
52
20
-28
10
51.8478
20
-28.7654
10
51.6805
20
-29.0157
10
52
20
-29
10
52.4901
20
-29.0241
10
52.9755
20
-29.0961
10
53.4514
20
-29.2153
10
53.9134
20
-29.3806
10
54.357
20
-29.5904
10
54.7779
20
-29.8427
10
55.172
20
-30.1349
10
55.5355
20
-30.4645
10
55.8651
20
-30.828
10
56.1573
20
-31.2221
10
56.4096
20
-31.643
10
56.6194
20
-32.0866
10
56.7847
20
-32.5486
10
56.9039
20
-33.0245
10
56.9759
20
-33.5099
10
57
20
-34
10
56.9759
20
-34.4901
10
56.9039
20
-34.9755
10
56.7847
20
-35.4514
10
56.6194
20
-35.9134
10
56.4096
20
-36.357
10
56.1573
20
-36.7779
10
55.8651
20
-37.172
10
55.5355
20
-37.5355
10
55.172
20
-37.8651
10
54.7779
20
-38.1573
10
54.357
20
-38.4096
10
53.9134
20
-38.6194
10
53.4514
20
-38.7847
10
52.9755
20
-38.9039
10
52.4901
20
-38.9759
10
52
20
-39
10
51.5099
20
-38.9759
10
51.0245
20
-38.9039
10
50.5486
20
-38.7847
10
50.0866
20
-38.6194
10
49.643
20
-38.4096
10
49.2221
20
-38.1573
10
48.828
20
-37.8651
10
48.4645
20
-37.5355
10
48.1349
20
-37.172
10
47.8427
20
-36.7779
10
47.5904
20
-36.357
10
47.3806
20
-35.9134
10
47.2153
20
-35.4514
10
47.0961
20
-34.9755
10
47.0241
20
-34.4901
10
47
20
-34
10
47.0241
20
-33.5099
10
47.0961
20
-33.0245
10
47.2153
20
-32.5486
0
LWPOLYLINE
8
01_deck_front_t4.0
100
AcDbEntity
100
AcDbPolyline
90
108
70
1
43
0.0
10
87.8478
20
24.7654
10
88
20
24
10
88
20
-24
10
87.8478
20
-24.7654
10
87.4142
20
-25.4142
10
86.7654
20
-25.8478
10
86
20
-26
10
74
20
-26
10
73.2346
20
-25.8478
10
72.5858
20
-25.4142
10
72.1522
20
-24.7654
10
72
20
-24
10
72
20
-18.99
10
71.8427
20
-18.7779
10
71.5904
20
-18.357
10
71.3806
20
-17.9134
10
71.2153
20
-17.4514
10
71.0961
20
-16.9755
10
71.0241
20
-16.4901
10
71
20
-16
10
71.0241
20
-15.5099
10
71.0961
20
-15.0245
10
71.2153
20
-14.5486
10
71.3806
20
-14.0866
10
71.5904
20
-13.643
10
71.8427
20
-13.2221
10
72
20
-13.01
10
72
20
-4.11
10
71.9373
20
-4.2426
10
71.4832
20
-5.0001
10
70.9571
20
-5.7095
10
70.364
20
-6.364
10
69.7095
20
-6.9571
10
69.0001
20
-7.4832
10
68.2426
20
-7.9373
10
67.4442
20
-8.3149
10
66.6126
20
-8.6125
10
65.7558
20
-8.8271
10
64.8822
20
-8.9567
10
64
20
-9
10
63.1178
20
-8.9567
10
62.2442
20
-8.8271
10
61.3874
20
-8.6125
10
60.5558
20
-8.3149
10
59.7574
20
-7.9373
10
58.9999
20
-7.4832
10
58.2905
20
-6.9571
10
57.636
20
-6.364
10
57.0429
20
-5.7095
10
56.5168
20
-5.0001
10
56.0627
20
-4.2426
10
55.6851
20
-3.4442
10
55.3875
20
-2.6126
10
55.1729
20
-1.7558
10
55.0433
20
-0.8822
10
55
20
0
10
55.0433
20
0.8822
10
55.1729
20
1.7558
10
55.3875
20
2.6126
10
55.6851
20
3.4442
10
56.0627
20
4.2426
10
56.5168
20
5.0001
10
57.0429
20
5.7095
10
57.636
20
6.364
10
58.2905
20
6.9571
10
58.9999
20
7.4832
10
59.7574
20
7.9373
10
60.5558
20
8.3149
10
61.3874
20
8.6125
10
62.2442
20
8.8271
10
63.1178
20
8.9567
10
64
20
9
10
64.8822
20
8.9567
10
65.7558
20
8.8271
10
66.6126
20
8.6125
10
67.4442
20
8.3149
10
68.2426
20
7.9373
10
69.0001
20
7.4832
10
69.7095
20
6.9571
10
70.364
20
6.364
10
70.9571
20
5.7095
10
71.4832
20
5.0001
10
71.9373
20
4.2426
10
72
20
4.11
10
72
20
13.01
10
71.8427
20
13.2221
10
71.5904
20
13.643
10
71.3806
20
14.0866
10
71.2153
20
14.5486
10
71.0961
20
15.0245
10
71.0241
20
15.5099
10
71
20
16
10
71.0241
20
16.4901
10
71.0961
20
16.9755
10
71.2153
20
17.4514
10
71.3806
20
17.9134
10
71.5904
20
18.357
10
71.8427
20
18.7779
10
72
20
18.99
10
72
20
24
10
72.1522
20
24.7654
10
72.5858
20
25.4142
10
73.2346
20
25.8478
10
74
20
26
10
86
20
26
10
86.7654
20
25.8478
10
87.4142
20
25.4142
10
87.8478
20
24.7654
0
LWPOLYLINE
8
01_deck_front_t4.0
100
AcDbEntity
100
AcDbPolyline
90
65
70
1
43
0.0
10
24.1349
20
-48.828
10
24.4645
20
-48.4645
10
24.828
20
-48.1349
10
25.2221
20
-47.8427
10
25.643
20
-47.5904
10
26.0866
20
-47.3806
10
26.5486
20
-47.2153
10
27.0245
20
-47.0961
10
27.5099
20
-47.0241
10
28
20
-47
10
28.4901
20
-47.0241
10
28.9755
20
-47.0961
10
29.4514
20
-47.2153
10
29.9134
20
-47.3806
10
30.357
20
-47.5904
10
30.7779
20
-47.8427
10
31.172
20
-48.1349
10
31.5355
20
-48.4645
10
31.8651
20
-48.828
10
32.1573
20
-49.2221
10
32.4096
20
-49.643
10
32.6194
20
-50.0866
10
32.7847
20
-50.5486
10
32.9039
20
-51.0245
10
32.9759
20
-51.5099
10
33
20
-52
10
32.9759
20
-52.4901
10
32.9039
20
-52.9755
10
32.7847
20
-53.4514
10
32.6194
20
-53.9134
10
32.4096
20
-54.357
10
32.1573
20
-54.7779
10
31.8651
20
-55.172
10
31.5355
20
-55.5355
10
31.172
20
-55.8651
10
30.7779
20
-56.1573
10
30.357
20
-56.4096
10
29.9134
20
-56.6194
10
29.4514
20
-56.7847
10
28.9755
20
-56.9039
10
28.4901
20
-56.9759
10
28
20
-57
10
27.5099
20
-56.9759
10
27.0245
20
-56.9039
10
26.5486
20
-56.7847
10
26.0866
20
-56.6194
10
25.643
20
-56.4096
10
25.2221
20
-56.1573
10
24.828
20
-55.8651
10
24.4645
20
-55.5355
10
24.1349
20
-55.172
10
23.8427
20
-54.7779
10
23.5904
20
-54.357
10
23.3806
20
-53.9134
10
23.2153
20
-53.4514
10
23.0961
20
-52.9755
10
23.0241
20
-52.4901
10
23
20
-52
10
23.0241
20
-51.5099
10
23.0961
20
-51.0245
10
23.2153
20
-50.5486
10
23.3806
20
-50.0866
10
23.5904
20
-49.643
10
23.8427
20
-49.2221
10
24.1349
20
-48.828
0
LWPOLYLINE
8
01_deck_front_t4.0
100
AcDbEntity
100
AcDbPolyline
90
65
70
1
43
0.0
10
24.4645
20
-30.4645
10
24.828
20
-30.1349
10
25.2221
20
-29.8427
10
25.643
20
-29.5904
10
26.0866
20
-29.3806
10
26.5486
20
-29.2153
10
27.0245
20
-29.0961
10
27.5099
20
-29.0241
10
28
20
-29
10
28.4901
20
-29.0241
10
28.9755
20
-29.0961
10
29.4514
20
-29.2153
10
29.9134
20
-29.3806
10
30.357
20
-29.5904
10
30.7779
20
-29.8427
10
31.172
20
-30.1349
10
31.5355
20
-30.4645
10
31.8651
20
-30.828
10
32.1573
20
-31.2221
10
32.4096
20
-31.643
10
32.6194
20
-32.0866
10
32.7847
20
-32.5486
10
32.9039
20
-33.0245
10
32.9759
20
-33.5099
10
33
20
-34
10
32.9759
20
-34.4901
10
32.9039
20
-34.9755
10
32.7847
20
-35.4514
10
32.6194
20
-35.9134
10
32.4096
20
-36.357
10
32.1573
20
-36.7779
10
31.8651
20
-37.172
10
31.5355
20
-37.5355
10
31.172
20
-37.8651
10
30.7779
20
-38.1573
10
30.357
20
-38.4096
10
29.9134
20
-38.6194
10
29.4514
20
-38.7847
10
28.9755
20
-38.9039
10
28.4901
20
-38.9759
10
28
20
-39
10
27.5099
20
-38.9759
10
27.0245
20
-38.9039
10
26.5486
20
-38.7847
10
26.0866
20
-38.6194
10
25.643
20
-38.4096
10
25.2221
20
-38.1573
10
24.828
20
-37.8651
10
24.4645
20
-37.5355
10
24.1349
20
-37.172
10
23.8427
20
-36.7779
10
23.5904
20
-36.357
10
23.3806
20
-35.9134
10
23.2153
20
-35.4514
10
23.0961
20
-34.9755
10
23.0241
20
-34.4901
10
23
20
-34
10
23.0241
20
-33.5099
10
23.0961
20
-33.0245
10
23.2153
20
-32.5486
10
23.3806
20
-32.0866
10
23.5904
20
-31.643
10
23.8427
20
-31.2221
10
24.1349
20
-30.828
10
24.4645
20
-30.4645
0
LWPOLYLINE
8
01_deck_front_t4.0
100
AcDbEntity
100
AcDbPolyline
90
65
70
1
43
0.0
10
24.828
20
-12.1349
10
25.2221
20
-11.8427
10
25.643
20
-11.5904
10
26.0866
20
-11.3806
10
26.5486
20
-11.2153
10
27.0245
20
-11.0961
10
27.5099
20
-11.0241
10
28
20
-11
10
28.4901
20
-11.0241
10
28.9755
20
-11.0961
10
29.4514
20
-11.2153
10
29.9134
20
-11.3806
10
30.357
20
-11.5904
10
30.7779
20
-11.8427
10
31.172
20
-12.1349
10
31.5355
20
-12.4645
10
31.8651
20
-12.828
10
32.1573
20
-13.2221
10
32.4096
20
-13.643
10
32.6194
20
-14.0866
10
32.7847
20
-14.5486
10
32.9039
20
-15.0245
10
32.9759
20
-15.5099
10
33
20
-16
10
32.9759
20
-16.4901
10
32.9039
20
-16.9755
10
32.7847
20
-17.4514
10
32.6194
20
-17.9134
10
32.4096
20
-18.357
10
32.1573
20
-18.7779
10
31.8651
20
-19.172
10
31.5355
20
-19.5355
10
31.172
20
-19.8651
10
30.7779
20
-20.1573
10
30.357
20
-20.4096
10
29.9134
20
-20.6194
10
29.4514
20
-20.7847
10
28.9755
20
-20.9039
10
28.4901
20
-20.9759
10
28
20
-21
10
27.5099
20
-20.9759
10
27.0245
20
-20.9039
10
26.5486
20
-20.7847
10
26.0866
20
-20.6194
10
25.643
20
-20.4096
10
25.2221
20
-20.1573
10
24.828
20
-19.8651
10
24.4645
20
-19.5355
10
24.1349
20
-19.172
10
23.8427
20
-18.7779
10
23.5904
20
-18.357
10
23.3806
20
-17.9134
10
23.2153
20
-17.4514
10
23.0961
20
-16.9755
10
23.0241
20
-16.4901
10
23
20
-16
10
23.0241
20
-15.5099
10
23.0961
20
-15.0245
10
23.2153
20
-14.5486
10
23.3806
20
-14.0866
10
23.5904
20
-13.643
10
23.8427
20
-13.2221
10
24.1349
20
-12.828
10
24.4645
20
-12.4645
10
24.828
20
-12.1349
0
LWPOLYLINE
8
01_deck_front_t4.0
100
AcDbEntity
100
AcDbPolyline
90
65
70
1
43
0.0
10
25.2221
20
20.1573
10
25.643
20
20.4096
10
26.0866
20
20.6194
10
26.5486
20
20.7847
10
27.0245
20
20.9039
10
27.5099
20
20.9759
10
28
20
21
10
28.4901
20
20.9759
10
28.9755
20
20.9039
10
29.4514
20
20.7847
10
29.9134
20
20.6194
10
30.357
20
20.4096
10
30.7779
20
20.1573
10
31.172
20
19.8651
10
31.5355
20
19.5355
10
31.8651
20
19.172
10
32.1573
20
18.7779
10
32.4096
20
18.357
10
32.6194
20
17.9134
10
32.7847
20
17.4514
10
32.9039
20
16.9755
10
32.9759
20
16.4901
10
33
20
16
10
32.9759
20
15.5099
10
32.9039
20
15.0245
10
32.7847
20
14.5486
10
32.6194
20
14.0866
10
32.4096
20
13.643
10
32.1573
20
13.2221
10
31.8651
20
12.828
10
31.5355
20
12.4645
10
31.172
20
12.1349
10
30.7779
20
11.8427
10
30.357
20
11.5904
10
29.9134
20
11.3806
10
29.4514
20
11.2153
10
28.9755
20
11.0961
10
28.4901
20
11.0241
10
28
20
11
10
27.5099
20
11.0241
10
27.0245
20
11.0961
10
26.5486
20
11.2153
10
26.0866
20
11.3806
10
25.643
20
11.5904
10
25.2221
20
11.8427
10
24.828
20
12.1349
10
24.4645
20
12.4645
10
24.1349
20
12.828
10
23.8427
20
13.2221
10
23.5904
20
13.643
10
23.3806
20
14.0866
10
23.2153
20
14.5486
10
23.0961
20
15.0245
10
23.0241
20
15.5099
10
23
20
16
10
23.0241
20
16.4901
10
23.0961
20
16.9755
10
23.2153
20
17.4514
10
23.3806
20
17.9134
10
23.5904
20
18.357
10
23.8427
20
18.7779
10
24.1349
20
19.172
10
24.4645
20
19.5355
10
24.828
20
19.8651
10
25.2221
20
20.1573
0
LWPOLYLINE
8
01_deck_front_t4.0
100
AcDbEntity
100
AcDbPolyline
90
65
70
1
43
0.0
10
25.643
20
38.4096
10
26.0866
20
38.6194
10
26.5486
20
38.7847
10
27.0245
20
38.9039
10
27.5099
20
38.9759
10
28
20
39
10
28.4901
20
38.9759
10
28.9755
20
38.9039
10
29.4514
20
38.7847
10
29.9134
20
38.6194
10
30.357
20
38.4096
10
30.7779
20
38.1573
10
31.172
20
37.8651
10
31.5355
20
37.5355
10
31.8651
20
37.172
10
32.1573
20
36.7779
10
32.4096
20
36.357
10
32.6194
20
35.9134
10
32.7847
20
35.4514
10
32.9039
20
34.9755
10
32.9759
20
34.4901
10
33
20
34
10
32.9759
20
33.5099
10
32.9039
20
33.0245
10
32.7847
20
32.5486
10
32.6194
20
32.0866
10
32.4096
20
31.643
10
32.1573
20
31.2221
10
31.8651
20
30.828
10
31.5355
20
30.4645
10
31.172
20
30.1349
10
30.7779
20
29.8427
10
30.357
20
29.5904
10
29.9134
20
29.3806
10
29.4514
20
29.2153
10
28.9755
20
29.0961
10
28.4901
20
29.0241
10
28
20
29
10
27.5099
20
29.0241
10
27.0245
20
29.0961
10
26.5486
20
29.2153
10
26.0866
20
29.3806
10
25.643
20
29.5904
10
25.2221
20
29.8427
10
24.828
20
30.1349
10
24.4645
20
30.4645
10
24.1349
20
30.828
10
23.8427
20
31.2221
10
23.5904
20
31.643
10
23.3806
20
32.0866
10
23.2153
20
32.5486
10
23.0961
20
33.0245
10
23.0241
20
33.5099
10
23
20
34
10
23.0241
20
34.4901
10
23.0961
20
34.9755
10
23.2153
20
35.4514
10
23.3806
20
35.9134
10
23.5904
20
36.357
10
23.8427
20
36.7779
10
24.1349
20
37.172
10
24.4645
20
37.5355
10
24.828
20
37.8651
10
25.2221
20
38.1573
10
25.643
20
38.4096
0
LWPOLYLINE
8
01_deck_front_t4.0
100
AcDbEntity
100
AcDbPolyline
90
65
70
1
43
0.0
10
26.0866
20
56.6194
10
26.5486
20
56.7847
10
27.0245
20
56.9039
10
27.5099
20
56.9759
10
28
20
57
10
28.4901
20
56.9759
10
28.9755
20
56.9039
10
29.4514
20
56.7847
10
29.9134
20
56.6194
10
30.357
20
56.4096
10
30.7779
20
56.1573
10
31.172
20
55.8651
10
31.5355
20
55.5355
10
31.8651
20
55.172
10
32.1573
20
54.7779
10
32.4096
20
54.357
10
32.6194
20
53.9134
10
32.7847
20
53.4514
10
32.9039
20
52.9755
10
32.9759
20
52.4901
10
33
20
52
10
32.9759
20
51.5099
10
32.9039
20
51.0245
10
32.7847
20
50.5486
10
32.6194
20
50.0866
10
32.4096
20
49.643
10
32.1573
20
49.2221
10
31.8651
20
48.828
10
31.5355
20
48.4645
10
31.172
20
48.1349
10
30.7779
20
47.8427
10
30.357
20
47.5904
10
29.9134
20
47.3806
10
29.4514
20
47.2153
10
28.9755
20
47.0961
10
28.4901
20
47.0241
10
28
20
47
10
27.5099
20
47.0241
10
27.0245
20
47.0961
10
26.5486
20
47.2153
10
26.0866
20
47.3806
10
25.643
20
47.5904
10
25.2221
20
47.8427
10
24.828
20
48.1349
10
24.4645
20
48.4645
10
24.1349
20
48.828
10
23.8427
20
49.2221
10
23.5904
20
49.643
10
23.3806
20
50.0866
10
23.2153
20
50.5486
10
23.0961
20
51.0245
10
23.0241
20
51.5099
10
23
20
52
10
23.0241
20
52.4901
10
23.0961
20
52.9755
10
23.2153
20
53.4514
10
23.3806
20
53.9134
10
23.5904
20
54.357
10
23.8427
20
54.7779
10
24.1349
20
55.172
10
24.4645
20
55.5355
10
24.828
20
55.8651
10
25.2221
20
56.1573
10
25.643
20
56.4096
10
26.0866
20
56.6194
0
LWPOLYLINE
8
01_deck_front_t4.0
100
AcDbEntity
100
AcDbPolyline
90
65
70
1
43
0.0
10
50.5486
20
-47.2153
10
51.0245
20
-47.0961
10
51.5099
20
-47.0241
10
52
20
-47
10
52.4901
20
-47.0241
10
52.9755
20
-47.0961
10
53.4514
20
-47.2153
10
53.9134
20
-47.3806
10
54.357
20
-47.5904
10
54.7779
20
-47.8427
10
55.172
20
-48.1349
10
55.5355
20
-48.4645
10
55.8651
20
-48.828
10
56.1573
20
-49.2221
10
56.4096
20
-49.643
10
56.6194
20
-50.0866
10
56.7847
20
-50.5486
10
56.9039
20
-51.0245
10
56.9759
20
-51.5099
10
57
20
-52
10
56.9759
20
-52.4901
10
56.9039
20
-52.9755
10
56.7847
20
-53.4514
10
56.6194
20
-53.9134
10
56.4096
20
-54.357
10
56.1573
20
-54.7779
10
55.8651
20
-55.172
10
55.5355
20
-55.5355
10
55.172
20
-55.8651
10
54.7779
20
-56.1573
10
54.357
20
-56.4096
10
53.9134
20
-56.6194
10
53.4514
20
-56.7847
10
52.9755
20
-56.9039
10
52.4901
20
-56.9759
10
52
20
-57
10
51.5099
20
-56.9759
10
51.0245
20
-56.9039
10
50.5486
20
-56.7847
10
50.0866
20
-56.6194
10
49.643
20
-56.4096
10
49.2221
20
-56.1573
10
48.828
20
-55.8651
10
48.4645
20
-55.5355
10
48.1349
20
-55.172
10
47.8427
20
-54.7779
10
47.5904
20
-54.357
10
47.3806
20
-53.9134
10
47.2153
20
-53.4514
10
47.0961
20
-52.9755
10
47.0241
20
-52.4901
10
47
20
-52
10
47.0241
20
-51.5099
10
47.0961
20
-51.0245
10
47.2153
20
-50.5486
10
47.3806
20
-50.0866
10
47.5904
20
-49.643
10
47.8427
20
-49.2221
10
48.1349
20
-48.828
10
48.4645
20
-48.4645
10
48.828
20
-48.1349
10
49.2221
20
-47.8427
10
49.643
20
-47.5904
10
50.0866
20
-47.3806
10
50.5486
20
-47.2153
0
LWPOLYLINE
8
01_deck_front_t4.0
100
AcDbEntity
100
AcDbPolyline
90
65
70
1
43
0.0
10
52.9755
20
56.9039
10
53.4514
20
56.7847
10
53.9134
20
56.6194
10
54.357
20
56.4096
10
54.7779
20
56.1573
10
55.172
20
55.8651
10
55.5355
20
55.5355
10
55.8651
20
55.172
10
56.1573
20
54.7779
10
56.4096
20
54.357
10
56.6194
20
53.9134
10
56.7847
20
53.4514
10
56.9039
20
52.9755
10
56.9759
20
52.4901
10
57
20
52
10
56.9759
20
51.5099
10
56.9039
20
51.0245
10
56.7847
20
50.5486
10
56.6194
20
50.0866
10
56.4096
20
49.643
10
56.1573
20
49.2221
10
55.8651
20
48.828
10
55.5355
20
48.4645
10
55.172
20
48.1349
10
54.7779
20
47.8427
10
54.357
20
47.5904
10
53.9134
20
47.3806
10
53.4514
20
47.2153
10
52.9755
20
47.0961
10
52.4901
20
47.0241
10
52
20
47
10
51.5099
20
47.0241
10
51.0245
20
47.0961
10
50.5486
20
47.2153
10
50.0866
20
47.3806
10
49.643
20
47.5904
10
49.2221
20
47.8427
10
48.828
20
48.1349
10
48.4645
20
48.4645
10
48.1349
20
48.828
10
47.8427
20
49.2221
10
47.5904
20
49.643
10
47.3806
20
50.0866
10
47.2153
20
50.5486
10
47.0961
20
51.0245
10
47.0241
20
51.5099
10
47
20
52
10
47.0241
20
52.4901
10
47.0961
20
52.9755
10
47.2153
20
53.4514
10
47.3806
20
53.9134
10
47.5904
20
54.357
10
47.8427
20
54.7779
10
48.1349
20
55.172
10
48.4645
20
55.5355
10
48.828
20
55.8651
10
49.2221
20
56.1573
10
49.643
20
56.4096
10
50.0866
20
56.6194
10
50.5486
20
56.7847
10
51.0245
20
56.9039
10
51.5099
20
56.9759
10
52
20
57
10
52.4901
20
56.9759
10
52.9755
20
56.9039
0
LWPOLYLINE
8
01_deck_front_t4.0
100
AcDbEntity
100
AcDbPolyline
90
65
70
1
43
0.0
10
77.4514
20
-47.2153
10
77.9134
20
-47.3806
10
78.357
20
-47.5904
10
78.7779
20
-47.8427
10
79.172
20
-48.1349
10
79.5355
20
-48.4645
10
79.8651
20
-48.828
10
80.1573
20
-49.2221
10
80.4096
20
-49.643
10
80.6194
20
-50.0866
10
80.7847
20
-50.5486
10
80.9039
20
-51.0245
10
80.9759
20
-51.5099
10
81
20
-52
10
80.9759
20
-52.4901
10
80.9039
20
-52.9755
10
80.7847
20
-53.4514
10
80.6194
20
-53.9134
10
80.4096
20
-54.357
10
80.1573
20
-54.7779
10
79.8651
20
-55.172
10
79.5355
20
-55.5355
10
79.172
20
-55.8651
10
78.7779
20
-56.1573
10
78.357
20
-56.4096
10
77.9134
20
-56.6194
10
77.4514
20
-56.7847
10
76.9755
20
-56.9039
10
76.4901
20
-56.9759
10
76
20
-57
10
75.5099
20
-56.9759
10
75.0245
20
-56.9039
10
74.5486
20
-56.7847
10
74.0866
20
-56.6194
10
73.643
20
-56.4096
10
73.2221
20
-56.1573
10
72.828
20
-55.8651
10
72.4645
20
-55.5355
10
72.1349
20
-55.172
10
71.8427
20
-54.7779
10
71.5904
20
-54.357
10
71.3806
20
-53.9134
10
71.2153
20
-53.4514
10
71.0961
20
-52.9755
10
71.0241
20
-52.4901
10
71
20
-52
10
71.0241
20
-51.5099
10
71.0961
20
-51.0245
10
71.2153
20
-50.5486
10
71.3806
20
-50.0866
10
71.5904
20
-49.643
10
71.8427
20
-49.2221
10
72.1349
20
-48.828
10
72.4645
20
-48.4645
10
72.828
20
-48.1349
10
73.2221
20
-47.8427
10
73.643
20
-47.5904
10
74.0866
20
-47.3806
10
74.5486
20
-47.2153
10
75.0245
20
-47.0961
10
75.5099
20
-47.0241
10
76
20
-47
10
76.4901
20
-47.0241
10
76.9755
20
-47.0961
10
77.4514
20
-47.2153
0
LWPOLYLINE
8
01_deck_front_t4.0
100
AcDbEntity
100
AcDbPolyline
90
65
70
1
43
0.0
10
77.9134
20
-29.3806
10
78.357
20
-29.5904
10
78.7779
20
-29.8427
10
79.172
20
-30.1349
10
79.5355
20
-30.4645
10
79.8651
20
-30.828
10
80.1573
20
-31.2221
10
80.4096
20
-31.643
10
80.6194
20
-32.0866
10
80.7847
20
-32.5486
10
80.9039
20
-33.0245
10
80.9759
20
-33.5099
10
81
20
-34
10
80.9759
20
-34.4901
10
80.9039
20
-34.9755
10
80.7847
20
-35.4514
10
80.6194
20
-35.9134
10
80.4096
20
-36.357
10
80.1573
20
-36.7779
10
79.8651
20
-37.172
10
79.5355
20
-37.5355
10
79.172
20
-37.8651
10
78.7779
20
-38.1573
10
78.357
20
-38.4096
10
77.9134
20
-38.6194
10
77.4514
20
-38.7847
10
76.9755
20
-38.9039
10
76.4901
20
-38.9759
10
76
20
-39
10
75.5099
20
-38.9759
10
75.0245
20
-38.9039
10
74.5486
20
-38.7847
10
74.0866
20
-38.6194
10
73.643
20
-38.4096
10
73.2221
20
-38.1573
10
72.828
20
-37.8651
10
72.4645
20
-37.5355
10
72.1349
20
-37.172
10
71.8427
20
-36.7779
10
71.5904
20
-36.357
10
71.3806
20
-35.9134
10
71.2153
20
-35.4514
10
71.0961
20
-34.9755
10
71.0241
20
-34.4901
10
71
20
-34
10
71.0241
20
-33.5099
10
71.0961
20
-33.0245
10
71.2153
20
-32.5486
10
71.3806
20
-32.0866
10
71.5904
20
-31.643
10
71.8427
20
-31.2221
10
72.1349
20
-30.828
10
72.4645
20
-30.4645
10
72.828
20
-30.1349
10
73.2221
20
-29.8427
10
73.643
20
-29.5904
10
74.0866
20
-29.3806
10
74.5486
20
-29.2153
10
75.0245
20
-29.0961
10
75.5099
20
-29.0241
10
76
20
-29
10
76.4901
20
-29.0241
10
76.9755
20
-29.0961
10
77.4514
20
-29.2153
10
77.9134
20
-29.3806
0
LWPOLYLINE
8
01_deck_front_t4.0
100
AcDbEntity
100
AcDbPolyline
90
65
70
1
43
0.0
10
79.172
20
37.8651
10
79.5355
20
37.5355
10
79.8651
20
37.172
10
80.1573
20
36.7779
10
80.4096
20
36.357
10
80.6194
20
35.9134
10
80.7847
20
35.4514
10
80.9039
20
34.9755
10
80.9759
20
34.4901
10
81
20
34
10
80.9759
20
33.5099
10
80.9039
20
33.0245
10
80.7847
20
32.5486
10
80.6194
20
32.0866
10
80.4096
20
31.643
10
80.1573
20
31.2221
10
79.8651
20
30.828
10
79.5355
20
30.4645
10
79.172
20
30.1349
10
78.7779
20
29.8427
10
78.357
20
29.5904
10
77.9134
20
29.3806
10
77.4514
20
29.2153
10
76.9755
20
29.0961
10
76.4901
20
29.0241
10
76
20
29
10
75.5099
20
29.0241
10
75.0245
20
29.0961
10
74.5486
20
29.2153
10
74.0866
20
29.3806
10
73.643
20
29.5904
10
73.2221
20
29.8427
10
72.828
20
30.1349
10
72.4645
20
30.4645
10
72.1349
20
30.828
10
71.8427
20
31.2221
10
71.5904
20
31.643
10
71.3806
20
32.0866
10
71.2153
20
32.5486
10
71.0961
20
33.0245
10
71.0241
20
33.5099
10
71
20
34
10
71.0241
20
34.4901
10
71.0961
20
34.9755
10
71.2153
20
35.4514
10
71.3806
20
35.9134
10
71.5904
20
36.357
10
71.8427
20
36.7779
10
72.1349
20
37.172
10
72.4645
20
37.5355
10
72.828
20
37.8651
10
73.2221
20
38.1573
10
73.643
20
38.4096
10
74.0866
20
38.6194
10
74.5486
20
38.7847
10
75.0245
20
38.9039
10
75.5099
20
38.9759
10
76
20
39
10
76.4901
20
38.9759
10
76.9755
20
38.9039
10
77.4514
20
38.7847
10
77.9134
20
38.6194
10
78.357
20
38.4096
10
78.7779
20
38.1573
10
79.172
20
37.8651
0
LWPOLYLINE
8
01_deck_front_t4.0
100
AcDbEntity
100
AcDbPolyline
90
65
70
1
43
0.0
10
79.5355
20
55.5355
10
79.8651
20
55.172
10
80.1573
20
54.7779
10
80.4096
20
54.357
10
80.6194
20
53.9134
10
80.7847
20
53.4514
10
80.9039
20
52.9755
10
80.9759
20
52.4901
10
81
20
52
10
80.9759
20
51.5099
10
80.9039
20
51.0245
10
80.7847
20
50.5486
10
80.6194
20
50.0866
10
80.4096
20
49.643
10
80.1573
20
49.2221
10
79.8651
20
48.828
10
79.5355
20
48.4645
10
79.172
20
48.1349
10
78.7779
20
47.8427
10
78.357
20
47.5904
10
77.9134
20
47.3806
10
77.4514
20
47.2153
10
76.9755
20
47.0961
10
76.4901
20
47.0241
10
76
20
47
10
75.5099
20
47.0241
10
75.0245
20
47.0961
10
74.5486
20
47.2153
10
74.0866
20
47.3806
10
73.643
20
47.5904
10
73.2221
20
47.8427
10
72.828
20
48.1349
10
72.4645
20
48.4645
10
72.1349
20
48.828
10
71.8427
20
49.2221
10
71.5904
20
49.643
10
71.3806
20
50.0866
10
71.2153
20
50.5486
10
71.0961
20
51.0245
10
71.0241
20
51.5099
10
71
20
52
10
71.0241
20
52.4901
10
71.0961
20
52.9755
10
71.2153
20
53.4514
10
71.3806
20
53.9134
10
71.5904
20
54.357
10
71.8427
20
54.7779
10
72.1349
20
55.172
10
72.4645
20
55.5355
10
72.828
20
55.8651
10
73.2221
20
56.1573
10
73.643
20
56.4096
10
74.0866
20
56.6194
10
74.5486
20
56.7847
10
75.0245
20
56.9039
10
75.5099
20
56.9759
10
76
20
57
10
76.4901
20
56.9759
10
76.9755
20
56.9039
10
77.4514
20
56.7847
10
77.9134
20
56.6194
10
78.357
20
56.4096
10
78.7779
20
56.1573
10
79.172
20
55.8651
10
79.5355
20
55.5355
0
LWPOLYLINE
8
01_deck_front_t4.0
100
AcDbEntity
100
AcDbPolyline
90
65
70
1
43
0.0
10
103.8651
20
-48.828
10
104.1573
20
-49.2221
10
104.4096
20
-49.643
10
104.6194
20
-50.0866
10
104.7847
20
-50.5486
10
104.9039
20
-51.0245
10
104.9759
20
-51.5099
10
105
20
-52
10
104.9759
20
-52.4901
10
104.9039
20
-52.9755
10
104.7847
20
-53.4514
10
104.6194
20
-53.9134
10
104.4096
20
-54.357
10
104.1573
20
-54.7779
10
103.8651
20
-55.172
10
103.5355
20
-55.5355
10
103.172
20
-55.8651
10
102.7779
20
-56.1573
10
102.357
20
-56.4096
10
101.9134
20
-56.6194
10
101.4514
20
-56.7847
10
100.9755
20
-56.9039
10
100.4901
20
-56.9759
10
100
20
-57
10
99.5099
20
-56.9759
10
99.0245
20
-56.9039
10
98.5486
20
-56.7847
10
98.0866
20
-56.6194
10
97.643
20
-56.4096
10
97.2221
20
-56.1573
10
96.828
20
-55.8651
10
96.4645
20
-55.5355
10
96.1349
20
-55.172
10
95.8427
20
-54.7779
10
95.5904
20
-54.357
10
95.3806
20
-53.9134
10
95.2153
20
-53.4514
10
95.0961
20
-52.9755
10
95.0241
20
-52.4901
10
95
20
-52
10
95.0241
20
-51.5099
10
95.0961
20
-51.0245
10
95.2153
20
-50.5486
10
95.3806
20
-50.0866
10
95.5904
20
-49.643
10
95.8427
20
-49.2221
10
96.1349
20
-48.828
10
96.4645
20
-48.4645
10
96.828
20
-48.1349
10
97.2221
20
-47.8427
10
97.643
20
-47.5904
10
98.0866
20
-47.3806
10
98.5486
20
-47.2153
10
99.0245
20
-47.0961
10
99.5099
20
-47.0241
10
100
20
-47
10
100.4901
20
-47.0241
10
100.9755
20
-47.0961
10
101.4514
20
-47.2153
10
101.9134
20
-47.3806
10
102.357
20
-47.5904
10
102.7779
20
-47.8427
10
103.172
20
-48.1349
10
103.5355
20
-48.4645
10
103.8651
20
-48.828
0
LWPOLYLINE
8
01_deck_front_t4.0
100
AcDbEntity
100
AcDbPolyline
90
65
70
1
43
0.0
10
104.1573
20
-31.2221
10
104.4096
20
-31.643
10
104.6194
20
-32.0866
10
104.7847
20
-32.5486
10
104.9039
20
-33.0245
10
104.9759
20
-33.5099
10
105
20
-34
10
104.9759
20
-34.4901
10
104.9039
20
-34.9755
10
104.7847
20
-35.4514
10
104.6194
20
-35.9134
10
104.4096
20
-36.357
10
104.1573
20
-36.7779
10
103.8651
20
-37.172
10
103.5355
20
-37.5355
10
103.172
20
-37.8651
10
102.7779
20
-38.1573
10
102.357
20
-38.4096
10
101.9134
20
-38.6194
10
101.4514
20
-38.7847
10
100.9755
20
-38.9039
10
100.4901
20
-38.9759
10
100
20
-39
10
99.5099
20
-38.9759
10
99.0245
20
-38.9039
10
98.5486
20
-38.7847
10
98.0866
20
-38.6194
10
97.643
20
-38.4096
10
97.2221
20
-38.1573
10
96.828
20
-37.8651
10
96.4645
20
-37.5355
10
96.1349
20
-37.172
10
95.8427
20
-36.7779
10
95.5904
20
-36.357
10
95.3806
20
-35.9134
10
95.2153
20
-35.4514
10
95.0961
20
-34.9755
10
95.0241
20
-34.4901
10
95
20
-34
10
95.0241
20
-33.5099
10
95.0961
20
-33.0245
10
95.2153
20
-32.5486
10
95.3806
20
-32.0866
10
95.5904
20
-31.643
10
95.8427
20
-31.2221
10
96.1349
20
-30.828
10
96.4645
20
-30.4645
10
96.828
20
-30.1349
10
97.2221
20
-29.8427
10
97.643
20
-29.5904
10
98.0866
20
-29.3806
10
98.5486
20
-29.2153
10
99.0245
20
-29.0961
10
99.5099
20
-29.0241
10
100
20
-29
10
100.4901
20
-29.0241
10
100.9755
20
-29.0961
10
101.4514
20
-29.2153
10
101.9134
20
-29.3806
10
102.357
20
-29.5904
10
102.7779
20
-29.8427
10
103.172
20
-30.1349
10
103.5355
20
-30.4645
10
103.8651
20
-30.828
10
104.1573
20
-31.2221
0
LWPOLYLINE
8
01_deck_front_t4.0
100
AcDbEntity
100
AcDbPolyline
90
65
70
1
43
0.0
10
104.4096
20
-13.643
10
104.6194
20
-14.0866
10
104.7847
20
-14.5486
10
104.9039
20
-15.0245
10
104.9759
20
-15.5099
10
105
20
-16
10
104.9759
20
-16.4901
10
104.9039
20
-16.9755
10
104.7847
20
-17.4514
10
104.6194
20
-17.9134
10
104.4096
20
-18.357
10
104.1573
20
-18.7779
10
103.8651
20
-19.172
10
103.5355
20
-19.5355
10
103.172
20
-19.8651
10
102.7779
20
-20.1573
10
102.357
20
-20.4096
10
101.9134
20
-20.6194
10
101.4514
20
-20.7847
10
100.9755
20
-20.9039
10
100.4901
20
-20.9759
10
100
20
-21
10
99.5099
20
-20.9759
10
99.0245
20
-20.9039
10
98.5486
20
-20.7847
10
98.0866
20
-20.6194
10
97.643
20
-20.4096
10
97.2221
20
-20.1573
10
96.828
20
-19.8651
10
96.4645
20
-19.5355
10
96.1349
20
-19.172
10
95.8427
20
-18.7779
10
95.5904
20
-18.357
10
95.3806
20
-17.9134
10
95.2153
20
-17.4514
10
95.0961
20
-16.9755
10
95.0241
20
-16.4901
10
95
20
-16
10
95.0241
20
-15.5099
10
95.0961
20
-15.0245
10
95.2153
20
-14.5486
10
95.3806
20
-14.0866
10
95.5904
20
-13.643
10
95.8427
20
-13.2221
10
96.1349
20
-12.828
10
96.4645
20
-12.4645
10
96.828
20
-12.1349
10
97.2221
20
-11.8427
10
97.643
20
-11.5904
10
98.0866
20
-11.3806
10
98.5486
20
-11.2153
10
99.0245
20
-11.0961
10
99.5099
20
-11.0241
10
100
20
-11
10
100.4901
20
-11.0241
10
100.9755
20
-11.0961
10
101.4514
20
-11.2153
10
101.9134
20
-11.3806
10
102.357
20
-11.5904
10
102.7779
20
-11.8427
10
103.172
20
-12.1349
10
103.5355
20
-12.4645
10
103.8651
20
-12.828
10
104.1573
20
-13.2221
10
104.4096
20
-13.643
0
LWPOLYLINE
8
01_deck_front_t4.0
100
AcDbEntity
100
AcDbPolyline
90
65
70
1
43
0.0
10
104.6194
20
17.9134
10
104.7847
20
17.4514
10
104.9039
20
16.9755
10
104.9759
20
16.4901
10
105
20
16
10
104.9759
20
15.5099
10
104.9039
20
15.0245
10
104.7847
20
14.5486
10
104.6194
20
14.0866
10
104.4096
20
13.643
10
104.1573
20
13.2221
10
103.8651
20
12.828
10
103.5355
20
12.4645
10
103.172
20
12.1349
10
102.7779
20
11.8427
10
102.357
20
11.5904
10
101.9134
20
11.3806
10
101.4514
20
11.2153
10
100.9755
20
11.0961
10
100.4901
20
11.0241
10
100
20
11
10
99.5099
20
11.0241
10
99.0245
20
11.0961
10
98.5486
20
11.2153
10
98.0866
20
11.3806
10
97.643
20
11.5904
10
97.2221
20
11.8427
10
96.828
20
12.1349
10
96.4645
20
12.4645
10
96.1349
20
12.828
10
95.8427
20
13.2221
10
95.5904
20
13.643
10
95.3806
20
14.0866
10
95.2153
20
14.5486
10
95.0961
20
15.0245
10
95.0241
20
15.5099
10
95
20
16
10
95.0241
20
16.4901
10
95.0961
20
16.9755
10
95.2153
20
17.4514
10
95.3806
20
17.9134
10
95.5904
20
18.357
10
95.8427
20
18.7779
10
96.1349
20
19.172
10
96.4645
20
19.5355
10
96.828
20
19.8651
10
97.2221
20
20.1573
10
97.643
20
20.4096
10
98.0866
20
20.6194
10
98.5486
20
20.7847
10
99.0245
20
20.9039
10
99.5099
20
20.9759
10
100
20
21
10
100.4901
20
20.9759
10
100.9755
20
20.9039
10
101.4514
20
20.7847
10
101.9134
20
20.6194
10
102.357
20
20.4096
10
102.7779
20
20.1573
10
103.172
20
19.8651
10
103.5355
20
19.5355
10
103.8651
20
19.172
10
104.1573
20
18.7779
10
104.4096
20
18.357
10
104.6194
20
17.9134
0
LWPOLYLINE
8
01_deck_front_t4.0
100
AcDbEntity
100
AcDbPolyline
90
65
70
1
43
0.0
10
104.7847
20
35.4514
10
104.9039
20
34.9755
10
104.9759
20
34.4901
10
105
20
34
10
104.9759
20
33.5099
10
104.9039
20
33.0245
10
104.7847
20
32.5486
10
104.6194
20
32.0866
10
104.4096
20
31.643
10
104.1573
20
31.2221
10
103.8651
20
30.828
10
103.5355
20
30.4645
10
103.172
20
30.1349
10
102.7779
20
29.8427
10
102.357
20
29.5904
10
101.9134
20
29.3806
10
101.4514
20
29.2153
10
100.9755
20
29.0961
10
100.4901
20
29.0241
10
100
20
29
10
99.5099
20
29.0241
10
99.0245
20
29.0961
10
98.5486
20
29.2153
10
98.0866
20
29.3806
10
97.643
20
29.5904
10
97.2221
20
29.8427
10
96.828
20
30.1349
10
96.4645
20
30.4645
10
96.1349
20
30.828
10
95.8427
20
31.2221
10
95.5904
20
31.643
10
95.3806
20
32.0866
10
95.2153
20
32.5486
10
95.0961
20
33.0245
10
95.0241
20
33.5099
10
95
20
34
10
95.0241
20
34.4901
10
95.0961
20
34.9755
10
95.2153
20
35.4514
10
95.3806
20
35.9134
10
95.5904
20
36.357
10
95.8427
20
36.7779
10
96.1349
20
37.172
10
96.4645
20
37.5355
10
96.828
20
37.8651
10
97.2221
20
38.1573
10
97.643
20
38.4096
10
98.0866
20
38.6194
10
98.5486
20
38.7847
10
99.0245
20
38.9039
10
99.5099
20
38.9759
10
100
20
39
10
100.4901
20
38.9759
10
100.9755
20
38.9039
10
101.4514
20
38.7847
10
101.9134
20
38.6194
10
102.357
20
38.4096
10
102.7779
20
38.1573
10
103.172
20
37.8651
10
103.5355
20
37.5355
10
103.8651
20
37.172
10
104.1573
20
36.7779
10
104.4096
20
36.357
10
104.6194
20
35.9134
10
104.7847
20
35.4514
0
LWPOLYLINE
8
01_deck_front_t4.0
100
AcDbEntity
100
AcDbPolyline
90
65
70
1
43
0.0
10
104.9039
20
52.9755
10
104.9759
20
52.4901
10
105
20
52
10
104.9759
20
51.5099
10
104.9039
20
51.0245
10
104.7847
20
50.5486
10
104.6194
20
50.0866
10
104.4096
20
49.643
10
104.1573
20
49.2221
10
103.8651
20
48.828
10
103.5355
20
48.4645
10
103.172
20
48.1349
10
102.7779
20
47.8427
10
102.357
20
47.5904
10
101.9134
20
47.3806
10
101.4514
20
47.2153
10
100.9755
20
47.0961
10
100.4901
20
47.0241
10
100
20
47
10
99.5099
20
47.0241
10
99.0245
20
47.0961
10
98.5486
20
47.2153
10
98.0866
20
47.3806
10
97.643
20
47.5904
10
97.2221
20
47.8427
10
96.828
20
48.1349
10
96.4645
20
48.4645
10
96.1349
20
48.828
10
95.8427
20
49.2221
10
95.5904
20
49.643
10
95.3806
20
50.0866
10
95.2153
20
50.5486
10
95.0961
20
51.0245
10
95.0241
20
51.5099
10
95
20
52
10
95.0241
20
52.4901
10
95.0961
20
52.9755
10
95.2153
20
53.4514
10
95.3806
20
53.9134
10
95.5904
20
54.357
10
95.8427
20
54.7779
10
96.1349
20
55.172
10
96.4645
20
55.5355
10
96.828
20
55.8651
10
97.2221
20
56.1573
10
97.643
20
56.4096
10
98.0866
20
56.6194
10
98.5486
20
56.7847
10
99.0245
20
56.9039
10
99.5099
20
56.9759
10
100
20
57
10
100.4901
20
56.9759
10
100.9755
20
56.9039
10
101.4514
20
56.7847
10
101.9134
20
56.6194
10
102.357
20
56.4096
10
102.7779
20
56.1573
10
103.172
20
55.8651
10
103.5355
20
55.5355
10
103.8651
20
55.172
10
104.1573
20
54.7779
10
104.4096
20
54.357
10
104.6194
20
53.9134
10
104.7847
20
53.4514
10
104.9039
20
52.9755
0
LWPOLYLINE
8
02_deck_rear_t4.0
100
AcDbEntity
100
AcDbPolyline
90
5
70
1
43
0.0
10
128
20
81
10
0
20
81
10
0
20
-81
10
128
20
-81
10
128
20
81
0
LWPOLYLINE
8
02_deck_rear_t4.0
100
AcDbEntity
100
AcDbPolyline
90
423
70
1
43
0.0
10
20
20
-58
10
20
20
58
10
16
20
58
10
16
20
47
10
15.8478
20
46.2346
10
15.4142
20
45.5858
10
14.7654
20
45.1522
10
14
20
45
10
13.2346
20
45.1522
10
12.5858
20
45.5858
10
12.1522
20
46.2346
10
12
20
47
10
12
20
58
10
4
20
58
10
3.2346
20
58.1522
10
2.5858
20
58.5858
10
2.1522
20
59.2346
10
2
20
60
10
2.1522
20
60.7654
10
2.5858
20
61.4142
10
3.2346
20
61.8478
10
4
20
62
10
12
20
62
10
12
20
73
10
12.1522
20
73.7654
10
12.5858
20
74.4142
10
13.2346
20
74.8478
10
14
20
75
10
14.7654
20
74.8478
10
15.4142
20
74.4142
10
15.8478
20
73.7654
10
16
20
73
10
16
20
62
10
20
20
62
10
20
20
68
10
20.0761
20
68.3827
10
20.2929
20
68.7071
10
20.6173
20
68.9239
10
21
20
69
10
23
20
69
10
23.3827
20
68.9239
10
23.7071
20
68.7071
10
23.9239
20
68.3827
10
24
20
68
10
24
20
62
10
24.7654
20
61.8478
10
25.4142
20
61.4142
10
25.8478
20
60.7654
10
26
20
60
10
25.8478
20
59.2346
10
25.4142
20
58.5858
10
24.7654
20
58.1522
10
24
20
58
10
24
20
54.99
10
24.1349
20
55.172
10
24.4645
20
55.5355
10
24.828
20
55.8651
10
25.2221
20
56.1573
10
25.643
20
56.4096
10
26.0866
20
56.6194
10
26.5486
20
56.7847
10
27.0245
20
56.9039
10
27.5099
20
56.9759
10
28
20
57
10
28.4901
20
56.9759
10
28.9755
20
56.9039
10
29.4514
20
56.7847
10
29.9134
20
56.6194
10
30.357
20
56.4096
10
30.7779
20
56.1573
10
31.172
20
55.8651
10
31.5355
20
55.5355
10
31.8651
20
55.172
10
32.1573
20
54.7779
10
32.4096
20
54.357
10
32.6194
20
53.9134
10
32.7847
20
53.4514
10
32.9039
20
52.9755
10
32.9759
20
52.4901
10
33
20
52
10
32.9759
20
51.5099
10
32.9039
20
51.0245
10
32.7847
20
50.5486
10
32.6194
20
50.0866
10
32.4096
20
49.643
10
32.1573
20
49.2221
10
31.8651
20
48.828
10
31.5355
20
48.4645
10
31.172
20
48.1349
10
30.7779
20
47.8427
10
30.357
20
47.5904
10
29.9134
20
47.3806
10
29.4514
20
47.2153
10
28.9755
20
47.0961
10
28.4901
20
47.0241
10
28
20
47
10
27.5099
20
47.0241
10
27.0245
20
47.0961
10
26.5486
20
47.2153
10
26.0866
20
47.3806
10
25.643
20
47.5904
10
25.2221
20
47.8427
10
24.828
20
48.1349
10
24.4645
20
48.4645
10
24.1349
20
48.828
10
24
20
49.01
10
24
20
36.99
10
24.1349
20
37.172
10
24.4645
20
37.5355
10
24.828
20
37.8651
10
25.2221
20
38.1573
10
25.643
20
38.4096
10
26.0866
20
38.6194
10
26.5486
20
38.7847
10
27.0245
20
38.9039
10
27.5099
20
38.9759
10
28
20
39
10
28.4901
20
38.9759
10
28.9755
20
38.9039
10
29.4514
20
38.7847
10
29.9134
20
38.6194
10
30.357
20
38.4096
10
30.7779
20
38.1573
10
31.172
20
37.8651
10
31.5355
20
37.5355
10
31.8651
20
37.172
10
32.1573
20
36.7779
10
32.4096
20
36.357
10
32.6194
20
35.9134
10
32.7847
20
35.4514
10
32.9039
20
34.9755
10
32.9759
20
34.4901
10
33
20
34
10
32.9759
20
33.5099
10
32.9039
20
33.0245
10
32.7847
20
32.5486
10
32.6194
20
32.0866
10
32.4096
20
31.643
10
32.1573
20
31.2221
10
31.8651
20
30.828
10
31.5355
20
30.4645
10
31.172
20
30.1349
10
30.7779
20
29.8427
10
30.357
20
29.5904
10
29.9134
20
29.3806
10
29.4514
20
29.2153
10
28.9755
20
29.0961
10
28.4901
20
29.0241
10
28
20
29
10
27.5099
20
29.0241
10
27.0245
20
29.0961
10
26.5486
20
29.2153
10
26.0866
20
29.3806
10
25.643
20
29.5904
10
25.2221
20
29.8427
10
24.828
20
30.1349
10
24.4645
20
30.4645
10
24.1349
20
30.828
10
24
20
31.01
10
24
20
18.99
10
24.1349
20
19.172
10
24.4645
20
19.5355
10
24.828
20
19.8651
10
25.2221
20
20.1573
10
25.643
20
20.4096
10
26.0866
20
20.6194
10
26.5486
20
20.7847
10
27.0245
20
20.9039
10
27.5099
20
20.9759
10
28
20
21
10
28.4901
20
20.9759
10
28.9755
20
20.9039
10
29.4514
20
20.7847
10
29.9134
20
20.6194
10
30.357
20
20.4096
10
30.7779
20
20.1573
10
31.172
20
19.8651
10
31.5355
20
19.5355
10
31.8651
20
19.172
10
32.1573
20
18.7779
10
32.4096
20
18.357
10
32.6194
20
17.9134
10
32.7847
20
17.4514
10
32.9039
20
16.9755
10
32.9759
20
16.4901
10
33
20
16
10
32.9759
20
15.5099
10
32.9039
20
15.0245
10
32.7847
20
14.5486
10
32.6194
20
14.0866
10
32.4096
20
13.643
10
32.1573
20
13.2221
10
31.8651
20
12.828
10
31.5355
20
12.4645
10
31.172
20
12.1349
10
30.7779
20
11.8427
10
30.357
20
11.5904
10
29.9134
20
11.3806
10
29.4514
20
11.2153
10
28.9755
20
11.0961
10
28.4901
20
11.0241
10
28
20
11
10
27.5099
20
11.0241
10
27.0245
20
11.0961
10
26.5486
20
11.2153
10
26.0866
20
11.3806
10
25.643
20
11.5904
10
25.2221
20
11.8427
10
24.828
20
12.1349
10
24.4645
20
12.4645
10
24.1349
20
12.828
10
24
20
13.01
10
24
20
-13.01
10
24.1349
20
-12.828
10
24.4645
20
-12.4645
10
24.828
20
-12.1349
10
25.2221
20
-11.8427
10
25.643
20
-11.5904
10
26.0866
20
-11.3806
10
26.5486
20
-11.2153
10
27.0245
20
-11.0961
10
27.5099
20
-11.0241
10
28
20
-11
10
28.4901
20
-11.0241
10
28.9755
20
-11.0961
10
29.4514
20
-11.2153
10
29.9134
20
-11.3806
10
30.357
20
-11.5904
10
30.7779
20
-11.8427
10
31.172
20
-12.1349
10
31.5355
20
-12.4645
10
31.8651
20
-12.828
10
32.1573
20
-13.2221
10
32.4096
20
-13.643
10
32.6194
20
-14.0866
10
32.7847
20
-14.5486
10
32.9039
20
-15.0245
10
32.9759
20
-15.5099
10
33
20
-16
10
32.9759
20
-16.4901
10
32.9039
20
-16.9755
10
32.7847
20
-17.4514
10
32.6194
20
-17.9134
10
32.4096
20
-18.357
10
32.1573
20
-18.7779
10
31.8651
20
-19.172
10
31.5355
20
-19.5355
10
31.172
20
-19.8651
10
30.7779
20
-20.1573
10
30.357
20
-20.4096
10
29.9134
20
-20.6194
10
29.4514
20
-20.7847
10
28.9755
20
-20.9039
10
28.4901
20
-20.9759
10
28
20
-21
10
27.5099
20
-20.9759
10
27.0245
20
-20.9039
10
26.5486
20
-20.7847
10
26.0866
20
-20.6194
10
25.643
20
-20.4096
10
25.2221
20
-20.1573
10
24.828
20
-19.8651
10
24.4645
20
-19.5355
10
24.1349
20
-19.172
10
24
20
-18.99
10
24
20
-31.01
10
24.1349
20
-30.828
10
24.4645
20
-30.4645
10
24.828
20
-30.1349
10
25.2221
20
-29.8427
10
25.643
20
-29.5904
10
26.0866
20
-29.3806
10
26.5486
20
-29.2153
10
27.0245
20
-29.0961
10
27.5099
20
-29.0241
10
28
20
-29
10
28.4901
20
-29.0241
10
28.9755
20
-29.0961
10
29.4514
20
-29.2153
10
29.9134
20
-29.3806
10
30.357
20
-29.5904
10
30.7779
20
-29.8427
10
31.172
20
-30.1349
10
31.5355
20
-30.4645
10
31.8651
20
-30.828
10
32.1573
20
-31.2221
10
32.4096
20
-31.643
10
32.6194
20
-32.0866
10
32.7847
20
-32.5486
10
32.9039
20
-33.0245
10
32.9759
20
-33.5099
10
33
20
-34
10
32.9759
20
-34.4901
10
32.9039
20
-34.9755
10
32.7847
20
-35.4514
10
32.6194
20
-35.9134
10
32.4096
20
-36.357
10
32.1573
20
-36.7779
10
31.8651
20
-37.172
10
31.5355
20
-37.5355
10
31.172
20
-37.8651
10
30.7779
20
-38.1573
10
30.357
20
-38.4096
10
29.9134
20
-38.6194
10
29.4514
20
-38.7847
10
28.9755
20
-38.9039
10
28.4901
20
-38.9759
10
28
20
-39
10
27.5099
20
-38.9759
10
27.0245
20
-38.9039
10
26.5486
20
-38.7847
10
26.0866
20
-38.6194
10
25.643
20
-38.4096
10
25.2221
20
-38.1573
10
24.828
20
-37.8651
10
24.4645
20
-37.5355
10
24.1349
20
-37.172
10
24
20
-36.99
10
24
20
-49.01
10
24.1349
20
-48.828
10
24.4645
20
-48.4645
10
24.828
20
-48.1349
10
25.2221
20
-47.8427
10
25.643
20
-47.5904
10
26.0866
20
-47.3806
10
26.5486
20
-47.2153
10
27.0245
20
-47.0961
10
27.5099
20
-47.0241
10
28
20
-47
10
28.4901
20
-47.0241
10
28.9755
20
-47.0961
10
29.4514
20
-47.2153
10
29.9134
20
-47.3806
10
30.357
20
-47.5904
10
30.7779
20
-47.8427
10
31.172
20
-48.1349
10
31.5355
20
-48.4645
10
31.8651
20
-48.828
10
32.1573
20
-49.2221
10
32.4096
20
-49.643
10
32.6194
20
-50.0866
10
32.7847
20
-50.5486
10
32.9039
20
-51.0245
10
32.9759
20
-51.5099
10
33
20
-52
10
32.9759
20
-52.4901
10
32.9039
20
-52.9755
10
32.7847
20
-53.4514
10
32.6194
20
-53.9134
10
32.4096
20
-54.357
10
32.1573
20
-54.7779
10
31.8651
20
-55.172
10
31.5355
20
-55.5355
10
31.172
20
-55.8651
10
30.7779
20
-56.1573
10
30.357
20
-56.4096
10
29.9134
20
-56.6194
10
29.4514
20
-56.7847
10
28.9755
20
-56.9039
10
28.4901
20
-56.9759
10
28
20
-57
10
27.5099
20
-56.9759
10
27.0245
20
-56.9039
10
26.5486
20
-56.7847
10
26.0866
20
-56.6194
10
25.643
20
-56.4096
10
25.2221
20
-56.1573
10
24.828
20
-55.8651
10
24.4645
20
-55.5355
10
24.1349
20
-55.172
10
24
20
-54.99
10
24
20
-58
10
24.7654
20
-58.1522
10
25.4142
20
-58.5858
10
25.8478
20
-59.2346
10
26
20
-60
10
25.8478
20
-60.7654
10
25.4142
20
-61.4142
10
24.7654
20
-61.8478
10
24
20
-62
10
24
20
-68
10
23.9239
20
-68.3827
10
23.7071
20
-68.7071
10
23.3827
20
-68.9239
10
23
20
-69
10
21
20
-69
10
20.6173
20
-68.9239
10
20.2929
20
-68.7071
10
20.0761
20
-68.3827
10
20
20
-68
10
20
20
-62
10
16
20
-62
10
16
20
-73
10
15.8478
20
-73.7654
10
15.4142
20
-74.4142
10
14.7654
20
-74.8478
10
14
20
-75
10
13.2346
20
-74.8478
10
12.5858
20
-74.4142
10
12.1522
20
-73.7654
10
12
20
-73
10
12
20
-62
10
4
20
-62
10
3.2346
20
-61.8478
10
2.5858
20
-61.4142
10
2.1522
20
-60.7654
10
2
20
-60
10
2.1522
20
-59.2346
10
2.5858
20
-58.5858
10
3.2346
20
-58.1522
10
4
20
-58
10
12
20
-58
10
12
20
-47
10
12.1522
20
-46.2346
10
12.5858
20
-45.5858
10
13.2346
20
-45.1522
10
14
20
-45
10
14.7654
20
-45.1522
10
15.4142
20
-45.5858
10
15.8478
20
-46.2346
10
16
20
-47
10
16
20
-58
10
20
20
-58
0
LWPOLYLINE
8
02_deck_rear_t4.0
100
AcDbEntity
100
AcDbPolyline
90
101
70
1
43
0.0
10
116
20
-47
10
116
20
47
10
115.8478
20
46.2346
10
115.4142
20
45.5858
10
114.7654
20
45.1522
10
114
20
45
10
113.2346
20
45.1522
10
112.5858
20
45.5858
10
112.1522
20
46.2346
10
112
20
47
10
112
20
58
10
104
20
58
10
103.2346
20
58.1522
10
102.5858
20
58.5858
10
102.1522
20
59.2346
10
102
20
60
10
102.1522
20
60.7654
10
102.5858
20
61.4142
10
103.2346
20
61.8478
10
104
20
62
10
112
20
62
10
112
20
73
10
112.1522
20
73.7654
10
112.5858
20
74.4142
10
113.2346
20
74.8478
10
114
20
75
10
114.7654
20
74.8478
10
115.4142
20
74.4142
10
115.8478
20
73.7654
10
116
20
73
10
116
20
68
10
116.0761
20
68.3827
10
116.2929
20
68.7071
10
116.6173
20
68.9239
10
117
20
69
10
119
20
69
10
119.3827
20
68.9239
10
119.7071
20
68.7071
10
119.9239
20
68.3827
10
120
20
68
10
120
20
62
10
124
20
62
10
124.7654
20
61.8478
10
125.4142
20
61.4142
10
125.8478
20
60.7654
10
126
20
60
10
125.8478
20
59.2346
10
125.4142
20
58.5858
10
124.7654
20
58.1522
10
124
20
58
10
120
20
58
10
120
20
-58
10
124
20
-58
10
124.7654
20
-58.1522
10
125.4142
20
-58.5858
10
125.8478
20
-59.2346
10
126
20
-60
10
125.8478
20
-60.7654
10
125.4142
20
-61.4142
10
124.7654
20
-61.8478
10
124
20
-62
10
120
20
-62
10
120
20
-68
10
119.9239
20
-68.3827
10
119.7071
20
-68.7071
10
119.3827
20
-68.9239
10
119
20
-69
10
117
20
-69
10
116.6173
20
-68.9239
10
116.2929
20
-68.7071
10
116.0761
20
-68.3827
10
116
20
-68
10
116
20
-73
10
115.8478
20
-73.7654
10
115.4142
20
-74.4142
10
114.7654
20
-74.8478
10
114
20
-75
10
113.2346
20
-74.8478
10
112.5858
20
-74.4142
10
112.1522
20
-73.7654
10
112
20
-73
10
112
20
-62
10
104
20
-62
10
103.2346
20
-61.8478
10
102.5858
20
-61.4142
10
102.1522
20
-60.7654
10
102
20
-60
10
102.1522
20
-59.2346
10
102.5858
20
-58.5858
10
103.2346
20
-58.1522
10
104
20
-58
10
112
20
-58
10
112
20
-47
10
112.1522
20
-46.2346
10
112.5858
20
-45.5858
10
113.2346
20
-45.1522
10
114
20
-45
10
114.7654
20
-45.1522
10
115.4142
20
-45.5858
10
115.8478
20
-46.2346
10
116
20
-47
0
LWPOLYLINE
8
02_deck_rear_t4.0
100
AcDbEntity
100
AcDbPolyline
90
117
70
1
43
0.0
10
48.4689
20
-40.4645
10
48.4307
20
-40.3121
10
48.4077
20
-40.1568
10
48.4
20
-40
10
48.4077
20
-39.8432
10
48.4307
20
-39.6879
10
48.4689
20
-39.5355
10
48.5218
20
-39.3877
10
48.5889
20
-39.2458
10
48.6696
20
-39.1111
10
48.7632
20
-38.985
10
48.8686
20
-38.8686
10
48.985
20
-38.7632
10
49.1111
20
-38.6696
10
49.2458
20
-38.5889
10
49.3877
20
-38.5218
10
49.5355
20
-38.4689
10
49.6878
20
-38.4308
10
49.643
20
-38.4096
10
49.2221
20
-38.1573
10
48.828
20
-37.8651
10
48.4645
20
-37.5355
10
48.1349
20
-37.172
10
47.8427
20
-36.7779
10
47.5904
20
-36.357
10
47.3806
20
-35.9134
10
47.2153
20
-35.4514
10
47.0961
20
-34.9755
10
47.0241
20
-34.4901
10
47
20
-34
10
47.0241
20
-33.5099
10
47.0961
20
-33.0245
10
47.2153
20
-32.5486
10
47.3806
20
-32.0866
10
47.5904
20
-31.643
10
47.8427
20
-31.2221
10
48.1349
20
-30.828
10
48.4645
20
-30.4645
10
48.828
20
-30.1349
10
49.2221
20
-29.8427
10
49.643
20
-29.5904
10
50.0866
20
-29.3806
10
50.5486
20
-29.2153
10
51.0245
20
-29.0961
10
51.5099
20
-29.0241
10
52
20
-29
10
52.4901
20
-29.0241
10
52.9755
20
-29.0961
10
53.4514
20
-29.2153
10
53.9134
20
-29.3806
10
54.357
20
-29.5904
10
54.7779
20
-29.8427
10
55.172
20
-30.1349
10
55.5355
20
-30.4645
10
55.8651
20
-30.828
10
56.1573
20
-31.2221
10
56.4096
20
-31.643
10
56.6194
20
-32.0866
10
56.7847
20
-32.5486
10
56.9039
20
-33.0245
10
56.9759
20
-33.5099
10
57
20
-34
10
56.9759
20
-34.4901
10
56.9039
20
-34.9755
10
56.7847
20
-35.4514
10
56.6194
20
-35.9134
10
56.4096
20
-36.357
10
56.1573
20
-36.7779
10
55.8651
20
-37.172
10
55.5355
20
-37.5355
10
55.172
20
-37.8651
10
54.7779
20
-38.1573
10
54.357
20
-38.4096
10
53.9134
20
-38.6194
10
53.4514
20
-38.7847
10
52.9755
20
-38.9039
10
52.4901
20
-38.9759
10
52
20
-39
10
51.5099
20
-38.9759
10
51.1849
20
-38.9277
10
51.2368
20
-38.985
10
51.3304
20
-39.1111
10
51.4111
20
-39.2458
10
51.4782
20
-39.3877
10
51.5311
20
-39.5355
10
51.5693
20
-39.6879
10
51.5923
20
-39.8432
10
51.6
20
-40
10
51.5923
20
-40.1568
10
51.5693
20
-40.3121
10
51.5311
20
-40.4645
10
51.4782
20
-40.6123
10
51.4111
20
-40.7542
10
51.3304
20
-40.8889
10
51.2368
20
-41.015
10
51.1314
20
-41.1314
10
51.015
20
-41.2368
10
50.8889
20
-41.3304
10
50.7542
20
-41.4111
10
50.6123
20
-41.4782
10
50.4645
20
-41.5311
10
50.3121
20
-41.5693
10
50.1568
20
-41.5923
10
50
20
-41.6
10
49.8432
20
-41.5923
10
49.6879
20
-41.5693
10
49.5355
20
-41.5311
10
49.3877
20
-41.4782
10
49.2458
20
-41.4111
10
49.1111
20
-41.3304
10
48.985
20
-41.2368
10
48.8686
20
-41.1314
10
48.7632
20
-41.015
10
48.6696
20
-40.8889
10
48.5889
20
-40.7542
10
48.5218
20
-40.6123
10
48.4689
20
-40.4645
0
LWPOLYLINE
8
02_deck_rear_t4.0
100
AcDbEntity
100
AcDbPolyline
90
117
70
1
43
0.0
10
48.5889
20
40.7542
10
48.6696
20
40.8889
10
48.7632
20
41.015
10
48.8686
20
41.1314
10
48.985
20
41.2368
10
49.1111
20
41.3304
10
49.2458
20
41.4111
10
49.3877
20
41.4782
10
49.5355
20
41.5311
10
49.6879
20
41.5693
10
49.8432
20
41.5923
10
50
20
41.6
10
50.1568
20
41.5923
10
50.3121
20
41.5693
10
50.4645
20
41.5311
10
50.6123
20
41.4782
10
50.7542
20
41.4111
10
50.8889
20
41.3304
10
51.015
20
41.2368
10
51.1314
20
41.1314
10
51.2368
20
41.015
10
51.3304
20
40.8889
10
51.4111
20
40.7542
10
51.4782
20
40.6123
10
51.5311
20
40.4645
10
51.5693
20
40.3121
10
51.5923
20
40.1568
10
51.6
20
40
10
51.5923
20
39.8432
10
51.5693
20
39.6879
10
51.5311
20
39.5355
10
51.4782
20
39.3877
10
51.4111
20
39.2458
10
51.3304
20
39.1111
10
51.2368
20
38.985
10
51.1849
20
38.9277
10
51.5099
20
38.9759
10
52
20
39
10
52.4901
20
38.9759
10
52.9755
20
38.9039
10
53.4514
20
38.7847
10
53.9134
20
38.6194
10
54.357
20
38.4096
10
54.7779
20
38.1573
10
55.172
20
37.8651
10
55.5355
20
37.5355
10
55.8651
20
37.172
10
56.1573
20
36.7779
10
56.4096
20
36.357
10
56.6194
20
35.9134
10
56.7847
20
35.4514
10
56.9039
20
34.9755
10
56.9759
20
34.4901
10
57
20
34
10
56.9759
20
33.5099
10
56.9039
20
33.0245
10
56.7847
20
32.5486
10
56.6194
20
32.0866
10
56.4096
20
31.643
10
56.1573
20
31.2221
10
55.8651
20
30.828
10
55.5355
20
30.4645
10
55.172
20
30.1349
10
54.7779
20
29.8427
10
54.357
20
29.5904
10
53.9134
20
29.3806
10
53.4514
20
29.2153
10
52.9755
20
29.0961
10
52.4901
20
29.0241
10
52
20
29
10
51.5099
20
29.0241
10
51.0245
20
29.0961
10
50.5486
20
29.2153
10
50.0866
20
29.3806
10
49.643
20
29.5904
10
49.2221
20
29.8427
10
48.828
20
30.1349
10
48.4645
20
30.4645
10
48.1349
20
30.828
10
47.8427
20
31.2221
10
47.5904
20
31.643
10
47.3806
20
32.0866
10
47.2153
20
32.5486
10
47.0961
20
33.0245
10
47.0241
20
33.5099
10
47
20
34
10
47.0241
20
34.4901
10
47.0961
20
34.9755
10
47.2153
20
35.4514
10
47.3806
20
35.9134
10
47.5904
20
36.357
10
47.8427
20
36.7779
10
48.1349
20
37.172
10
48.4645
20
37.5355
10
48.828
20
37.8651
10
49.2221
20
38.1573
10
49.643
20
38.4096
10
49.6878
20
38.4308
10
49.5355
20
38.4689
10
49.3877
20
38.5218
10
49.2458
20
38.5889
10
49.1111
20
38.6696
10
48.985
20
38.7632
10
48.8686
20
38.8686
10
48.7632
20
38.985
10
48.6696
20
39.1111
10
48.5889
20
39.2458
10
48.5218
20
39.3877
10
48.4689
20
39.5355
10
48.4307
20
39.6879
10
48.4077
20
39.8432
10
48.4
20
40
10
48.4077
20
40.1568
10
48.4307
20
40.3121
10
48.4689
20
40.4645
10
48.5218
20
40.6123
10
48.5889
20
40.7542
0
LWPOLYLINE
8
02_deck_rear_t4.0
100
AcDbEntity
100
AcDbPolyline
90
111
70
1
43
0.0
10
98.5218
20
-39.3877
10
98.5889
20
-39.2458
10
98.6696
20
-39.1111
10
98.7632
20
-38.985
10
98.8686
20
-38.8686
10
98.8719
20
-38.8657
10
98.5486
20
-38.7847
10
98.0866
20
-38.6194
10
97.643
20
-38.4096
10
97.2221
20
-38.1573
10
96.828
20
-37.8651
10
96.4645
20
-37.5355
10
96.1349
20
-37.172
10
95.8427
20
-36.7779
10
95.5904
20
-36.357
10
95.3806
20
-35.9134
10
95.2153
20
-35.4514
10
95.0961
20
-34.9755
10
95.0241
20
-34.4901
10
95
20
-34
10
95.0241
20
-33.5099
10
95.0961
20
-33.0245
10
95.2153
20
-32.5486
10
95.3806
20
-32.0866
10
95.5904
20
-31.643
10
95.8427
20
-31.2221
10
96.1349
20
-30.828
10
96.4645
20
-30.4645
10
96.828
20
-30.1349
10
97.2221
20
-29.8427
10
97.643
20
-29.5904
10
98.0866
20
-29.3806
10
98.5486
20
-29.2153
10
99.0245
20
-29.0961
10
99.5099
20
-29.0241
10
100
20
-29
10
100.4901
20
-29.0241
10
100.9755
20
-29.0961
10
101.4514
20
-29.2153
10
101.9134
20
-29.3806
10
102.357
20
-29.5904
10
102.7779
20
-29.8427
10
103.172
20
-30.1349
10
103.5355
20
-30.4645
10
103.8651
20
-30.828
10
104.1573
20
-31.2221
10
104.4096
20
-31.643
10
104.6194
20
-32.0866
10
104.7847
20
-32.5486
10
104.9039
20
-33.0245
10
104.9759
20
-33.5099
10
105
20
-34
10
104.9759
20
-34.4901
10
104.9039
20
-34.9755
10
104.7847
20
-35.4514
10
104.6194
20
-35.9134
10
104.4096
20
-36.357
10
104.1573
20
-36.7779
10
103.8651
20
-37.172
10
103.5355
20
-37.5355
10
103.172
20
-37.8651
10
102.7779
20
-38.1573
10
102.357
20
-38.4096
10
101.9134
20
-38.6194
10
101.4514
20
-38.7847
10
101.1281
20
-38.8657
10
101.1314
20
-38.8686
10
101.2368
20
-38.985
10
101.3304
20
-39.1111
10
101.4111
20
-39.2458
10
101.4782
20
-39.3877
10
101.5311
20
-39.5355
10
101.5693
20
-39.6879
10
101.5923
20
-39.8432
10
101.6
20
-40
10
101.5923
20
-40.1568
10
101.5693
20
-40.3121
10
101.5311
20
-40.4645
10
101.4782
20
-40.6123
10
101.4111
20
-40.7542
10
101.3304
20
-40.8889
10
101.2368
20
-41.015
10
101.1314
20
-41.1314
10
101.015
20
-41.2368
10
100.8889
20
-41.3304
10
100.7542
20
-41.4111
10
100.6123
20
-41.4782
10
100.4645
20
-41.5311
10
100.3121
20
-41.5693
10
100.1568
20
-41.5923
10
100
20
-41.6
10
99.8432
20
-41.5923
10
99.6879
20
-41.5693
10
99.5355
20
-41.5311
10
99.3877
20
-41.4782
10
99.2458
20
-41.4111
10
99.1111
20
-41.3304
10
98.985
20
-41.2368
10
98.8686
20
-41.1314
10
98.7632
20
-41.015
10
98.6696
20
-40.8889
10
98.5889
20
-40.7542
10
98.5218
20
-40.6123
10
98.4689
20
-40.4645
10
98.4307
20
-40.3121
10
98.4077
20
-40.1568
10
98.4
20
-40
10
98.4077
20
-39.8432
10
98.4307
20
-39.6879
10
98.4689
20
-39.5355
10
98.5218
20
-39.3877
0
LWPOLYLINE
8
02_deck_rear_t4.0
100
AcDbEntity
100
AcDbPolyline
90
111
70
1
43
0.0
10
98.7632
20
41.015
10
98.8686
20
41.1314
10
98.985
20
41.2368
10
99.1111
20
41.3304
10
99.2458
20
41.4111
10
99.3877
20
41.4782
10
99.5355
20
41.5311
10
99.6879
20
41.5693
10
99.8432
20
41.5923
10
100
20
41.6
10
100.1568
20
41.5923
10
100.3121
20
41.5693
10
100.4645
20
41.5311
10
100.6123
20
41.4782
10
100.7542
20
41.4111
10
100.8889
20
41.3304
10
101.015
20
41.2368
10
101.1314
20
41.1314
10
101.2368
20
41.015
10
101.3304
20
40.8889
10
101.4111
20
40.7542
10
101.4782
20
40.6123
10
101.5311
20
40.4645
10
101.5693
20
40.3121
10
101.5923
20
40.1568
10
101.6
20
40
10
101.5923
20
39.8432
10
101.5693
20
39.6879
10
101.5311
20
39.5355
10
101.4782
20
39.3877
10
101.4111
20
39.2458
10
101.3304
20
39.1111
10
101.2368
20
38.985
10
101.1314
20
38.8686
10
101.1281
20
38.8657
10
101.4514
20
38.7847
10
101.9134
20
38.6194
10
102.357
20
38.4096
10
102.7779
20
38.1573
10
103.172
20
37.8651
10
103.5355
20
37.5355
10
103.8651
20
37.172
10
104.1573
20
36.7779
10
104.4096
20
36.357
10
104.6194
20
35.9134
10
104.7847
20
35.4514
10
104.9039
20
34.9755
10
104.9759
20
34.4901
10
105
20
34
10
104.9759
20
33.5099
10
104.9039
20
33.0245
10
104.7847
20
32.5486
10
104.6194
20
32.0866
10
104.4096
20
31.643
10
104.1573
20
31.2221
10
103.8651
20
30.828
10
103.5355
20
30.4645
10
103.172
20
30.1349
10
102.7779
20
29.8427
10
102.357
20
29.5904
10
101.9134
20
29.3806
10
101.4514
20
29.2153
10
100.9755
20
29.0961
10
100.4901
20
29.0241
10
100
20
29
10
99.5099
20
29.0241
10
99.0245
20
29.0961
10
98.5486
20
29.2153
10
98.0866
20
29.3806
10
97.643
20
29.5904
10
97.2221
20
29.8427
10
96.828
20
30.1349
10
96.4645
20
30.4645
10
96.1349
20
30.828
10
95.8427
20
31.2221
10
95.5904
20
31.643
10
95.3806
20
32.0866
10
95.2153
20
32.5486
10
95.0961
20
33.0245
10
95.0241
20
33.5099
10
95
20
34
10
95.0241
20
34.4901
10
95.0961
20
34.9755
10
95.2153
20
35.4514
10
95.3806
20
35.9134
10
95.5904
20
36.357
10
95.8427
20
36.7779
10
96.1349
20
37.172
10
96.4645
20
37.5355
10
96.828
20
37.8651
10
97.2221
20
38.1573
10
97.643
20
38.4096
10
98.0866
20
38.6194
10
98.5486
20
38.7847
10
98.8719
20
38.8657
10
98.8686
20
38.8686
10
98.7632
20
38.985
10
98.6696
20
39.1111
10
98.5889
20
39.2458
10
98.5218
20
39.3877
10
98.4689
20
39.5355
10
98.4307
20
39.6879
10
98.4077
20
39.8432
10
98.4
20
40
10
98.4077
20
40.1568
10
98.4307
20
40.3121
10
98.4689
20
40.4645
10
98.5218
20
40.6123
10
98.5889
20
40.7542
10
98.6696
20
40.8889
10
98.7632
20
41.015
0
LWPOLYLINE
8
02_deck_rear_t4.0
100
AcDbEntity
100
AcDbPolyline
90
65
70
1
43
0.0
10
51.0245
20
-47.0961
10
51.5099
20
-47.0241
10
52
20
-47
10
52.4901
20
-47.0241
10
52.9755
20
-47.0961
10
53.4514
20
-47.2153
10
53.9134
20
-47.3806
10
54.357
20
-47.5904
10
54.7779
20
-47.8427
10
55.172
20
-48.1349
10
55.5355
20
-48.4645
10
55.8651
20
-48.828
10
56.1573
20
-49.2221
10
56.4096
20
-49.643
10
56.6194
20
-50.0866
10
56.7847
20
-50.5486
10
56.9039
20
-51.0245
10
56.9759
20
-51.5099
10
57
20
-52
10
56.9759
20
-52.4901
10
56.9039
20
-52.9755
10
56.7847
20
-53.4514
10
56.6194
20
-53.9134
10
56.4096
20
-54.357
10
56.1573
20
-54.7779
10
55.8651
20
-55.172
10
55.5355
20
-55.5355
10
55.172
20
-55.8651
10
54.7779
20
-56.1573
10
54.357
20
-56.4096
10
53.9134
20
-56.6194
10
53.4514
20
-56.7847
10
52.9755
20
-56.9039
10
52.4901
20
-56.9759
10
52
20
-57
10
51.5099
20
-56.9759
10
51.0245
20
-56.9039
10
50.5486
20
-56.7847
10
50.0866
20
-56.6194
10
49.643
20
-56.4096
10
49.2221
20
-56.1573
10
48.828
20
-55.8651
10
48.4645
20
-55.5355
10
48.1349
20
-55.172
10
47.8427
20
-54.7779
10
47.5904
20
-54.357
10
47.3806
20
-53.9134
10
47.2153
20
-53.4514
10
47.0961
20
-52.9755
10
47.0241
20
-52.4901
10
47
20
-52
10
47.0241
20
-51.5099
10
47.0961
20
-51.0245
10
47.2153
20
-50.5486
10
47.3806
20
-50.0866
10
47.5904
20
-49.643
10
47.8427
20
-49.2221
10
48.1349
20
-48.828
10
48.4645
20
-48.4645
10
48.828
20
-48.1349
10
49.2221
20
-47.8427
10
49.643
20
-47.5904
10
50.0866
20
-47.3806
10
50.5486
20
-47.2153
10
51.0245
20
-47.0961
0
LWPOLYLINE
8
02_deck_rear_t4.0
100
AcDbEntity
100
AcDbPolyline
90
65
70
1
43
0.0
10
52
20
-11
10
52.4901
20
-11.0241
10
52.9755
20
-11.0961
10
53.4514
20
-11.2153
10
53.9134
20
-11.3806
10
54.357
20
-11.5904
10
54.7779
20
-11.8427
10
55.172
20
-12.1349
10
55.5355
20
-12.4645
10
55.8651
20
-12.828
10
56.1573
20
-13.2221
10
56.4096
20
-13.643
10
56.6194
20
-14.0866
10
56.7847
20
-14.5486
10
56.9039
20
-15.0245
10
56.9759
20
-15.5099
10
57
20
-16
10
56.9759
20
-16.4901
10
56.9039
20
-16.9755
10
56.7847
20
-17.4514
10
56.6194
20
-17.9134
10
56.4096
20
-18.357
10
56.1573
20
-18.7779
10
55.8651
20
-19.172
10
55.5355
20
-19.5355
10
55.172
20
-19.8651
10
54.7779
20
-20.1573
10
54.357
20
-20.4096
10
53.9134
20
-20.6194
10
53.4514
20
-20.7847
10
52.9755
20
-20.9039
10
52.4901
20
-20.9759
10
52
20
-21
10
51.5099
20
-20.9759
10
51.0245
20
-20.9039
10
50.5486
20
-20.7847
10
50.0866
20
-20.6194
10
49.643
20
-20.4096
10
49.2221
20
-20.1573
10
48.828
20
-19.8651
10
48.4645
20
-19.5355
10
48.1349
20
-19.172
10
47.8427
20
-18.7779
10
47.5904
20
-18.357
10
47.3806
20
-17.9134
10
47.2153
20
-17.4514
10
47.0961
20
-16.9755
10
47.0241
20
-16.4901
10
47
20
-16
10
47.0241
20
-15.5099
10
47.0961
20
-15.0245
10
47.2153
20
-14.5486
10
47.3806
20
-14.0866
10
47.5904
20
-13.643
10
47.8427
20
-13.2221
10
48.1349
20
-12.828
10
48.4645
20
-12.4645
10
48.828
20
-12.1349
10
49.2221
20
-11.8427
10
49.643
20
-11.5904
10
50.0866
20
-11.3806
10
50.5486
20
-11.2153
10
51.0245
20
-11.0961
10
51.5099
20
-11.0241
10
52
20
-11
0
LWPOLYLINE
8
02_deck_rear_t4.0
100
AcDbEntity
100
AcDbPolyline
90
65
70
1
43
0.0
10
52.4901
20
20.9759
10
52.9755
20
20.9039
10
53.4514
20
20.7847
10
53.9134
20
20.6194
10
54.357
20
20.4096
10
54.7779
20
20.1573
10
55.172
20
19.8651
10
55.5355
20
19.5355
10
55.8651
20
19.172
10
56.1573
20
18.7779
10
56.4096
20
18.357
10
56.6194
20
17.9134
10
56.7847
20
17.4514
10
56.9039
20
16.9755
10
56.9759
20
16.4901
10
57
20
16
10
56.9759
20
15.5099
10
56.9039
20
15.0245
10
56.7847
20
14.5486
10
56.6194
20
14.0866
10
56.4096
20
13.643
10
56.1573
20
13.2221
10
55.8651
20
12.828
10
55.5355
20
12.4645
10
55.172
20
12.1349
10
54.7779
20
11.8427
10
54.357
20
11.5904
10
53.9134
20
11.3806
10
53.4514
20
11.2153
10
52.9755
20
11.0961
10
52.4901
20
11.0241
10
52
20
11
10
51.5099
20
11.0241
10
51.0245
20
11.0961
10
50.5486
20
11.2153
10
50.0866
20
11.3806
10
49.643
20
11.5904
10
49.2221
20
11.8427
10
48.828
20
12.1349
10
48.4645
20
12.4645
10
48.1349
20
12.828
10
47.8427
20
13.2221
10
47.5904
20
13.643
10
47.3806
20
14.0866
10
47.2153
20
14.5486
10
47.0961
20
15.0245
10
47.0241
20
15.5099
10
47
20
16
10
47.0241
20
16.4901
10
47.0961
20
16.9755
10
47.2153
20
17.4514
10
47.3806
20
17.9134
10
47.5904
20
18.357
10
47.8427
20
18.7779
10
48.1349
20
19.172
10
48.4645
20
19.5355
10
48.828
20
19.8651
10
49.2221
20
20.1573
10
49.643
20
20.4096
10
50.0866
20
20.6194
10
50.5486
20
20.7847
10
51.0245
20
20.9039
10
51.5099
20
20.9759
10
52
20
21
10
52.4901
20
20.9759
0
LWPOLYLINE
8
02_deck_rear_t4.0
100
AcDbEntity
100
AcDbPolyline
90
65
70
1
43
0.0
10
53.4514
20
56.7847
10
53.9134
20
56.6194
10
54.357
20
56.4096
10
54.7779
20
56.1573
10
55.172
20
55.8651
10
55.5355
20
55.5355
10
55.8651
20
55.172
10
56.1573
20
54.7779
10
56.4096
20
54.357
10
56.6194
20
53.9134
10
56.7847
20
53.4514
10
56.9039
20
52.9755
10
56.9759
20
52.4901
10
57
20
52
10
56.9759
20
51.5099
10
56.9039
20
51.0245
10
56.7847
20
50.5486
10
56.6194
20
50.0866
10
56.4096
20
49.643
10
56.1573
20
49.2221
10
55.8651
20
48.828
10
55.5355
20
48.4645
10
55.172
20
48.1349
10
54.7779
20
47.8427
10
54.357
20
47.5904
10
53.9134
20
47.3806
10
53.4514
20
47.2153
10
52.9755
20
47.0961
10
52.4901
20
47.0241
10
52
20
47
10
51.5099
20
47.0241
10
51.0245
20
47.0961
10
50.5486
20
47.2153
10
50.0866
20
47.3806
10
49.643
20
47.5904
10
49.2221
20
47.8427
10
48.828
20
48.1349
10
48.4645
20
48.4645
10
48.1349
20
48.828
10
47.8427
20
49.2221
10
47.5904
20
49.643
10
47.3806
20
50.0866
10
47.2153
20
50.5486
10
47.0961
20
51.0245
10
47.0241
20
51.5099
10
47
20
52
10
47.0241
20
52.4901
10
47.0961
20
52.9755
10
47.2153
20
53.4514
10
47.3806
20
53.9134
10
47.5904
20
54.357
10
47.8427
20
54.7779
10
48.1349
20
55.172
10
48.4645
20
55.5355
10
48.828
20
55.8651
10
49.2221
20
56.1573
10
49.643
20
56.4096
10
50.0866
20
56.6194
10
50.5486
20
56.7847
10
51.0245
20
56.9039
10
51.5099
20
56.9759
10
52
20
57
10
52.4901
20
56.9759
10
52.9755
20
56.9039
10
53.4514
20
56.7847
0
LWPOLYLINE
8
02_deck_rear_t4.0
100
AcDbEntity
100
AcDbPolyline
90
65
70
1
43
0.0
10
77.9134
20
-47.3806
10
78.357
20
-47.5904
10
78.7779
20
-47.8427
10
79.172
20
-48.1349
10
79.5355
20
-48.4645
10
79.8651
20
-48.828
10
80.1573
20
-49.2221
10
80.4096
20
-49.643
10
80.6194
20
-50.0866
10
80.7847
20
-50.5486
10
80.9039
20
-51.0245
10
80.9759
20
-51.5099
10
81
20
-52
10
80.9759
20
-52.4901
10
80.9039
20
-52.9755
10
80.7847
20
-53.4514
10
80.6194
20
-53.9134
10
80.4096
20
-54.357
10
80.1573
20
-54.7779
10
79.8651
20
-55.172
10
79.5355
20
-55.5355
10
79.172
20
-55.8651
10
78.7779
20
-56.1573
10
78.357
20
-56.4096
10
77.9134
20
-56.6194
10
77.4514
20
-56.7847
10
76.9755
20
-56.9039
10
76.4901
20
-56.9759
10
76
20
-57
10
75.5099
20
-56.9759
10
75.0245
20
-56.9039
10
74.5486
20
-56.7847
10
74.0866
20
-56.6194
10
73.643
20
-56.4096
10
73.2221
20
-56.1573
10
72.828
20
-55.8651
10
72.4645
20
-55.5355
10
72.1349
20
-55.172
10
71.8427
20
-54.7779
10
71.5904
20
-54.357
10
71.3806
20
-53.9134
10
71.2153
20
-53.4514
10
71.0961
20
-52.9755
10
71.0241
20
-52.4901
10
71
20
-52
10
71.0241
20
-51.5099
10
71.0961
20
-51.0245
10
71.2153
20
-50.5486
10
71.3806
20
-50.0866
10
71.5904
20
-49.643
10
71.8427
20
-49.2221
10
72.1349
20
-48.828
10
72.4645
20
-48.4645
10
72.828
20
-48.1349
10
73.2221
20
-47.8427
10
73.643
20
-47.5904
10
74.0866
20
-47.3806
10
74.5486
20
-47.2153
10
75.0245
20
-47.0961
10
75.5099
20
-47.0241
10
76
20
-47
10
76.4901
20
-47.0241
10
76.9755
20
-47.0961
10
77.4514
20
-47.2153
10
77.9134
20
-47.3806
0
LWPOLYLINE
8
02_deck_rear_t4.0
100
AcDbEntity
100
AcDbPolyline
90
65
70
1
43
0.0
10
78.357
20
-29.5904
10
78.7779
20
-29.8427
10
79.172
20
-30.1349
10
79.5355
20
-30.4645
10
79.8651
20
-30.828
10
80.1573
20
-31.2221
10
80.4096
20
-31.643
10
80.6194
20
-32.0866
10
80.7847
20
-32.5486
10
80.9039
20
-33.0245
10
80.9759
20
-33.5099
10
81
20
-34
10
80.9759
20
-34.4901
10
80.9039
20
-34.9755
10
80.7847
20
-35.4514
10
80.6194
20
-35.9134
10
80.4096
20
-36.357
10
80.1573
20
-36.7779
10
79.8651
20
-37.172
10
79.5355
20
-37.5355
10
79.172
20
-37.8651
10
78.7779
20
-38.1573
10
78.357
20
-38.4096
10
77.9134
20
-38.6194
10
77.4514
20
-38.7847
10
76.9755
20
-38.9039
10
76.4901
20
-38.9759
10
76
20
-39
10
75.5099
20
-38.9759
10
75.0245
20
-38.9039
10
74.5486
20
-38.7847
10
74.0866
20
-38.6194
10
73.643
20
-38.4096
10
73.2221
20
-38.1573
10
72.828
20
-37.8651
10
72.4645
20
-37.5355
10
72.1349
20
-37.172
10
71.8427
20
-36.7779
10
71.5904
20
-36.357
10
71.3806
20
-35.9134
10
71.2153
20
-35.4514
10
71.0961
20
-34.9755
10
71.0241
20
-34.4901
10
71
20
-34
10
71.0241
20
-33.5099
10
71.0961
20
-33.0245
10
71.2153
20
-32.5486
10
71.3806
20
-32.0866
10
71.5904
20
-31.643
10
71.8427
20
-31.2221
10
72.1349
20
-30.828
10
72.4645
20
-30.4645
10
72.828
20
-30.1349
10
73.2221
20
-29.8427
10
73.643
20
-29.5904
10
74.0866
20
-29.3806
10
74.5486
20
-29.2153
10
75.0245
20
-29.0961
10
75.5099
20
-29.0241
10
76
20
-29
10
76.4901
20
-29.0241
10
76.9755
20
-29.0961
10
77.4514
20
-29.2153
10
77.9134
20
-29.3806
10
78.357
20
-29.5904
0
LWPOLYLINE
8
02_deck_rear_t4.0
100
AcDbEntity
100
AcDbPolyline
90
65
70
1
43
0.0
10
78.7779
20
-11.8427
10
79.172
20
-12.1349
10
79.5355
20
-12.4645
10
79.8651
20
-12.828
10
80.1573
20
-13.2221
10
80.4096
20
-13.643
10
80.6194
20
-14.0866
10
80.7847
20
-14.5486
10
80.9039
20
-15.0245
10
80.9759
20
-15.5099
10
81
20
-16
10
80.9759
20
-16.4901
10
80.9039
20
-16.9755
10
80.7847
20
-17.4514
10
80.6194
20
-17.9134
10
80.4096
20
-18.357
10
80.1573
20
-18.7779
10
79.8651
20
-19.172
10
79.5355
20
-19.5355
10
79.172
20
-19.8651
10
78.7779
20
-20.1573
10
78.357
20
-20.4096
10
77.9134
20
-20.6194
10
77.4514
20
-20.7847
10
76.9755
20
-20.9039
10
76.4901
20
-20.9759
10
76
20
-21
10
75.5099
20
-20.9759
10
75.0245
20
-20.9039
10
74.5486
20
-20.7847
10
74.0866
20
-20.6194
10
73.643
20
-20.4096
10
73.2221
20
-20.1573
10
72.828
20
-19.8651
10
72.4645
20
-19.5355
10
72.1349
20
-19.172
10
71.8427
20
-18.7779
10
71.5904
20
-18.357
10
71.3806
20
-17.9134
10
71.2153
20
-17.4514
10
71.0961
20
-16.9755
10
71.0241
20
-16.4901
10
71
20
-16
10
71.0241
20
-15.5099
10
71.0961
20
-15.0245
10
71.2153
20
-14.5486
10
71.3806
20
-14.0866
10
71.5904
20
-13.643
10
71.8427
20
-13.2221
10
72.1349
20
-12.828
10
72.4645
20
-12.4645
10
72.828
20
-12.1349
10
73.2221
20
-11.8427
10
73.643
20
-11.5904
10
74.0866
20
-11.3806
10
74.5486
20
-11.2153
10
75.0245
20
-11.0961
10
75.5099
20
-11.0241
10
76
20
-11
10
76.4901
20
-11.0241
10
76.9755
20
-11.0961
10
77.4514
20
-11.2153
10
77.9134
20
-11.3806
10
78.357
20
-11.5904
10
78.7779
20
-11.8427
0
LWPOLYLINE
8
02_deck_rear_t4.0
100
AcDbEntity
100
AcDbPolyline
90
65
70
1
43
0.0
10
79.172
20
19.8651
10
79.5355
20
19.5355
10
79.8651
20
19.172
10
80.1573
20
18.7779
10
80.4096
20
18.357
10
80.6194
20
17.9134
10
80.7847
20
17.4514
10
80.9039
20
16.9755
10
80.9759
20
16.4901
10
81
20
16
10
80.9759
20
15.5099
10
80.9039
20
15.0245
10
80.7847
20
14.5486
10
80.6194
20
14.0866
10
80.4096
20
13.643
10
80.1573
20
13.2221
10
79.8651
20
12.828
10
79.5355
20
12.4645
10
79.172
20
12.1349
10
78.7779
20
11.8427
10
78.357
20
11.5904
10
77.9134
20
11.3806
10
77.4514
20
11.2153
10
76.9755
20
11.0961
10
76.4901
20
11.0241
10
76
20
11
10
75.5099
20
11.0241
10
75.0245
20
11.0961
10
74.5486
20
11.2153
10
74.0866
20
11.3806
10
73.643
20
11.5904
10
73.2221
20
11.8427
10
72.828
20
12.1349
10
72.4645
20
12.4645
10
72.1349
20
12.828
10
71.8427
20
13.2221
10
71.5904
20
13.643
10
71.3806
20
14.0866
10
71.2153
20
14.5486
10
71.0961
20
15.0245
10
71.0241
20
15.5099
10
71
20
16
10
71.0241
20
16.4901
10
71.0961
20
16.9755
10
71.2153
20
17.4514
10
71.3806
20
17.9134
10
71.5904
20
18.357
10
71.8427
20
18.7779
10
72.1349
20
19.172
10
72.4645
20
19.5355
10
72.828
20
19.8651
10
73.2221
20
20.1573
10
73.643
20
20.4096
10
74.0866
20
20.6194
10
74.5486
20
20.7847
10
75.0245
20
20.9039
10
75.5099
20
20.9759
10
76
20
21
10
76.4901
20
20.9759
10
76.9755
20
20.9039
10
77.4514
20
20.7847
10
77.9134
20
20.6194
10
78.357
20
20.4096
10
78.7779
20
20.1573
10
79.172
20
19.8651
0
LWPOLYLINE
8
02_deck_rear_t4.0
100
AcDbEntity
100
AcDbPolyline
90
65
70
1
43
0.0
10
79.5355
20
37.5355
10
79.8651
20
37.172
10
80.1573
20
36.7779
10
80.4096
20
36.357
10
80.6194
20
35.9134
10
80.7847
20
35.4514
10
80.9039
20
34.9755
10
80.9759
20
34.4901
10
81
20
34
10
80.9759
20
33.5099
10
80.9039
20
33.0245
10
80.7847
20
32.5486
10
80.6194
20
32.0866
10
80.4096
20
31.643
10
80.1573
20
31.2221
10
79.8651
20
30.828
10
79.5355
20
30.4645
10
79.172
20
30.1349
10
78.7779
20
29.8427
10
78.357
20
29.5904
10
77.9134
20
29.3806
10
77.4514
20
29.2153
10
76.9755
20
29.0961
10
76.4901
20
29.0241
10
76
20
29
10
75.5099
20
29.0241
10
75.0245
20
29.0961
10
74.5486
20
29.2153
10
74.0866
20
29.3806
10
73.643
20
29.5904
10
73.2221
20
29.8427
10
72.828
20
30.1349
10
72.4645
20
30.4645
10
72.1349
20
30.828
10
71.8427
20
31.2221
10
71.5904
20
31.643
10
71.3806
20
32.0866
10
71.2153
20
32.5486
10
71.0961
20
33.0245
10
71.0241
20
33.5099
10
71
20
34
10
71.0241
20
34.4901
10
71.0961
20
34.9755
10
71.2153
20
35.4514
10
71.3806
20
35.9134
10
71.5904
20
36.357
10
71.8427
20
36.7779
10
72.1349
20
37.172
10
72.4645
20
37.5355
10
72.828
20
37.8651
10
73.2221
20
38.1573
10
73.643
20
38.4096
10
74.0866
20
38.6194
10
74.5486
20
38.7847
10
75.0245
20
38.9039
10
75.5099
20
38.9759
10
76
20
39
10
76.4901
20
38.9759
10
76.9755
20
38.9039
10
77.4514
20
38.7847
10
77.9134
20
38.6194
10
78.357
20
38.4096
10
78.7779
20
38.1573
10
79.172
20
37.8651
10
79.5355
20
37.5355
0
LWPOLYLINE
8
02_deck_rear_t4.0
100
AcDbEntity
100
AcDbPolyline
90
65
70
1
43
0.0
10
79.8651
20
55.172
10
80.1573
20
54.7779
10
80.4096
20
54.357
10
80.6194
20
53.9134
10
80.7847
20
53.4514
10
80.9039
20
52.9755
10
80.9759
20
52.4901
10
81
20
52
10
80.9759
20
51.5099
10
80.9039
20
51.0245
10
80.7847
20
50.5486
10
80.6194
20
50.0866
10
80.4096
20
49.643
10
80.1573
20
49.2221
10
79.8651
20
48.828
10
79.5355
20
48.4645
10
79.172
20
48.1349
10
78.7779
20
47.8427
10
78.357
20
47.5904
10
77.9134
20
47.3806
10
77.4514
20
47.2153
10
76.9755
20
47.0961
10
76.4901
20
47.0241
10
76
20
47
10
75.5099
20
47.0241
10
75.0245
20
47.0961
10
74.5486
20
47.2153
10
74.0866
20
47.3806
10
73.643
20
47.5904
10
73.2221
20
47.8427
10
72.828
20
48.1349
10
72.4645
20
48.4645
10
72.1349
20
48.828
10
71.8427
20
49.2221
10
71.5904
20
49.643
10
71.3806
20
50.0866
10
71.2153
20
50.5486
10
71.0961
20
51.0245
10
71.0241
20
51.5099
10
71
20
52
10
71.0241
20
52.4901
10
71.0961
20
52.9755
10
71.2153
20
53.4514
10
71.3806
20
53.9134
10
71.5904
20
54.357
10
71.8427
20
54.7779
10
72.1349
20
55.172
10
72.4645
20
55.5355
10
72.828
20
55.8651
10
73.2221
20
56.1573
10
73.643
20
56.4096
10
74.0866
20
56.6194
10
74.5486
20
56.7847
10
75.0245
20
56.9039
10
75.5099
20
56.9759
10
76
20
57
10
76.4901
20
56.9759
10
76.9755
20
56.9039
10
77.4514
20
56.7847
10
77.9134
20
56.6194
10
78.357
20
56.4096
10
78.7779
20
56.1573
10
79.172
20
55.8651
10
79.5355
20
55.5355
10
79.8651
20
55.172
0
LWPOLYLINE
8
02_deck_rear_t4.0
100
AcDbEntity
100
AcDbPolyline
90
65
70
1
43
0.0
10
104.1573
20
-49.2221
10
104.4096
20
-49.643
10
104.6194
20
-50.0866
10
104.7847
20
-50.5486
10
104.9039
20
-51.0245
10
104.9759
20
-51.5099
10
105
20
-52
10
104.9759
20
-52.4901
10
104.9039
20
-52.9755
10
104.7847
20
-53.4514
10
104.6194
20
-53.9134
10
104.4096
20
-54.357
10
104.1573
20
-54.7779
10
103.8651
20
-55.172
10
103.5355
20
-55.5355
10
103.172
20
-55.8651
10
102.7779
20
-56.1573
10
102.357
20
-56.4096
10
101.9134
20
-56.6194
10
101.4514
20
-56.7847
10
100.9755
20
-56.9039
10
100.4901
20
-56.9759
10
100
20
-57
10
99.5099
20
-56.9759
10
99.0245
20
-56.9039
10
98.5486
20
-56.7847
10
98.0866
20
-56.6194
10
97.643
20
-56.4096
10
97.2221
20
-56.1573
10
96.828
20
-55.8651
10
96.4645
20
-55.5355
10
96.1349
20
-55.172
10
95.8427
20
-54.7779
10
95.5904
20
-54.357
10
95.3806
20
-53.9134
10
95.2153
20
-53.4514
10
95.0961
20
-52.9755
10
95.0241
20
-52.4901
10
95
20
-52
10
95.0241
20
-51.5099
10
95.0961
20
-51.0245
10
95.2153
20
-50.5486
10
95.3806
20
-50.0866
10
95.5904
20
-49.643
10
95.8427
20
-49.2221
10
96.1349
20
-48.828
10
96.4645
20
-48.4645
10
96.828
20
-48.1349
10
97.2221
20
-47.8427
10
97.643
20
-47.5904
10
98.0866
20
-47.3806
10
98.5486
20
-47.2153
10
99.0245
20
-47.0961
10
99.5099
20
-47.0241
10
100
20
-47
10
100.4901
20
-47.0241
10
100.9755
20
-47.0961
10
101.4514
20
-47.2153
10
101.9134
20
-47.3806
10
102.357
20
-47.5904
10
102.7779
20
-47.8427
10
103.172
20
-48.1349
10
103.5355
20
-48.4645
10
103.8651
20
-48.828
10
104.1573
20
-49.2221
0
LWPOLYLINE
8
02_deck_rear_t4.0
100
AcDbEntity
100
AcDbPolyline
90
65
70
1
43
0.0
10
104.6194
20
-14.0866
10
104.7847
20
-14.5486
10
104.9039
20
-15.0245
10
104.9759
20
-15.5099
10
105
20
-16
10
104.9759
20
-16.4901
10
104.9039
20
-16.9755
10
104.7847
20
-17.4514
10
104.6194
20
-17.9134
10
104.4096
20
-18.357
10
104.1573
20
-18.7779
10
103.8651
20
-19.172
10
103.5355
20
-19.5355
10
103.172
20
-19.8651
10
102.7779
20
-20.1573
10
102.357
20
-20.4096
10
101.9134
20
-20.6194
10
101.4514
20
-20.7847
10
100.9755
20
-20.9039
10
100.4901
20
-20.9759
10
100
20
-21
10
99.5099
20
-20.9759
10
99.0245
20
-20.9039
10
98.5486
20
-20.7847
10
98.0866
20
-20.6194
10
97.643
20
-20.4096
10
97.2221
20
-20.1573
10
96.828
20
-19.8651
10
96.4645
20
-19.5355
10
96.1349
20
-19.172
10
95.8427
20
-18.7779
10
95.5904
20
-18.357
10
95.3806
20
-17.9134
10
95.2153
20
-17.4514
10
95.0961
20
-16.9755
10
95.0241
20
-16.4901
10
95
20
-16
10
95.0241
20
-15.5099
10
95.0961
20
-15.0245
10
95.2153
20
-14.5486
10
95.3806
20
-14.0866
10
95.5904
20
-13.643
10
95.8427
20
-13.2221
10
96.1349
20
-12.828
10
96.4645
20
-12.4645
10
96.828
20
-12.1349
10
97.2221
20
-11.8427
10
97.643
20
-11.5904
10
98.0866
20
-11.3806
10
98.5486
20
-11.2153
10
99.0245
20
-11.0961
10
99.5099
20
-11.0241
10
100
20
-11
10
100.4901
20
-11.0241
10
100.9755
20
-11.0961
10
101.4514
20
-11.2153
10
101.9134
20
-11.3806
10
102.357
20
-11.5904
10
102.7779
20
-11.8427
10
103.172
20
-12.1349
10
103.5355
20
-12.4645
10
103.8651
20
-12.828
10
104.1573
20
-13.2221
10
104.4096
20
-13.643
10
104.6194
20
-14.0866
0
LWPOLYLINE
8
02_deck_rear_t4.0
100
AcDbEntity
100
AcDbPolyline
90
65
70
1
43
0.0
10
104.7847
20
17.4514
10
104.9039
20
16.9755
10
104.9759
20
16.4901
10
105
20
16
10
104.9759
20
15.5099
10
104.9039
20
15.0245
10
104.7847
20
14.5486
10
104.6194
20
14.0866
10
104.4096
20
13.643
10
104.1573
20
13.2221
10
103.8651
20
12.828
10
103.5355
20
12.4645
10
103.172
20
12.1349
10
102.7779
20
11.8427
10
102.357
20
11.5904
10
101.9134
20
11.3806
10
101.4514
20
11.2153
10
100.9755
20
11.0961
10
100.4901
20
11.0241
10
100
20
11
10
99.5099
20
11.0241
10
99.0245
20
11.0961
10
98.5486
20
11.2153
10
98.0866
20
11.3806
10
97.643
20
11.5904
10
97.2221
20
11.8427
10
96.828
20
12.1349
10
96.4645
20
12.4645
10
96.1349
20
12.828
10
95.8427
20
13.2221
10
95.5904
20
13.643
10
95.3806
20
14.0866
10
95.2153
20
14.5486
10
95.0961
20
15.0245
10
95.0241
20
15.5099
10
95
20
16
10
95.0241
20
16.4901
10
95.0961
20
16.9755
10
95.2153
20
17.4514
10
95.3806
20
17.9134
10
95.5904
20
18.357
10
95.8427
20
18.7779
10
96.1349
20
19.172
10
96.4645
20
19.5355
10
96.828
20
19.8651
10
97.2221
20
20.1573
10
97.643
20
20.4096
10
98.0866
20
20.6194
10
98.5486
20
20.7847
10
99.0245
20
20.9039
10
99.5099
20
20.9759
10
100
20
21
10
100.4901
20
20.9759
10
100.9755
20
20.9039
10
101.4514
20
20.7847
10
101.9134
20
20.6194
10
102.357
20
20.4096
10
102.7779
20
20.1573
10
103.172
20
19.8651
10
103.5355
20
19.5355
10
103.8651
20
19.172
10
104.1573
20
18.7779
10
104.4096
20
18.357
10
104.6194
20
17.9134
10
104.7847
20
17.4514
0
LWPOLYLINE
8
02_deck_rear_t4.0
100
AcDbEntity
100
AcDbPolyline
90
65
70
1
43
0.0
10
104.9759
20
52.4901
10
105
20
52
10
104.9759
20
51.5099
10
104.9039
20
51.0245
10
104.7847
20
50.5486
10
104.6194
20
50.0866
10
104.4096
20
49.643
10
104.1573
20
49.2221
10
103.8651
20
48.828
10
103.5355
20
48.4645
10
103.172
20
48.1349
10
102.7779
20
47.8427
10
102.357
20
47.5904
10
101.9134
20
47.3806
10
101.4514
20
47.2153
10
100.9755
20
47.0961
10
100.4901
20
47.0241
10
100
20
47
10
99.5099
20
47.0241
10
99.0245
20
47.0961
10
98.5486
20
47.2153
10
98.0866
20
47.3806
10
97.643
20
47.5904
10
97.2221
20
47.8427
10
96.828
20
48.1349
10
96.4645
20
48.4645
10
96.1349
20
48.828
10
95.8427
20
49.2221
10
95.5904
20
49.643
10
95.3806
20
50.0866
10
95.2153
20
50.5486
10
95.0961
20
51.0245
10
95.0241
20
51.5099
10
95
20
52
10
95.0241
20
52.4901
10
95.0961
20
52.9755
10
95.2153
20
53.4514
10
95.3806
20
53.9134
10
95.5904
20
54.357
10
95.8427
20
54.7779
10
96.1349
20
55.172
10
96.4645
20
55.5355
10
96.828
20
55.8651
10
97.2221
20
56.1573
10
97.643
20
56.4096
10
98.0866
20
56.6194
10
98.5486
20
56.7847
10
99.0245
20
56.9039
10
99.5099
20
56.9759
10
100
20
57
10
100.4901
20
56.9759
10
100.9755
20
56.9039
10
101.4514
20
56.7847
10
101.9134
20
56.6194
10
102.357
20
56.4096
10
102.7779
20
56.1573
10
103.172
20
55.8651
10
103.5355
20
55.5355
10
103.8651
20
55.172
10
104.1573
20
54.7779
10
104.4096
20
54.357
10
104.6194
20
53.9134
10
104.7847
20
53.4514
10
104.9039
20
52.9755
10
104.9759
20
52.4901
0
LWPOLYLINE
8
03_deck_splice_t3.0
100
AcDbEntity
100
AcDbPolyline
90
5
70
1
43
0.0
10
60
20
30
10
0
20
30
10
0
20
-30
10
60
20
-30
10
60
20
30
0
LWPOLYLINE
8
03_deck_splice_t3.0
100
AcDbEntity
100
AcDbPolyline
90
65
70
1
43
0.0
10
11.3304
20
-17.1111
10
11.4111
20
-17.2458
10
11.4782
20
-17.3877
10
11.5311
20
-17.5355
10
11.5693
20
-17.6879
10
11.5923
20
-17.8432
10
11.6
20
-18
10
11.5923
20
-18.1568
10
11.5693
20
-18.3121
10
11.5311
20
-18.4645
10
11.4782
20
-18.6123
10
11.4111
20
-18.7542
10
11.3304
20
-18.8889
10
11.2368
20
-19.015
10
11.1314
20
-19.1314
10
11.015
20
-19.2368
10
10.8889
20
-19.3304
10
10.7542
20
-19.4111
10
10.6123
20
-19.4782
10
10.4645
20
-19.5311
10
10.3121
20
-19.5693
10
10.1568
20
-19.5923
10
10
20
-19.6
10
9.8432
20
-19.5923
10
9.6879
20
-19.5693
10
9.5355
20
-19.5311
10
9.3877
20
-19.4782
10
9.2458
20
-19.4111
10
9.1111
20
-19.3304
10
8.985
20
-19.2368
10
8.8686
20
-19.1314
10
8.7632
20
-19.015
10
8.6696
20
-18.8889
10
8.5889
20
-18.7542
10
8.5218
20
-18.6123
10
8.4689
20
-18.4645
10
8.4307
20
-18.3121
10
8.4077
20
-18.1568
10
8.4
20
-18
10
8.4077
20
-17.8432
10
8.4307
20
-17.6879
10
8.4689
20
-17.5355
10
8.5218
20
-17.3877
10
8.5889
20
-17.2458
10
8.6696
20
-17.1111
10
8.7632
20
-16.985
10
8.8686
20
-16.8686
10
8.985
20
-16.7632
10
9.1111
20
-16.6696
10
9.2458
20
-16.5889
10
9.3877
20
-16.5218
10
9.5355
20
-16.4689
10
9.6879
20
-16.4307
10
9.8432
20
-16.4077
10
10
20
-16.4
10
10.1568
20
-16.4077
10
10.3121
20
-16.4307
10
10.4645
20
-16.4689
10
10.6123
20
-16.5218
10
10.7542
20
-16.5889
10
10.8889
20
-16.6696
10
11.015
20
-16.7632
10
11.1314
20
-16.8686
10
11.2368
20
-16.985
10
11.3304
20
-17.1111
0
LWPOLYLINE
8
03_deck_splice_t3.0
100
AcDbEntity
100
AcDbPolyline
90
65
70
1
43
0.0
10
11.4111
20
18.7542
10
11.4782
20
18.6123
10
11.5311
20
18.4645
10
11.5693
20
18.3121
10
11.5923
20
18.1568
10
11.6
20
18
10
11.5923
20
17.8432
10
11.5693
20
17.6879
10
11.5311
20
17.5355
10
11.4782
20
17.3877
10
11.4111
20
17.2458
10
11.3304
20
17.1111
10
11.2368
20
16.985
10
11.1314
20
16.8686
10
11.015
20
16.7632
10
10.8889
20
16.6696
10
10.7542
20
16.5889
10
10.6123
20
16.5218
10
10.4645
20
16.4689
10
10.3121
20
16.4307
10
10.1568
20
16.4077
10
10
20
16.4
10
9.8432
20
16.4077
10
9.6879
20
16.4307
10
9.5355
20
16.4689
10
9.3877
20
16.5218
10
9.2458
20
16.5889
10
9.1111
20
16.6696
10
8.985
20
16.7632
10
8.8686
20
16.8686
10
8.7632
20
16.985
10
8.6696
20
17.1111
10
8.5889
20
17.2458
10
8.5218
20
17.3877
10
8.4689
20
17.5355
10
8.4307
20
17.6879
10
8.4077
20
17.8432
10
8.4
20
18
10
8.4077
20
18.1568
10
8.4307
20
18.3121
10
8.4689
20
18.4645
10
8.5218
20
18.6123
10
8.5889
20
18.7542
10
8.6696
20
18.8889
10
8.7632
20
19.015
10
8.8686
20
19.1314
10
8.985
20
19.2368
10
9.1111
20
19.3304
10
9.2458
20
19.4111
10
9.3877
20
19.4782
10
9.5355
20
19.5311
10
9.6879
20
19.5693
10
9.8432
20
19.5923
10
10
20
19.6
10
10.1568
20
19.5923
10
10.3121
20
19.5693
10
10.4645
20
19.5311
10
10.6123
20
19.4782
10
10.7542
20
19.4111
10
10.8889
20
19.3304
10
11.015
20
19.2368
10
11.1314
20
19.1314
10
11.2368
20
19.015
10
11.3304
20
18.8889
10
11.4111
20
18.7542
0
LWPOLYLINE
8
03_deck_splice_t3.0
100
AcDbEntity
100
AcDbPolyline
90
65
70
1
43
0.0
10
31.4782
20
-17.3877
10
31.5311
20
-17.5355
10
31.5693
20
-17.6879
10
31.5923
20
-17.8432
10
31.6
20
-18
10
31.5923
20
-18.1568
10
31.5693
20
-18.3121
10
31.5311
20
-18.4645
10
31.4782
20
-18.6123
10
31.4111
20
-18.7542
10
31.3304
20
-18.8889
10
31.2368
20
-19.015
10
31.1314
20
-19.1314
10
31.015
20
-19.2368
10
30.8889
20
-19.3304
10
30.7542
20
-19.4111
10
30.6123
20
-19.4782
10
30.4645
20
-19.5311
10
30.3121
20
-19.5693
10
30.1568
20
-19.5923
10
30
20
-19.6
10
29.8432
20
-19.5923
10
29.6879
20
-19.5693
10
29.5355
20
-19.5311
10
29.3877
20
-19.4782
10
29.2458
20
-19.4111
10
29.1111
20
-19.3304
10
28.985
20
-19.2368
10
28.8686
20
-19.1314
10
28.7632
20
-19.015
10
28.6696
20
-18.8889
10
28.5889
20
-18.7542
10
28.5218
20
-18.6123
10
28.4689
20
-18.4645
10
28.4307
20
-18.3121
10
28.4077
20
-18.1568
10
28.4
20
-18
10
28.4077
20
-17.8432
10
28.4307
20
-17.6879
10
28.4689
20
-17.5355
10
28.5218
20
-17.3877
10
28.5889
20
-17.2458
10
28.6696
20
-17.1111
10
28.7632
20
-16.985
10
28.8686
20
-16.8686
10
28.985
20
-16.7632
10
29.1111
20
-16.6696
10
29.2458
20
-16.5889
10
29.3877
20
-16.5218
10
29.5355
20
-16.4689
10
29.6879
20
-16.4307
10
29.8432
20
-16.4077
10
30
20
-16.4
10
30.1568
20
-16.4077
10
30.3121
20
-16.4307
10
30.4645
20
-16.4689
10
30.6123
20
-16.5218
10
30.7542
20
-16.5889
10
30.8889
20
-16.6696
10
31.015
20
-16.7632
10
31.1314
20
-16.8686
10
31.2368
20
-16.985
10
31.3304
20
-17.1111
10
31.4111
20
-17.2458
10
31.4782
20
-17.3877
0
LWPOLYLINE
8
03_deck_splice_t3.0
100
AcDbEntity
100
AcDbPolyline
90
65
70
1
43
0.0
10
31.5311
20
18.4645
10
31.5693
20
18.3121
10
31.5923
20
18.1568
10
31.6
20
18
10
31.5923
20
17.8432
10
31.5693
20
17.6879
10
31.5311
20
17.5355
10
31.4782
20
17.3877
10
31.4111
20
17.2458
10
31.3304
20
17.1111
10
31.2368
20
16.985
10
31.1314
20
16.8686
10
31.015
20
16.7632
10
30.8889
20
16.6696
10
30.7542
20
16.5889
10
30.6123
20
16.5218
10
30.4645
20
16.4689
10
30.3121
20
16.4307
10
30.1568
20
16.4077
10
30
20
16.4
10
29.8432
20
16.4077
10
29.6879
20
16.4307
10
29.5355
20
16.4689
10
29.3877
20
16.5218
10
29.2458
20
16.5889
10
29.1111
20
16.6696
10
28.985
20
16.7632
10
28.8686
20
16.8686
10
28.7632
20
16.985
10
28.6696
20
17.1111
10
28.5889
20
17.2458
10
28.5218
20
17.3877
10
28.4689
20
17.5355
10
28.4307
20
17.6879
10
28.4077
20
17.8432
10
28.4
20
18
10
28.4077
20
18.1568
10
28.4307
20
18.3121
10
28.4689
20
18.4645
10
28.5218
20
18.6123
10
28.5889
20
18.7542
10
28.6696
20
18.8889
10
28.7632
20
19.015
10
28.8686
20
19.1314
10
28.985
20
19.2368
10
29.1111
20
19.3304
10
29.2458
20
19.4111
10
29.3877
20
19.4782
10
29.5355
20
19.5311
10
29.6879
20
19.5693
10
29.8432
20
19.5923
10
30
20
19.6
10
30.1568
20
19.5923
10
30.3121
20
19.5693
10
30.4645
20
19.5311
10
30.6123
20
19.4782
10
30.7542
20
19.4111
10
30.8889
20
19.3304
10
31.015
20
19.2368
10
31.1314
20
19.1314
10
31.2368
20
19.015
10
31.3304
20
18.8889
10
31.4111
20
18.7542
10
31.4782
20
18.6123
10
31.5311
20
18.4645
0
LWPOLYLINE
8
03_deck_splice_t3.0
100
AcDbEntity
100
AcDbPolyline
90
65
70
1
43
0.0
10
51.5693
20
-17.6879
10
51.5923
20
-17.8432
10
51.6
20
-18
10
51.5923
20
-18.1568
10
51.5693
20
-18.3121
10
51.5311
20
-18.4645
10
51.4782
20
-18.6123
10
51.4111
20
-18.7542
10
51.3304
20
-18.8889
10
51.2368
20
-19.015
10
51.1314
20
-19.1314
10
51.015
20
-19.2368
10
50.8889
20
-19.3304
10
50.7542
20
-19.4111
10
50.6123
20
-19.4782
10
50.4645
20
-19.5311
10
50.3121
20
-19.5693
10
50.1568
20
-19.5923
10
50
20
-19.6
10
49.8432
20
-19.5923
10
49.6879
20
-19.5693
10
49.5355
20
-19.5311
10
49.3877
20
-19.4782
10
49.2458
20
-19.4111
10
49.1111
20
-19.3304
10
48.985
20
-19.2368
10
48.8686
20
-19.1314
10
48.7632
20
-19.015
10
48.6696
20
-18.8889
10
48.5889
20
-18.7542
10
48.5218
20
-18.6123
10
48.4689
20
-18.4645
10
48.4307
20
-18.3121
10
48.4077
20
-18.1568
10
48.4
20
-18
10
48.4077
20
-17.8432
10
48.4307
20
-17.6879
10
48.4689
20
-17.5355
10
48.5218
20
-17.3877
10
48.5889
20
-17.2458
10
48.6696
20
-17.1111
10
48.7632
20
-16.985
10
48.8686
20
-16.8686
10
48.985
20
-16.7632
10
49.1111
20
-16.6696
10
49.2458
20
-16.5889
10
49.3877
20
-16.5218
10
49.5355
20
-16.4689
10
49.6879
20
-16.4307
10
49.8432
20
-16.4077
10
50
20
-16.4
10
50.1568
20
-16.4077
10
50.3121
20
-16.4307
10
50.4645
20
-16.4689
10
50.6123
20
-16.5218
10
50.7542
20
-16.5889
10
50.8889
20
-16.6696
10
51.015
20
-16.7632
10
51.1314
20
-16.8686
10
51.2368
20
-16.985
10
51.3304
20
-17.1111
10
51.4111
20
-17.2458
10
51.4782
20
-17.3877
10
51.5311
20
-17.5355
10
51.5693
20
-17.6879
0
LWPOLYLINE
8
03_deck_splice_t3.0
100
AcDbEntity
100
AcDbPolyline
90
65
70
1
43
0.0
10
51.5923
20
18.1568
10
51.6
20
18
10
51.5923
20
17.8432
10
51.5693
20
17.6879
10
51.5311
20
17.5355
10
51.4782
20
17.3877
10
51.4111
20
17.2458
10
51.3304
20
17.1111
10
51.2368
20
16.985
10
51.1314
20
16.8686
10
51.015
20
16.7632
10
50.8889
20
16.6696
10
50.7542
20
16.5889
10
50.6123
20
16.5218
10
50.4645
20
16.4689
10
50.3121
20
16.4307
10
50.1568
20
16.4077
10
50
20
16.4
10
49.8432
20
16.4077
10
49.6879
20
16.4307
10
49.5355
20
16.4689
10
49.3877
20
16.5218
10
49.2458
20
16.5889
10
49.1111
20
16.6696
10
48.985
20
16.7632
10
48.8686
20
16.8686
10
48.7632
20
16.985
10
48.6696
20
17.1111
10
48.5889
20
17.2458
10
48.5218
20
17.3877
10
48.4689
20
17.5355
10
48.4307
20
17.6879
10
48.4077
20
17.8432
10
48.4
20
18
10
48.4077
20
18.1568
10
48.4307
20
18.3121
10
48.4689
20
18.4645
10
48.5218
20
18.6123
10
48.5889
20
18.7542
10
48.6696
20
18.8889
10
48.7632
20
19.015
10
48.8686
20
19.1314
10
48.985
20
19.2368
10
49.1111
20
19.3304
10
49.2458
20
19.4111
10
49.3877
20
19.4782
10
49.5355
20
19.5311
10
49.6879
20
19.5693
10
49.8432
20
19.5923
10
50
20
19.6
10
50.1568
20
19.5923
10
50.3121
20
19.5693
10
50.4645
20
19.5311
10
50.6123
20
19.4782
10
50.7542
20
19.4111
10
50.8889
20
19.3304
10
51.015
20
19.2368
10
51.1314
20
19.1314
10
51.2368
20
19.015
10
51.3304
20
18.8889
10
51.4111
20
18.7542
10
51.4782
20
18.6123
10
51.5311
20
18.4645
10
51.5693
20
18.3121
10
51.5923
20
18.1568
0
LWPOLYLINE
8
04_column_t22.0
100
AcDbEntity
100
AcDbPolyline
90
65
70
1
43
0.0
10
5.9711
20
-0.5881
10
6
20
0
10
5.9711
20
0.5881
10
5.8847
20
1.1705
10
5.7416
20
1.7417
10
5.5433
20
2.2961
10
5.2915
20
2.8284
10
4.9888
20
3.3334
10
4.6381
20
3.8064
10
4.2426
20
4.2426
10
3.8064
20
4.6381
10
3.3334
20
4.9888
10
2.8284
20
5.2915
10
2.2961
20
5.5433
10
1.7417
20
5.7416
10
1.1705
20
5.8847
10
0.5881
20
5.9711
10
0
20
6
10
-0.5881
20
5.9711
10
-1.1705
20
5.8847
10
-1.7417
20
5.7416
10
-2.2961
20
5.5433
10
-2.8284
20
5.2915
10
-3.3334
20
4.9888
10
-3.8064
20
4.6381
10
-4.2426
20
4.2426
10
-4.6381
20
3.8064
10
-4.9888
20
3.3334
10
-5.2915
20
2.8284
10
-5.5433
20
2.2961
10
-5.7416
20
1.7417
10
-5.8847
20
1.1705
10
-5.9711
20
0.5881
10
-6
20
0
10
-5.9711
20
-0.5881
10
-5.8847
20
-1.1705
10
-5.7416
20
-1.7417
10
-5.5433
20
-2.2961
10
-5.2915
20
-2.8284
10
-4.9888
20
-3.3334
10
-4.6381
20
-3.8064
10
-4.2426
20
-4.2426
10
-3.8064
20
-4.6381
10
-3.3334
20
-4.9888
10
-2.8284
20
-5.2915
10
-2.2961
20
-5.5433
10
-1.7417
20
-5.7416
10
-1.1705
20
-5.8847
10
-0.5881
20
-5.9711
10
0
20
-6
10
0.5881
20
-5.9711
10
1.1705
20
-5.8847
10
1.7417
20
-5.7416
10
2.2961
20
-5.5433
10
2.8284
20
-5.2915
10
3.3334
20
-4.9888
10
3.8064
20
-4.6381
10
4.2426
20
-4.2426
10
4.6381
20
-3.8064
10
4.9888
20
-3.3334
10
5.2915
20
-2.8284
10
5.5433
20
-2.2961
10
5.7416
20
-1.7417
10
5.8847
20
-1.1705
10
5.9711
20
-0.5881
0
LWPOLYLINE
8
04_column_t22.0
100
AcDbEntity
100
AcDbPolyline
90
65
70
1
43
0.0
10
1.5923
20
0.1568
10
1.6
20
0
10
1.5923
20
-0.1568
10
1.5693
20
-0.3121
10
1.5311
20
-0.4645
10
1.4782
20
-0.6123
10
1.4111
20
-0.7542
10
1.3304
20
-0.8889
10
1.2368
20
-1.015
10
1.1314
20
-1.1314
10
1.015
20
-1.2368
10
0.8889
20
-1.3304
10
0.7542
20
-1.4111
10
0.6123
20
-1.4782
10
0.4645
20
-1.5311
10
0.3121
20
-1.5693
10
0.1568
20
-1.5923
10
0
20
-1.6
10
-0.1568
20
-1.5923
10
-0.3121
20
-1.5693
10
-0.4645
20
-1.5311
10
-0.6123
20
-1.4782
10
-0.7542
20
-1.4111
10
-0.8889
20
-1.3304
10
-1.015
20
-1.2368
10
-1.1314
20
-1.1314
10
-1.2368
20
-1.015
10
-1.3304
20
-0.8889
10
-1.4111
20
-0.7542
10
-1.4782
20
-0.6123
10
-1.5311
20
-0.4645
10
-1.5693
20
-0.3121
10
-1.5923
20
-0.1568
10
-1.6
20
0
10
-1.5923
20
0.1568
10
-1.5693
20
0.3121
10
-1.5311
20
0.4645
10
-1.4782
20
0.6123
10
-1.4111
20
0.7542
10
-1.3304
20
0.8889
10
-1.2368
20
1.015
10
-1.1314
20
1.1314
10
-1.015
20
1.2368
10
-0.8889
20
1.3304
10
-0.7542
20
1.4111
10
-0.6123
20
1.4782
10
-0.4645
20
1.5311
10
-0.3121
20
1.5693
10
-0.1568
20
1.5923
10
0
20
1.6
10
0.1568
20
1.5923
10
0.3121
20
1.5693
10
0.4645
20
1.5311
10
0.6123
20
1.4782
10
0.7542
20
1.4111
10
0.8889
20
1.3304
10
1.015
20
1.2368
10
1.1314
20
1.1314
10
1.2368
20
1.015
10
1.3304
20
0.8889
10
1.4111
20
0.7542
10
1.4782
20
0.6123
10
1.5311
20
0.4645
10
1.5693
20
0.3121
10
1.5923
20
0.1568
0
LWPOLYLINE
8
05_scoop_floor_t6.0
100
AcDbEntity
100
AcDbPolyline
90
5
70
1
43
0.0
10
-14
20
25
10
-14
20
-25
10
14
20
-48
10
14
20
48
10
-14
20
25
0
LWPOLYLINE
8
05_scoop_floor_t6.0
100
AcDbEntity
100
AcDbPolyline
90
19
70
1
43
0.0
10
-4.7654
20
30.8478
10
-4
20
31
10
4
20
31
10
4.7654
20
30.8478
10
5.4142
20
30.4142
10
5.8478
20
29.7654
10
6
20
29
10
5.8478
20
28.2346
10
5.4142
20
27.5858
10
4.7654
20
27.1522
10
4
20
27
10
-4
20
27
10
-4.7654
20
27.1522
10
-5.4142
20
27.5858
10
-5.8478
20
28.2346
10
-6
20
29
10
-5.8478
20
29.7654
10
-5.4142
20
30.4142
10
-4.7654
20
30.8478
0
LWPOLYLINE
8
05_scoop_floor_t6.0
100
AcDbEntity
100
AcDbPolyline
90
19
70
1
43
0.0
10
-4
20
-27
10
4
20
-27
10
4.7654
20
-27.1522
10
5.4142
20
-27.5858
10
5.8478
20
-28.2346
10
6
20
-29
10
5.8478
20
-29.7654
10
5.4142
20
-30.4142
10
4.7654
20
-30.8478
10
4
20
-31
10
-4
20
-31
10
-4.7654
20
-30.8478
10
-5.4142
20
-30.4142
10
-5.8478
20
-29.7654
10
-6
20
-29
10
-5.8478
20
-28.2346
10
-5.4142
20
-27.5858
10
-4.7654
20
-27.1522
10
-4
20
-27
0
LWPOLYLINE
8
05b_scoop_wall_L_t26.0
100
AcDbEntity
100
AcDbPolyline
90
5
70
1
43
0.0
10
-14
20
-19
10
-14
20
-25
10
14
20
-48
10
14
20
-42
10
-14
20
-19
0
LWPOLYLINE
8
05b_scoop_wall_L_t26.0
100
AcDbEntity
100
AcDbPolyline
90
65
70
1
43
0.0
10
-8.725
20
-25.0464
10
-8.7063
20
-25.1726
10
-8.7
20
-25.3
10
-8.7063
20
-25.4274
10
-8.725
20
-25.5536
10
-8.756
20
-25.6774
10
-8.799
20
-25.7975
10
-8.8535
20
-25.9128
10
-8.9191
20
-26.0222
10
-8.9951
20
-26.1247
10
-9.0808
20
-26.2192
10
-9.1753
20
-26.3049
10
-9.2778
20
-26.3809
10
-9.3872
20
-26.4465
10
-9.5025
20
-26.501
10
-9.6226
20
-26.544
10
-9.7464
20
-26.575
10
-9.8726
20
-26.5937
10
-10
20
-26.6
10
-10.1274
20
-26.5937
10
-10.2536
20
-26.575
10
-10.3774
20
-26.544
10
-10.4975
20
-26.501
10
-10.6128
20
-26.4465
10
-10.7222
20
-26.3809
10
-10.8247
20
-26.3049
10
-10.9192
20
-26.2192
10
-11.0049
20
-26.1247
10
-11.0809
20
-26.0222
10
-11.1465
20
-25.9128
10
-11.201
20
-25.7975
10
-11.244
20
-25.6774
10
-11.275
20
-25.5536
10
-11.2937
20
-25.4274
10
-11.3
20
-25.3
10
-11.2937
20
-25.1726
10
-11.275
20
-25.0464
10
-11.244
20
-24.9226
10
-11.201
20
-24.8025
10
-11.1465
20
-24.6872
10
-11.0809
20
-24.5778
10
-11.0049
20
-24.4753
10
-10.9192
20
-24.3808
10
-10.8247
20
-24.2951
10
-10.7222
20
-24.2191
10
-10.6128
20
-24.1535
10
-10.4975
20
-24.099
10
-10.3774
20
-24.056
10
-10.2536
20
-24.025
10
-10.1274
20
-24.0063
10
-10
20
-24
10
-9.8726
20
-24.0063
10
-9.7464
20
-24.025
10
-9.6226
20
-24.056
10
-9.5025
20
-24.099
10
-9.3872
20
-24.1535
10
-9.2778
20
-24.2191
10
-9.1753
20
-24.2951
10
-9.0808
20
-24.3808
10
-8.9951
20
-24.4753
10
-8.9191
20
-24.5778
10
-8.8535
20
-24.6872
10
-8.799
20
-24.8025
10
-8.756
20
-24.9226
10
-8.725
20
-25.0464
0
LWPOLYLINE
8
05b_scoop_wall_L_t26.0
100
AcDbEntity
100
AcDbPolyline
90
65
70
1
43
0.0
10
7.2937
20
-38.2726
10
7.3
20
-38.4
10
7.2937
20
-38.5274
10
7.275
20
-38.6536
10
7.244
20
-38.7774
10
7.201
20
-38.8975
10
7.1465
20
-39.0128
10
7.0809
20
-39.1222
10
7.0049
20
-39.2247
10
6.9192
20
-39.3192
10
6.8247
20
-39.4049
10
6.7222
20
-39.4809
10
6.6128
20
-39.5465
10
6.4975
20
-39.601
10
6.3774
20
-39.644
10
6.2536
20
-39.675
10
6.1274
20
-39.6937
10
6
20
-39.7
10
5.8726
20
-39.6937
10
5.7464
20
-39.675
10
5.6226
20
-39.644
10
5.5025
20
-39.601
10
5.3872
20
-39.5465
10
5.2778
20
-39.4809
10
5.1753
20
-39.4049
10
5.0808
20
-39.3192
10
4.9951
20
-39.2247
10
4.9191
20
-39.1222
10
4.8535
20
-39.0128
10
4.799
20
-38.8975
10
4.756
20
-38.7774
10
4.725
20
-38.6536
10
4.7063
20
-38.5274
10
4.7
20
-38.4
10
4.7063
20
-38.2726
10
4.725
20
-38.1464
10
4.756
20
-38.0226
10
4.799
20
-37.9025
10
4.8535
20
-37.7872
10
4.9191
20
-37.6778
10
4.9951
20
-37.5753
10
5.0808
20
-37.4808
10
5.1753
20
-37.3951
10
5.2778
20
-37.3191
10
5.3872
20
-37.2535
10
5.5025
20
-37.199
10
5.6226
20
-37.156
10
5.7464
20
-37.125
10
5.8726
20
-37.1063
10
6
20
-37.1
10
6.1274
20
-37.1063
10
6.2536
20
-37.125
10
6.3774
20
-37.156
10
6.4975
20
-37.199
10
6.6128
20
-37.2535
10
6.7222
20
-37.3191
10
6.8247
20
-37.3951
10
6.9192
20
-37.4808
10
7.0049
20
-37.5753
10
7.0809
20
-37.6778
10
7.1465
20
-37.7872
10
7.201
20
-37.9025
10
7.244
20
-38.0226
10
7.275
20
-38.1464
10
7.2937
20
-38.2726
0
LWPOLYLINE
8
05c_scoop_wall_R_t26.0
100
AcDbEntity
100
AcDbPolyline
90
5
70
1
43
0.0
10
-14
20
19
10
14
20
42
10
14
20
48
10
-14
20
25
10
-14
20
19
0
LWPOLYLINE
8
05c_scoop_wall_R_t26.0
100
AcDbEntity
100
AcDbPolyline
90
65
70
1
43
0.0
10
-8.725
20
25.5536
10
-8.7063
20
25.4274
10
-8.7
20
25.3
10
-8.7063
20
25.1726
10
-8.725
20
25.0464
10
-8.756
20
24.9226
10
-8.799
20
24.8025
10
-8.8535
20
24.6872
10
-8.9191
20
24.5778
10
-8.9951
20
24.4753
10
-9.0808
20
24.3808
10
-9.1753
20
24.2951
10
-9.2778
20
24.2191
10
-9.3872
20
24.1535
10
-9.5025
20
24.099
10
-9.6226
20
24.056
10
-9.7464
20
24.025
10
-9.8726
20
24.0063
10
-10
20
24
10
-10.1274
20
24.0063
10
-10.2536
20
24.025
10
-10.3774
20
24.056
10
-10.4975
20
24.099
10
-10.6128
20
24.1535
10
-10.7222
20
24.2191
10
-10.8247
20
24.2951
10
-10.9192
20
24.3808
10
-11.0049
20
24.4753
10
-11.0809
20
24.5778
10
-11.1465
20
24.6872
10
-11.201
20
24.8025
10
-11.244
20
24.9226
10
-11.275
20
25.0464
10
-11.2937
20
25.1726
10
-11.3
20
25.3
10
-11.2937
20
25.4274
10
-11.275
20
25.5536
10
-11.244
20
25.6774
10
-11.201
20
25.7975
10
-11.1465
20
25.9128
10
-11.0809
20
26.0222
10
-11.0049
20
26.1247
10
-10.9192
20
26.2192
10
-10.8247
20
26.3049
10
-10.7222
20
26.3809
10
-10.6128
20
26.4465
10
-10.4975
20
26.501
10
-10.3774
20
26.544
10
-10.2536
20
26.575
10
-10.1274
20
26.5937
10
-10
20
26.6
10
-9.8726
20
26.5937
10
-9.7464
20
26.575
10
-9.6226
20
26.544
10
-9.5025
20
26.501
10
-9.3872
20
26.4465
10
-9.2778
20
26.3809
10
-9.1753
20
26.3049
10
-9.0808
20
26.2192
10
-8.9951
20
26.1247
10
-8.9191
20
26.0222
10
-8.8535
20
25.9128
10
-8.799
20
25.7975
10
-8.756
20
25.6774
10
-8.725
20
25.5536
0
LWPOLYLINE
8
05c_scoop_wall_R_t26.0
100
AcDbEntity
100
AcDbPolyline
90
65
70
1
43
0.0
10
7.2937
20
38.5274
10
7.3
20
38.4
10
7.2937
20
38.2726
10
7.275
20
38.1464
10
7.244
20
38.0226
10
7.201
20
37.9025
10
7.1465
20
37.7872
10
7.0809
20
37.6778
10
7.0049
20
37.5753
10
6.9192
20
37.4808
10
6.8247
20
37.3951
10
6.7222
20
37.3191
10
6.6128
20
37.2535
10
6.4975
20
37.199
10
6.3774
20
37.156
10
6.2536
20
37.125
10
6.1274
20
37.1063
10
6
20
37.1
10
5.8726
20
37.1063
10
5.7464
20
37.125
10
5.6226
20
37.156
10
5.5025
20
37.199
10
5.3872
20
37.2535
10
5.2778
20
37.3191
10
5.1753
20
37.3951
10
5.0808
20
37.4808
10
4.9951
20
37.5753
10
4.9191
20
37.6778
10
4.8535
20
37.7872
10
4.799
20
37.9025
10
4.756
20
38.0226
10
4.725
20
38.1464
10
4.7063
20
38.2726
10
4.7
20
38.4
10
4.7063
20
38.5274
10
4.725
20
38.6536
10
4.756
20
38.7774
10
4.799
20
38.8975
10
4.8535
20
39.0128
10
4.9191
20
39.1222
10
4.9951
20
39.2247
10
5.0808
20
39.3192
10
5.1753
20
39.4049
10
5.2778
20
39.4809
10
5.3872
20
39.5465
10
5.5025
20
39.601
10
5.6226
20
39.644
10
5.7464
20
39.675
10
5.8726
20
39.6937
10
6
20
39.7
10
6.1274
20
39.6937
10
6.2536
20
39.675
10
6.3774
20
39.644
10
6.4975
20
39.601
10
6.6128
20
39.5465
10
6.7222
20
39.4809
10
6.8247
20
39.4049
10
6.9192
20
39.3192
10
7.0049
20
39.2247
10
7.0809
20
39.1222
10
7.1465
20
39.0128
10
7.201
20
38.8975
10
7.244
20
38.7774
10
7.275
20
38.6536
10
7.2937
20
38.5274
0
LWPOLYLINE
8
05d_scoop_back_t26.0
100
AcDbEntity
100
AcDbPolyline
90
5
70
1
43
0.0
10
4
20
32
10
-4
20
32
10
-4
20
-32
10
4
20
-32
10
4
20
32
0
LWPOLYLINE
8
05d_scoop_back_t26.0
100
AcDbEntity
100
AcDbPolyline
90
65
70
1
43
0.0
10
1.5693
20
-21.6879
10
1.5923
20
-21.8432
10
1.6
20
-22
10
1.5923
20
-22.1568
10
1.5693
20
-22.3121
10
1.5311
20
-22.4645
10
1.4782
20
-22.6123
10
1.4111
20
-22.7542
10
1.3304
20
-22.8889
10
1.2368
20
-23.015
10
1.1314
20
-23.1314
10
1.015
20
-23.2368
10
0.8889
20
-23.3304
10
0.7542
20
-23.4111
10
0.6123
20
-23.4782
10
0.4645
20
-23.5311
10
0.3121
20
-23.5693
10
0.1568
20
-23.5923
10
0
20
-23.6
10
-0.1568
20
-23.5923
10
-0.3121
20
-23.5693
10
-0.4645
20
-23.5311
10
-0.6123
20
-23.4782
10
-0.7542
20
-23.4111
10
-0.8889
20
-23.3304
10
-1.015
20
-23.2368
10
-1.1314
20
-23.1314
10
-1.2368
20
-23.015
10
-1.3304
20
-22.8889
10
-1.4111
20
-22.7542
10
-1.4782
20
-22.6123
10
-1.5311
20
-22.4645
10
-1.5693
20
-22.3121
10
-1.5923
20
-22.1568
10
-1.6
20
-22
10
-1.5923
20
-21.8432
10
-1.5693
20
-21.6879
10
-1.5311
20
-21.5355
10
-1.4782
20
-21.3877
10
-1.4111
20
-21.2458
10
-1.3304
20
-21.1111
10
-1.2368
20
-20.985
10
-1.1314
20
-20.8686
10
-1.015
20
-20.7632
10
-0.8889
20
-20.6696
10
-0.7542
20
-20.5889
10
-0.6123
20
-20.5218
10
-0.4645
20
-20.4689
10
-0.3121
20
-20.4307
10
-0.1568
20
-20.4077
10
0
20
-20.4
10
0.1568
20
-20.4077
10
0.3121
20
-20.4307
10
0.4645
20
-20.4689
10
0.6123
20
-20.5218
10
0.7542
20
-20.5889
10
0.8889
20
-20.6696
10
1.015
20
-20.7632
10
1.1314
20
-20.8686
10
1.2368
20
-20.985
10
1.3304
20
-21.1111
10
1.4111
20
-21.2458
10
1.4782
20
-21.3877
10
1.5311
20
-21.5355
10
1.5693
20
-21.6879
0
LWPOLYLINE
8
05d_scoop_back_t26.0
100
AcDbEntity
100
AcDbPolyline
90
65
70
1
43
0.0
10
1.5923
20
22.1568
10
1.6
20
22
10
1.5923
20
21.8432
10
1.5693
20
21.6879
10
1.5311
20
21.5355
10
1.4782
20
21.3877
10
1.4111
20
21.2458
10
1.3304
20
21.1111
10
1.2368
20
20.985
10
1.1314
20
20.8686
10
1.015
20
20.7632
10
0.8889
20
20.6696
10
0.7542
20
20.5889
10
0.6123
20
20.5218
10
0.4645
20
20.4689
10
0.3121
20
20.4307
10
0.1568
20
20.4077
10
0
20
20.4
10
-0.1568
20
20.4077
10
-0.3121
20
20.4307
10
-0.4645
20
20.4689
10
-0.6123
20
20.5218
10
-0.7542
20
20.5889
10
-0.8889
20
20.6696
10
-1.015
20
20.7632
10
-1.1314
20
20.8686
10
-1.2368
20
20.985
10
-1.3304
20
21.1111
10
-1.4111
20
21.2458
10
-1.4782
20
21.3877
10
-1.5311
20
21.5355
10
-1.5693
20
21.6879
10
-1.5923
20
21.8432
10
-1.6
20
22
10
-1.5923
20
22.1568
10
-1.5693
20
22.3121
10
-1.5311
20
22.4645
10
-1.4782
20
22.6123
10
-1.4111
20
22.7542
10
-1.3304
20
22.8889
10
-1.2368
20
23.015
10
-1.1314
20
23.1314
10
-1.015
20
23.2368
10
-0.8889
20
23.3304
10
-0.7542
20
23.4111
10
-0.6123
20
23.4782
10
-0.4645
20
23.5311
10
-0.3121
20
23.5693
10
-0.1568
20
23.5923
10
0
20
23.6
10
0.1568
20
23.5923
10
0.3121
20
23.5693
10
0.4645
20
23.5311
10
0.6123
20
23.4782
10
0.7542
20
23.4111
10
0.8889
20
23.3304
10
1.015
20
23.2368
10
1.1314
20
23.1314
10
1.2368
20
23.015
10
1.3304
20
22.8889
10
1.4111
20
22.7542
10
1.4782
20
22.6123
10
1.5311
20
22.4645
10
1.5693
20
22.3121
10
1.5923
20
22.1568
0
LWPOLYLINE
8
06_limit_lever_t4.0
100
AcDbEntity
100
AcDbPolyline
90
5
70
1
43
0.0
10
45
20
6
10
0
20
6
10
0
20
-6
10
45
20
-6
10
45
20
6
0
LWPOLYLINE
8
06_limit_lever_t4.0
100
AcDbEntity
100
AcDbPolyline
90
65
70
1
43
0.0
10
6.275
20
0.2536
10
6.2937
20
0.1274
10
6.3
20
0
10
6.2937
20
-0.1274
10
6.275
20
-0.2536
10
6.244
20
-0.3774
10
6.201
20
-0.4975
10
6.1465
20
-0.6128
10
6.0809
20
-0.7222
10
6.0049
20
-0.8247
10
5.9192
20
-0.9192
10
5.8247
20
-1.0049
10
5.7222
20
-1.0809
10
5.6128
20
-1.1465
10
5.4975
20
-1.201
10
5.3774
20
-1.244
10
5.2536
20
-1.275
10
5.1274
20
-1.2937
10
5
20
-1.3
10
4.8726
20
-1.2937
10
4.7464
20
-1.275
10
4.6226
20
-1.244
10
4.5025
20
-1.201
10
4.3872
20
-1.1465
10
4.2778
20
-1.0809
10
4.1753
20
-1.0049
10
4.0808
20
-0.9192
10
3.9951
20
-0.8247
10
3.9191
20
-0.7222
10
3.8535
20
-0.6128
10
3.799
20
-0.4975
10
3.756
20
-0.3774
10
3.725
20
-0.2536
10
3.7063
20
-0.1274
10
3.7
20
0
10
3.7063
20
0.1274
10
3.725
20
0.2536
10
3.756
20
0.3774
10
3.799
20
0.4975
10
3.8535
20
0.6128
10
3.9191
20
0.7222
10
3.9951
20
0.8247
10
4.0808
20
0.9192
10
4.1753
20
1.0049
10
4.2778
20
1.0809
10
4.3872
20
1.1465
10
4.5025
20
1.201
10
4.6226
20
1.244
10
4.7464
20
1.275
10
4.8726
20
1.2937
10
5
20
1.3
10
5.1274
20
1.2937
10
5.2536
20
1.275
10
5.3774
20
1.244
10
5.4975
20
1.201
10
5.6128
20
1.1465
10
5.7222
20
1.0809
10
5.8247
20
1.0049
10
5.9192
20
0.9192
10
6.0049
20
0.8247
10
6.0809
20
0.7222
10
6.1465
20
0.6128
10
6.201
20
0.4975
10
6.244
20
0.3774
10
6.275
20
0.2536
0
LWPOLYLINE
8
06_limit_lever_t4.0
100
AcDbEntity
100
AcDbPolyline
90
65
70
1
43
0.0
10
39.2937
20
0.1274
10
39.3
20
0
10
39.2937
20
-0.1274
10
39.275
20
-0.2536
10
39.244
20
-0.3774
10
39.201
20
-0.4975
10
39.1465
20
-0.6128
10
39.0809
20
-0.7222
10
39.0049
20
-0.8247
10
38.9192
20
-0.9192
10
38.8247
20
-1.0049
10
38.7222
20
-1.0809
10
38.6128
20
-1.1465
10
38.4975
20
-1.201
10
38.3774
20
-1.244
10
38.2536
20
-1.275
10
38.1274
20
-1.2937
10
38
20
-1.3
10
37.8726
20
-1.2937
10
37.7464
20
-1.275
10
37.6226
20
-1.244
10
37.5025
20
-1.201
10
37.3872
20
-1.1465
10
37.2778
20
-1.0809
10
37.1753
20
-1.0049
10
37.0808
20
-0.9192
10
36.9951
20
-0.8247
10
36.9191
20
-0.7222
10
36.8535
20
-0.6128
10
36.799
20
-0.4975
10
36.756
20
-0.3774
10
36.725
20
-0.2536
10
36.7063
20
-0.1274
10
36.7
20
0
10
36.7063
20
0.1274
10
36.725
20
0.2536
10
36.756
20
0.3774
10
36.799
20
0.4975
10
36.8535
20
0.6128
10
36.9191
20
0.7222
10
36.9951
20
0.8247
10
37.0808
20
0.9192
10
37.1753
20
1.0049
10
37.2778
20
1.0809
10
37.3872
20
1.1465
10
37.5025
20
1.201
10
37.6226
20
1.244
10
37.7464
20
1.275
10
37.8726
20
1.2937
10
38
20
1.3
10
38.1274
20
1.2937
10
38.2536
20
1.275
10
38.3774
20
1.244
10
38.4975
20
1.201
10
38.6128
20
1.1465
10
38.7222
20
1.0809
10
38.8247
20
1.0049
10
38.9192
20
0.9192
10
39.0049
20
0.8247
10
39.0809
20
0.7222
10
39.1465
20
0.6128
10
39.201
20
0.4975
10
39.244
20
0.3774
10
39.275
20
0.2536
10
39.2937
20
0.1274
0
LWPOLYLINE
8
07_grip_finger_L_t6.0
100
AcDbEntity
100
AcDbPolyline
90
8
70
1
43
0.0
10
42
20
1.5
10
34.5
20
6
10
0
20
6
10
0
20
-6
10
34.5
20
-6
10
43.5
20
-10.5
10
46.5
20
-4.5
10
42
20
1.5
0
LWPOLYLINE
8
07_grip_finger_L_t6.0
100
AcDbEntity
100
AcDbPolyline
90
65
70
1
43
0.0
10
7.244
20
0.3774
10
7.275
20
0.2536
10
7.2937
20
0.1274
10
7.3
20
0
10
7.2937
20
-0.1274
10
7.275
20
-0.2536
10
7.244
20
-0.3774
10
7.201
20
-0.4975
10
7.1465
20
-0.6128
10
7.0809
20
-0.7222
10
7.0049
20
-0.8247
10
6.9192
20
-0.9192
10
6.8247
20
-1.0049
10
6.7222
20
-1.0809
10
6.6128
20
-1.1465
10
6.4975
20
-1.201
10
6.3774
20
-1.244
10
6.2536
20
-1.275
10
6.1274
20
-1.2937
10
6
20
-1.3
10
5.8726
20
-1.2937
10
5.7464
20
-1.275
10
5.6226
20
-1.244
10
5.5025
20
-1.201
10
5.3872
20
-1.1465
10
5.2778
20
-1.0809
10
5.1753
20
-1.0049
10
5.0808
20
-0.9192
10
4.9951
20
-0.8247
10
4.9191
20
-0.7222
10
4.8535
20
-0.6128
10
4.799
20
-0.4975
10
4.756
20
-0.3774
10
4.725
20
-0.2536
10
4.7063
20
-0.1274
10
4.7
20
0
10
4.7063
20
0.1274
10
4.725
20
0.2536
10
4.756
20
0.3774
10
4.799
20
0.4975
10
4.8535
20
0.6128
10
4.9191
20
0.7222
10
4.9951
20
0.8247
10
5.0808
20
0.9192
10
5.1753
20
1.0049
10
5.2778
20
1.0809
10
5.3872
20
1.1465
10
5.5025
20
1.201
10
5.6226
20
1.244
10
5.7464
20
1.275
10
5.8726
20
1.2937
10
6
20
1.3
10
6.1274
20
1.2937
10
6.2536
20
1.275
10
6.3774
20
1.244
10
6.4975
20
1.201
10
6.6128
20
1.1465
10
6.7222
20
1.0809
10
6.8247
20
1.0049
10
6.9192
20
0.9192
10
7.0049
20
0.8247
10
7.0809
20
0.7222
10
7.1465
20
0.6128
10
7.201
20
0.4975
10
7.244
20
0.3774
0
LWPOLYLINE
8
07_grip_finger_L_t6.0
100
AcDbEntity
100
AcDbPolyline
90
65
70
1
43
0.0
10
19.5693
20
0.3121
10
19.5923
20
0.1568
10
19.6
20
0
10
19.5923
20
-0.1568
10
19.5693
20
-0.3121
10
19.5311
20
-0.4645
10
19.4782
20
-0.6123
10
19.4111
20
-0.7542
10
19.3304
20
-0.8889
10
19.2368
20
-1.015
10
19.1314
20
-1.1314
10
19.015
20
-1.2368
10
18.8889
20
-1.3304
10
18.7542
20
-1.4111
10
18.6123
20
-1.4782
10
18.4645
20
-1.5311
10
18.3121
20
-1.5693
10
18.1568
20
-1.5923
10
18
20
-1.6
10
17.8432
20
-1.5923
10
17.6879
20
-1.5693
10
17.5355
20
-1.5311
10
17.3877
20
-1.4782
10
17.2458
20
-1.4111
10
17.1111
20
-1.3304
10
16.985
20
-1.2368
10
16.8686
20
-1.1314
10
16.7632
20
-1.015
10
16.6696
20
-0.8889
10
16.5889
20
-0.7542
10
16.5218
20
-0.6123
10
16.4689
20
-0.4645
10
16.4307
20
-0.3121
10
16.4077
20
-0.1568
10
16.4
20
0
10
16.4077
20
0.1568
10
16.4307
20
0.3121
10
16.4689
20
0.4645
10
16.5218
20
0.6123
10
16.5889
20
0.7542
10
16.6696
20
0.8889
10
16.7632
20
1.015
10
16.8686
20
1.1314
10
16.985
20
1.2368
10
17.1111
20
1.3304
10
17.2458
20
1.4111
10
17.3877
20
1.4782
10
17.5355
20
1.5311
10
17.6879
20
1.5693
10
17.8432
20
1.5923
10
18
20
1.6
10
18.1568
20
1.5923
10
18.3121
20
1.5693
10
18.4645
20
1.5311
10
18.6123
20
1.4782
10
18.7542
20
1.4111
10
18.8889
20
1.3304
10
19.015
20
1.2368
10
19.1314
20
1.1314
10
19.2368
20
1.015
10
19.3304
20
0.8889
10
19.4111
20
0.7542
10
19.4782
20
0.6123
10
19.5311
20
0.4645
10
19.5693
20
0.3121
0
LWPOLYLINE
8
07_grip_finger_L_t6.0
100
AcDbEntity
100
AcDbPolyline
90
65
70
1
43
0.0
10
31.9904
20
0.196
10
32
20
0
10
31.9904
20
-0.196
10
31.9616
20
-0.3902
10
31.9139
20
-0.5806
10
31.8478
20
-0.7654
10
31.7638
20
-0.9428
10
31.6629
20
-1.1111
10
31.546
20
-1.2688
10
31.4142
20
-1.4142
10
31.2688
20
-1.546
10
31.1111
20
-1.6629
10
30.9428
20
-1.7638
10
30.7654
20
-1.8478
10
30.5806
20
-1.9139
10
30.3902
20
-1.9616
10
30.196
20
-1.9904
10
30
20
-2
10
29.804
20
-1.9904
10
29.6098
20
-1.9616
10
29.4194
20
-1.9139
10
29.2346
20
-1.8478
10
29.0572
20
-1.7638
10
28.8889
20
-1.6629
10
28.7312
20
-1.546
10
28.5858
20
-1.4142
10
28.454
20
-1.2688
10
28.3371
20
-1.1111
10
28.2362
20
-0.9428
10
28.1522
20
-0.7654
10
28.0861
20
-0.5806
10
28.0384
20
-0.3902
10
28.0096
20
-0.196
10
28
20
0
10
28.0096
20
0.196
10
28.0384
20
0.3902
10
28.0861
20
0.5806
10
28.1522
20
0.7654
10
28.2362
20
0.9428
10
28.3371
20
1.1111
10
28.454
20
1.2688
10
28.5858
20
1.4142
10
28.7312
20
1.546
10
28.8889
20
1.6629
10
29.0572
20
1.7638
10
29.2346
20
1.8478
10
29.4194
20
1.9139
10
29.6098
20
1.9616
10
29.804
20
1.9904
10
30
20
2
10
30.196
20
1.9904
10
30.3902
20
1.9616
10
30.5806
20
1.9139
10
30.7654
20
1.8478
10
30.9428
20
1.7638
10
31.1111
20
1.6629
10
31.2688
20
1.546
10
31.4142
20
1.4142
10
31.546
20
1.2688
10
31.6629
20
1.1111
10
31.7638
20
0.9428
10
31.8478
20
0.7654
10
31.9139
20
0.5806
10
31.9616
20
0.3902
10
31.9904
20
0.196
0
LWPOLYLINE
8
08_grip_finger_R_t6.0
100
AcDbEntity
100
AcDbPolyline
90
8
70
1
43
0.0
10
-46.5
20
-4.5
10
-43.5
20
-10.5
10
-34.5
20
-6
10
-0
20
-6
10
-0
20
6
10
-34.5
20
6
10
-42
20
1.5
10
-46.5
20
-4.5
0
LWPOLYLINE
8
08_grip_finger_R_t6.0
100
AcDbEntity
100
AcDbPolyline
90
65
70
1
43
0.0
10
-4.756
20
0.3774
10
-4.725
20
0.2536
10
-4.7063
20
0.1274
10
-4.7
20
0
10
-4.7063
20
-0.1274
10
-4.725
20
-0.2536
10
-4.756
20
-0.3774
10
-4.799
20
-0.4975
10
-4.8535
20
-0.6128
10
-4.9191
20
-0.7222
10
-4.9951
20
-0.8247
10
-5.0808
20
-0.9192
10
-5.1753
20
-1.0049
10
-5.2778
20
-1.0809
10
-5.3872
20
-1.1465
10
-5.5025
20
-1.201
10
-5.6226
20
-1.244
10
-5.7464
20
-1.275
10
-5.8726
20
-1.2937
10
-6
20
-1.3
10
-6.1274
20
-1.2937
10
-6.2536
20
-1.275
10
-6.3774
20
-1.244
10
-6.4975
20
-1.201
10
-6.6128
20
-1.1465
10
-6.7222
20
-1.0809
10
-6.8247
20
-1.0049
10
-6.9192
20
-0.9192
10
-7.0049
20
-0.8247
10
-7.0809
20
-0.7222
10
-7.1465
20
-0.6128
10
-7.201
20
-0.4975
10
-7.244
20
-0.3774
10
-7.275
20
-0.2536
10
-7.2937
20
-0.1274
10
-7.3
20
0
10
-7.2937
20
0.1274
10
-7.275
20
0.2536
10
-7.244
20
0.3774
10
-7.201
20
0.4975
10
-7.1465
20
0.6128
10
-7.0809
20
0.7222
10
-7.0049
20
0.8247
10
-6.9192
20
0.9192
10
-6.8247
20
1.0049
10
-6.7222
20
1.0809
10
-6.6128
20
1.1465
10
-6.4975
20
1.201
10
-6.3774
20
1.244
10
-6.2536
20
1.275
10
-6.1274
20
1.2937
10
-6
20
1.3
10
-5.8726
20
1.2937
10
-5.7464
20
1.275
10
-5.6226
20
1.244
10
-5.5025
20
1.201
10
-5.3872
20
1.1465
10
-5.2778
20
1.0809
10
-5.1753
20
1.0049
10
-5.0808
20
0.9192
10
-4.9951
20
0.8247
10
-4.9191
20
0.7222
10
-4.8535
20
0.6128
10
-4.799
20
0.4975
10
-4.756
20
0.3774
0
LWPOLYLINE
8
08_grip_finger_R_t6.0
100
AcDbEntity
100
AcDbPolyline
90
65
70
1
43
0.0
10
-16.4307
20
0.3121
10
-16.4077
20
0.1568
10
-16.4
20
0
10
-16.4077
20
-0.1568
10
-16.4307
20
-0.3121
10
-16.4689
20
-0.4645
10
-16.5218
20
-0.6123
10
-16.5889
20
-0.7542
10
-16.6696
20
-0.8889
10
-16.7632
20
-1.015
10
-16.8686
20
-1.1314
10
-16.985
20
-1.2368
10
-17.1111
20
-1.3304
10
-17.2458
20
-1.4111
10
-17.3877
20
-1.4782
10
-17.5355
20
-1.5311
10
-17.6879
20
-1.5693
10
-17.8432
20
-1.5923
10
-18
20
-1.6
10
-18.1568
20
-1.5923
10
-18.3121
20
-1.5693
10
-18.4645
20
-1.5311
10
-18.6123
20
-1.4782
10
-18.7542
20
-1.4111
10
-18.8889
20
-1.3304
10
-19.015
20
-1.2368
10
-19.1314
20
-1.1314
10
-19.2368
20
-1.015
10
-19.3304
20
-0.8889
10
-19.4111
20
-0.7542
10
-19.4782
20
-0.6123
10
-19.5311
20
-0.4645
10
-19.5693
20
-0.3121
10
-19.5923
20
-0.1568
10
-19.6
20
0
10
-19.5923
20
0.1568
10
-19.5693
20
0.3121
10
-19.5311
20
0.4645
10
-19.4782
20
0.6123
10
-19.4111
20
0.7542
10
-19.3304
20
0.8889
10
-19.2368
20
1.015
10
-19.1314
20
1.1314
10
-19.015
20
1.2368
10
-18.8889
20
1.3304
10
-18.7542
20
1.4111
10
-18.6123
20
1.4782
10
-18.4645
20
1.5311
10
-18.3121
20
1.5693
10
-18.1568
20
1.5923
10
-18
20
1.6
10
-17.8432
20
1.5923
10
-17.6879
20
1.5693
10
-17.5355
20
1.5311
10
-17.3877
20
1.4782
10
-17.2458
20
1.4111
10
-17.1111
20
1.3304
10
-16.985
20
1.2368
10
-16.8686
20
1.1314
10
-16.7632
20
1.015
10
-16.6696
20
0.8889
10
-16.5889
20
0.7542
10
-16.5218
20
0.6123
10
-16.4689
20
0.4645
10
-16.4307
20
0.3121
0
LWPOLYLINE
8
08_grip_finger_R_t6.0
100
AcDbEntity
100
AcDbPolyline
90
65
70
1
43
0.0
10
-28.0096
20
0.196
10
-28
20
0
10
-28.0096
20
-0.196
10
-28.0384
20
-0.3902
10
-28.0861
20
-0.5806
10
-28.1522
20
-0.7654
10
-28.2362
20
-0.9428
10
-28.3371
20
-1.1111
10
-28.454
20
-1.2688
10
-28.5858
20
-1.4142
10
-28.7312
20
-1.546
10
-28.8889
20
-1.6629
10
-29.0572
20
-1.7638
10
-29.2346
20
-1.8478
10
-29.4194
20
-1.9139
10
-29.6098
20
-1.9616
10
-29.804
20
-1.9904
10
-30
20
-2
10
-30.196
20
-1.9904
10
-30.3902
20
-1.9616
10
-30.5806
20
-1.9139
10
-30.7654
20
-1.8478
10
-30.9428
20
-1.7638
10
-31.1111
20
-1.6629
10
-31.2688
20
-1.546
10
-31.4142
20
-1.4142
10
-31.546
20
-1.2688
10
-31.6629
20
-1.1111
10
-31.7638
20
-0.9428
10
-31.8478
20
-0.7654
10
-31.9139
20
-0.5806
10
-31.9616
20
-0.3902
10
-31.9904
20
-0.196
10
-32
20
0
10
-31.9904
20
0.196
10
-31.9616
20
0.3902
10
-31.9139
20
0.5806
10
-31.8478
20
0.7654
10
-31.7638
20
0.9428
10
-31.6629
20
1.1111
10
-31.546
20
1.2688
10
-31.4142
20
1.4142
10
-31.2688
20
1.546
10
-31.1111
20
1.6629
10
-30.9428
20
1.7638
10
-30.7654
20
1.8478
10
-30.5806
20
1.9139
10
-30.3902
20
1.9616
10
-30.196
20
1.9904
10
-30
20
2
10
-29.804
20
1.9904
10
-29.6098
20
1.9616
10
-29.4194
20
1.9139
10
-29.2346
20
1.8478
10
-29.0572
20
1.7638
10
-28.8889
20
1.6629
10
-28.7312
20
1.546
10
-28.5858
20
1.4142
10
-28.454
20
1.2688
10
-28.3371
20
1.1111
10
-28.2362
20
0.9428
10
-28.1522
20
0.7654
10
-28.0861
20
0.5806
10
-28.0384
20
0.3902
10
-28.0096
20
0.196
0
LWPOLYLINE
8
24a_claw_base_t4.0
100
AcDbEntity
100
AcDbPolyline
90
5
70
1
43
0.0
10
37
20
-28
10
37
20
28
10
-37
20
28
10
-37
20
-28
10
37
20
-28
0
LWPOLYLINE
8
24a_claw_base_t4.0
100
AcDbEntity
100
AcDbPolyline
90
5
70
1
43
0.0
10
35
20
8.2
10
35
20
-8.2
10
-35
20
-8.2
10
-35
20
8.2
10
35
20
8.2
0
LWPOLYLINE
8
24a_claw_base_t4.0
100
AcDbEntity
100
AcDbPolyline
90
19
70
1
43
0.0
10
12.25
20
12.75
10
12.9197
20
12.6168
10
13.4874
20
12.2374
10
13.8668
20
11.6697
10
14
20
11
10
13.8668
20
10.3303
10
13.4874
20
9.7626
10
12.9197
20
9.3832
10
12.25
20
9.25
10
7.75
20
9.25
10
7.0803
20
9.3832
10
6.5126
20
9.7626
10
6.1332
20
10.3303
10
6
20
11
10
6.1332
20
11.6697
10
6.5126
20
12.2374
10
7.0803
20
12.6168
10
7.75
20
12.75
10
12.25
20
12.75
0
LWPOLYLINE
8
24a_claw_base_t4.0
100
AcDbEntity
100
AcDbPolyline
90
19
70
1
43
0.0
10
12.9197
20
-9.3832
10
13.4874
20
-9.7626
10
13.8668
20
-10.3303
10
14
20
-11
10
13.8668
20
-11.6697
10
13.4874
20
-12.2374
10
12.9197
20
-12.6168
10
12.25
20
-12.75
10
7.75
20
-12.75
10
7.0803
20
-12.6168
10
6.5126
20
-12.2374
10
6.1332
20
-11.6697
10
6
20
-11
10
6.1332
20
-10.3303
10
6.5126
20
-9.7626
10
7.0803
20
-9.3832
10
7.75
20
-9.25
10
12.25
20
-9.25
10
12.9197
20
-9.3832
0
LWPOLYLINE
8
24a_claw_base_t4.0
100
AcDbEntity
100
AcDbPolyline
90
19
70
1
43
0.0
10
25.4874
20
12.2374
10
25.8668
20
11.6697
10
26
20
11
10
25.8668
20
10.3303
10
25.4874
20
9.7626
10
24.9197
20
9.3832
10
24.25
20
9.25
10
19.75
20
9.25
10
19.0803
20
9.3832
10
18.5126
20
9.7626
10
18.1332
20
10.3303
10
18
20
11
10
18.1332
20
11.6697
10
18.5126
20
12.2374
10
19.0803
20
12.6168
10
19.75
20
12.75
10
24.25
20
12.75
10
24.9197
20
12.6168
10
25.4874
20
12.2374
0
LWPOLYLINE
8
24a_claw_base_t4.0
100
AcDbEntity
100
AcDbPolyline
90
19
70
1
43
0.0
10
25.8668
20
-10.3303
10
26
20
-11
10
25.8668
20
-11.6697
10
25.4874
20
-12.2374
10
24.9197
20
-12.6168
10
24.25
20
-12.75
10
19.75
20
-12.75
10
19.0803
20
-12.6168
10
18.5126
20
-12.2374
10
18.1332
20
-11.6697
10
18
20
-11
10
18.1332
20
-10.3303
10
18.5126
20
-9.7626
10
19.0803
20
-9.3832
10
19.75
20
-9.25
10
24.25
20
-9.25
10
24.9197
20
-9.3832
10
25.4874
20
-9.7626
10
25.8668
20
-10.3303
0
LWPOLYLINE
8
24a_claw_base_t4.0
100
AcDbEntity
100
AcDbPolyline
90
19
70
1
43
0.0
10
-6
20
11
10
-6.1332
20
10.3303
10
-6.5126
20
9.7626
10
-7.0803
20
9.3832
10
-7.75
20
9.25
10
-12.25
20
9.25
10
-12.9197
20
9.3832
10
-13.4874
20
9.7626
10
-13.8668
20
10.3303
10
-14
20
11
10
-13.8668
20
11.6697
10
-13.4874
20
12.2374
10
-12.9197
20
12.6168
10
-12.25
20
12.75
10
-7.75
20
12.75
10
-7.0803
20
12.6168
10
-6.5126
20
12.2374
10
-6.1332
20
11.6697
10
-6
20
11
0
LWPOLYLINE
8
24a_claw_base_t4.0
100
AcDbEntity
100
AcDbPolyline
90
19
70
1
43
0.0
10
-6.1332
20
-11.6697
10
-6.5126
20
-12.2374
10
-7.0803
20
-12.6168
10
-7.75
20
-12.75
10
-12.25
20
-12.75
10
-12.9197
20
-12.6168
10
-13.4874
20
-12.2374
10
-13.8668
20
-11.6697
10
-14
20
-11
10
-13.8668
20
-10.3303
10
-13.4874
20
-9.7626
10
-12.9197
20
-9.3832
10
-12.25
20
-9.25
10
-7.75
20
-9.25
10
-7.0803
20
-9.3832
10
-6.5126
20
-9.7626
10
-6.1332
20
-10.3303
10
-6
20
-11
10
-6.1332
20
-11.6697
0
LWPOLYLINE
8
24a_claw_base_t4.0
100
AcDbEntity
100
AcDbPolyline
90
19
70
1
43
0.0
10
-18.5126
20
9.7626
10
-19.0803
20
9.3832
10
-19.75
20
9.25
10
-24.25
20
9.25
10
-24.9197
20
9.3832
10
-25.4874
20
9.7626
10
-25.8668
20
10.3303
10
-26
20
11
10
-25.8668
20
11.6697
10
-25.4874
20
12.2374
10
-24.9197
20
12.6168
10
-24.25
20
12.75
10
-19.75
20
12.75
10
-19.0803
20
12.6168
10
-18.5126
20
12.2374
10
-18.1332
20
11.6697
10
-18
20
11
10
-18.1332
20
10.3303
10
-18.5126
20
9.7626
0
LWPOLYLINE
8
24a_claw_base_t4.0
100
AcDbEntity
100
AcDbPolyline
90
19
70
1
43
0.0
10
-19.0803
20
-12.6168
10
-19.75
20
-12.75
10
-24.25
20
-12.75
10
-24.9197
20
-12.6168
10
-25.4874
20
-12.2374
10
-25.8668
20
-11.6697
10
-26
20
-11
10
-25.8668
20
-10.3303
10
-25.4874
20
-9.7626
10
-24.9197
20
-9.3832
10
-24.25
20
-9.25
10
-19.75
20
-9.25
10
-19.0803
20
-9.3832
10
-18.5126
20
-9.7626
10
-18.1332
20
-10.3303
10
-18
20
-11
10
-18.1332
20
-11.6697
10
-18.5126
20
-12.2374
10
-19.0803
20
-12.6168
0
LWPOLYLINE
8
24a_claw_base_t4.0
100
AcDbEntity
100
AcDbPolyline
90
103
70
1
43
0.0
10
8
20
22
10
8
20
24
10
8.1522
20
24.7654
10
8.5858
20
25.4142
10
9.2346
20
25.8478
10
10
20
26
10
10.7654
20
25.8478
10
11.4142
20
25.4142
10
11.8478
20
24.7654
10
12
20
24
10
12
20
22
10
24
20
22
10
24
20
24
10
24.1522
20
24.7654
10
24.5858
20
25.4142
10
25.2346
20
25.8478
10
26
20
26
10
26.7654
20
25.8478
10
27.4142
20
25.4142
10
27.8478
20
24.7654
10
28
20
24
10
28
20
22
10
28.7654
20
21.8478
10
29.4142
20
21.4142
10
29.8478
20
20.7654
10
30
20
20
10
29.8478
20
19.2346
10
29.4142
20
18.5858
10
28.7654
20
18.1522
10
28
20
18
10
28
20
17
10
27.8478
20
16.2346
10
27.4142
20
15.5858
10
26.7654
20
15.1522
10
26
20
15
10
25.2346
20
15.1522
10
24.5858
20
15.5858
10
24.1522
20
16.2346
10
24
20
17
10
24
20
18
10
12
20
18
10
12
20
17
10
11.8478
20
16.2346
10
11.4142
20
15.5858
10
10.7654
20
15.1522
10
10
20
15
10
9.2346
20
15.1522
10
8.5858
20
15.5858
10
8.1522
20
16.2346
10
8
20
17
10
8
20
18
10
-8
20
18
10
-8
20
17
10
-8.1522
20
16.2346
10
-8.5858
20
15.5858
10
-9.2346
20
15.1522
10
-10
20
15
10
-10.7654
20
15.1522
10
-11.4142
20
15.5858
10
-11.8478
20
16.2346
10
-12
20
17
10
-12
20
18
10
-24
20
18
10
-24
20
17
10
-24.1522
20
16.2346
10
-24.5858
20
15.5858
10
-25.2346
20
15.1522
10
-26
20
15
10
-26.7654
20
15.1522
10
-27.4142
20
15.5858
10
-27.8478
20
16.2346
10
-28
20
17
10
-28
20
18
10
-28.7654
20
18.1522
10
-29.4142
20
18.5858
10
-29.8478
20
19.2346
10
-30
20
20
10
-29.8478
20
20.7654
10
-29.4142
20
21.4142
10
-28.7654
20
21.8478
10
-28
20
22
10
-28
20
24
10
-27.8478
20
24.7654
10
-27.4142
20
25.4142
10
-26.7654
20
25.8478
10
-26
20
26
10
-25.2346
20
25.8478
10
-24.5858
20
25.4142
10
-24.1522
20
24.7654
10
-24
20
24
10
-24
20
22
10
-12
20
22
10
-12
20
24
10
-11.8478
20
24.7654
10
-11.4142
20
25.4142
10
-10.7654
20
25.8478
10
-10
20
26
10
-9.2346
20
25.8478
10
-8.5858
20
25.4142
10
-8.1522
20
24.7654
10
-8
20
24
10
-8
20
22
10
8
20
22
0
LWPOLYLINE
8
24a_claw_base_t4.0
100
AcDbEntity
100
AcDbPolyline
90
103
70
1
43
0.0
10
8
20
-17
10
8.1522
20
-16.2346
10
8.5858
20
-15.5858
10
9.2346
20
-15.1522
10
10
20
-15
10
10.7654
20
-15.1522
10
11.4142
20
-15.5858
10
11.8478
20
-16.2346
10
12
20
-17
10
12
20
-18
10
24
20
-18
10
24
20
-17
10
24.1522
20
-16.2346
10
24.5858
20
-15.5858
10
25.2346
20
-15.1522
10
26
20
-15
10
26.7654
20
-15.1522
10
27.4142
20
-15.5858
10
27.8478
20
-16.2346
10
28
20
-17
10
28
20
-18
10
28.7654
20
-18.1522
10
29.4142
20
-18.5858
10
29.8478
20
-19.2346
10
30
20
-20
10
29.8478
20
-20.7654
10
29.4142
20
-21.4142
10
28.7654
20
-21.8478
10
28
20
-22
10
28
20
-24
10
27.8478
20
-24.7654
10
27.4142
20
-25.4142
10
26.7654
20
-25.8478
10
26
20
-26
10
25.2346
20
-25.8478
10
24.5858
20
-25.4142
10
24.1522
20
-24.7654
10
24
20
-24
10
24
20
-22
10
12
20
-22
10
12
20
-24
10
11.8478
20
-24.7654
10
11.4142
20
-25.4142
10
10.7654
20
-25.8478
10
10
20
-26
10
9.2346
20
-25.8478
10
8.5858
20
-25.4142
10
8.1522
20
-24.7654
10
8
20
-24
10
8
20
-22
10
-8
20
-22
10
-8
20
-24
10
-8.1522
20
-24.7654
10
-8.5858
20
-25.4142
10
-9.2346
20
-25.8478
10
-10
20
-26
10
-10.7654
20
-25.8478
10
-11.4142
20
-25.4142
10
-11.8478
20
-24.7654
10
-12
20
-24
10
-12
20
-22
10
-24
20
-22
10
-24
20
-24
10
-24.1522
20
-24.7654
10
-24.5858
20
-25.4142
10
-25.2346
20
-25.8478
10
-26
20
-26
10
-26.7654
20
-25.8478
10
-27.4142
20
-25.4142
10
-27.8478
20
-24.7654
10
-28
20
-24
10
-28
20
-22
10
-28.7654
20
-21.8478
10
-29.4142
20
-21.4142
10
-29.8478
20
-20.7654
10
-30
20
-20
10
-29.8478
20
-19.2346
10
-29.4142
20
-18.5858
10
-28.7654
20
-18.1522
10
-28
20
-18
10
-28
20
-17
10
-27.8478
20
-16.2346
10
-27.4142
20
-15.5858
10
-26.7654
20
-15.1522
10
-26
20
-15
10
-25.2346
20
-15.1522
10
-24.5858
20
-15.5858
10
-24.1522
20
-16.2346
10
-24
20
-17
10
-24
20
-18
10
-12
20
-18
10
-12
20
-17
10
-11.8478
20
-16.2346
10
-11.4142
20
-15.5858
10
-10.7654
20
-15.1522
10
-10
20
-15
10
-9.2346
20
-15.1522
10
-8.5858
20
-15.5858
10
-8.1522
20
-16.2346
10
-8
20
-17
10
-8
20
-18
10
8
20
-18
10
8
20
-17
0
LWPOLYLINE
8
24b_claw_slider_t12.0
100
AcDbEntity
100
AcDbPolyline
90
5
70
1
43
0.0
10
9
20
-8
10
9
20
8
10
-9
20
8
10
-9
20
-8
10
9
20
-8
0
LWPOLYLINE
8
24b_claw_slider_t12.0
100
AcDbEntity
100
AcDbPolyline
90
65
70
1
43
0.0
10
1.6268
20
0.4935
10
1.6673
20
0.3317
10
1.6918
20
0.1666
10
1.7
20
0
10
1.6918
20
-0.1666
10
1.6673
20
-0.3317
10
1.6268
20
-0.4935
10
1.5706
20
-0.6506
10
1.4993
20
-0.8014
10
1.4135
20
-0.9445
10
1.3141
20
-1.0785
10
1.2021
20
-1.2021
10
1.0785
20
-1.3141
10
0.9445
20
-1.4135
10
0.8014
20
-1.4993
10
0.6506
20
-1.5706
10
0.4935
20
-1.6268
10
0.3317
20
-1.6673
10
0.1666
20
-1.6918
10
0
20
-1.7
10
-0.1666
20
-1.6918
10
-0.3317
20
-1.6673
10
-0.4935
20
-1.6268
10
-0.6506
20
-1.5706
10
-0.8014
20
-1.4993
10
-0.9445
20
-1.4135
10
-1.0785
20
-1.3141
10
-1.2021
20
-1.2021
10
-1.3141
20
-1.0785
10
-1.4135
20
-0.9445
10
-1.4993
20
-0.8014
10
-1.5706
20
-0.6506
10
-1.6268
20
-0.4935
10
-1.6673
20
-0.3317
10
-1.6918
20
-0.1666
10
-1.7
20
0
10
-1.6918
20
0.1666
10
-1.6673
20
0.3317
10
-1.6268
20
0.4935
10
-1.5706
20
0.6506
10
-1.4993
20
0.8014
10
-1.4135
20
0.9445
10
-1.3141
20
1.0785
10
-1.2021
20
1.2021
10
-1.0785
20
1.3141
10
-0.9445
20
1.4135
10
-0.8014
20
1.4993
10
-0.6506
20
1.5706
10
-0.4935
20
1.6268
10
-0.3317
20
1.6673
10
-0.1666
20
1.6918
10
0
20
1.7
10
0.1666
20
1.6918
10
0.3317
20
1.6673
10
0.4935
20
1.6268
10
0.6506
20
1.5706
10
0.8014
20
1.4993
10
0.9445
20
1.4135
10
1.0785
20
1.3141
10
1.2021
20
1.2021
10
1.3141
20
1.0785
10
1.4135
20
0.9445
10
1.4993
20
0.8014
10
1.5706
20
0.6506
10
1.6268
20
0.4935
0
LWPOLYLINE
8
24b_claw_slider_t12.0
100
AcDbEntity
100
AcDbPolyline
90
65
70
1
43
0.0
10
1.3241
20
5.2634
10
1.3435
20
5.1323
10
1.35
20
5
10
1.3435
20
4.8677
10
1.3241
20
4.7366
10
1.2919
20
4.6081
10
1.2472
20
4.4834
10
1.1906
20
4.3636
10
1.1225
20
4.25
10
1.0436
20
4.1436
10
0.9546
20
4.0454
10
0.8564
20
3.9564
10
0.75
20
3.8775
10
0.6364
20
3.8094
10
0.5166
20
3.7528
10
0.3919
20
3.7081
10
0.2634
20
3.6759
10
0.1323
20
3.6565
10
0
20
3.65
10
-0.1323
20
3.6565
10
-0.2634
20
3.6759
10
-0.3919
20
3.7081
10
-0.5166
20
3.7528
10
-0.6364
20
3.8094
10
-0.75
20
3.8775
10
-0.8564
20
3.9564
10
-0.9546
20
4.0454
10
-1.0436
20
4.1436
10
-1.1225
20
4.25
10
-1.1906
20
4.3636
10
-1.2472
20
4.4834
10
-1.2919
20
4.6081
10
-1.3241
20
4.7366
10
-1.3435
20
4.8677
10
-1.35
20
5
10
-1.3435
20
5.1323
10
-1.3241
20
5.2634
10
-1.2919
20
5.3919
10
-1.2472
20
5.5166
10
-1.1906
20
5.6364
10
-1.1225
20
5.75
10
-1.0436
20
5.8564
10
-0.9546
20
5.9546
10
-0.8564
20
6.0436
10
-0.75
20
6.1225
10
-0.6364
20
6.1906
10
-0.5166
20
6.2472
10
-0.3919
20
6.2919
10
-0.2634
20
6.3241
10
-0.1323
20
6.3435
10
0
20
6.35
10
0.1323
20
6.3435
10
0.2634
20
6.3241
10
0.3919
20
6.2919
10
0.5166
20
6.2472
10
0.6364
20
6.1906
10
0.75
20
6.1225
10
0.8564
20
6.0436
10
0.9546
20
5.9546
10
1.0436
20
5.8564
10
1.1225
20
5.75
10
1.1906
20
5.6364
10
1.2472
20
5.5166
10
1.2919
20
5.3919
10
1.3241
20
5.2634
0
LWPOLYLINE
8
24b_claw_slider_t12.0
100
AcDbEntity
100
AcDbPolyline
90
65
70
1
43
0.0
10
1.3435
20
-4.8677
10
1.35
20
-5
10
1.3435
20
-5.1323
10
1.3241
20
-5.2634
10
1.2919
20
-5.3919
10
1.2472
20
-5.5166
10
1.1906
20
-5.6364
10
1.1225
20
-5.75
10
1.0436
20
-5.8564
10
0.9546
20
-5.9546
10
0.8564
20
-6.0436
10
0.75
20
-6.1225
10
0.6364
20
-6.1906
10
0.5166
20
-6.2472
10
0.3919
20
-6.2919
10
0.2634
20
-6.3241
10
0.1323
20
-6.3435
10
0
20
-6.35
10
-0.1323
20
-6.3435
10
-0.2634
20
-6.3241
10
-0.3919
20
-6.2919
10
-0.5166
20
-6.2472
10
-0.6364
20
-6.1906
10
-0.75
20
-6.1225
10
-0.8564
20
-6.0436
10
-0.9546
20
-5.9546
10
-1.0436
20
-5.8564
10
-1.1225
20
-5.75
10
-1.1906
20
-5.6364
10
-1.2472
20
-5.5166
10
-1.2919
20
-5.3919
10
-1.3241
20
-5.2634
10
-1.3435
20
-5.1323
10
-1.35
20
-5
10
-1.3435
20
-4.8677
10
-1.3241
20
-4.7366
10
-1.2919
20
-4.6081
10
-1.2472
20
-4.4834
10
-1.1906
20
-4.3636
10
-1.1225
20
-4.25
10
-1.0436
20
-4.1436
10
-0.9546
20
-4.0454
10
-0.8564
20
-3.9564
10
-0.75
20
-3.8775
10
-0.6364
20
-3.8094
10
-0.5166
20
-3.7528
10
-0.3919
20
-3.7081
10
-0.2634
20
-3.6759
10
-0.1323
20
-3.6565
10
0
20
-3.65
10
0.1323
20
-3.6565
10
0.2634
20
-3.6759
10
0.3919
20
-3.7081
10
0.5166
20
-3.7528
10
0.6364
20
-3.8094
10
0.75
20
-3.8775
10
0.8564
20
-3.9564
10
0.9546
20
-4.0454
10
1.0436
20
-4.1436
10
1.1225
20
-4.25
10
1.1906
20
-4.3636
10
1.2472
20
-4.4834
10
1.2919
20
-4.6081
10
1.3241
20
-4.7366
10
1.3435
20
-4.8677
0
LWPOLYLINE
8
24c_claw_finger_t34.0
100
AcDbEntity
100
AcDbPolyline
90
5
70
1
43
0.0
10
3
20
13
10
-3
20
13
10
-3
20
-13
10
3
20
-13
10
3
20
13
0
LWPOLYLINE
8
24c_claw_finger_t34.0
100
AcDbEntity
100
AcDbPolyline
90
65
70
1
43
0.0
10
1.3241
20
5.2634
10
1.3435
20
5.1323
10
1.35
20
5
10
1.3435
20
4.8677
10
1.3241
20
4.7366
10
1.2919
20
4.6081
10
1.2472
20
4.4834
10
1.1906
20
4.3636
10
1.1225
20
4.25
10
1.0436
20
4.1436
10
0.9546
20
4.0454
10
0.8564
20
3.9564
10
0.75
20
3.8775
10
0.6364
20
3.8094
10
0.5166
20
3.7528
10
0.3919
20
3.7081
10
0.2634
20
3.6759
10
0.1323
20
3.6565
10
0
20
3.65
10
-0.1323
20
3.6565
10
-0.2634
20
3.6759
10
-0.3919
20
3.7081
10
-0.5166
20
3.7528
10
-0.6364
20
3.8094
10
-0.75
20
3.8775
10
-0.8564
20
3.9564
10
-0.9546
20
4.0454
10
-1.0436
20
4.1436
10
-1.1225
20
4.25
10
-1.1906
20
4.3636
10
-1.2472
20
4.4834
10
-1.2919
20
4.6081
10
-1.3241
20
4.7366
10
-1.3435
20
4.8677
10
-1.35
20
5
10
-1.3435
20
5.1323
10
-1.3241
20
5.2634
10
-1.2919
20
5.3919
10
-1.2472
20
5.5166
10
-1.1906
20
5.6364
10
-1.1225
20
5.75
10
-1.0436
20
5.8564
10
-0.9546
20
5.9546
10
-0.8564
20
6.0436
10
-0.75
20
6.1225
10
-0.6364
20
6.1906
10
-0.5166
20
6.2472
10
-0.3919
20
6.2919
10
-0.2634
20
6.3241
10
-0.1323
20
6.3435
10
0
20
6.35
10
0.1323
20
6.3435
10
0.2634
20
6.3241
10
0.3919
20
6.2919
10
0.5166
20
6.2472
10
0.6364
20
6.1906
10
0.75
20
6.1225
10
0.8564
20
6.0436
10
0.9546
20
5.9546
10
1.0436
20
5.8564
10
1.1225
20
5.75
10
1.1906
20
5.6364
10
1.2472
20
5.5166
10
1.2919
20
5.3919
10
1.3241
20
5.2634
0
LWPOLYLINE
8
24c_claw_finger_t34.0
100
AcDbEntity
100
AcDbPolyline
90
65
70
1
43
0.0
10
1.3435
20
-4.8677
10
1.35
20
-5
10
1.3435
20
-5.1323
10
1.3241
20
-5.2634
10
1.2919
20
-5.3919
10
1.2472
20
-5.5166
10
1.1906
20
-5.6364
10
1.1225
20
-5.75
10
1.0436
20
-5.8564
10
0.9546
20
-5.9546
10
0.8564
20
-6.0436
10
0.75
20
-6.1225
10
0.6364
20
-6.1906
10
0.5166
20
-6.2472
10
0.3919
20
-6.2919
10
0.2634
20
-6.3241
10
0.1323
20
-6.3435
10
0
20
-6.35
10
-0.1323
20
-6.3435
10
-0.2634
20
-6.3241
10
-0.3919
20
-6.2919
10
-0.5166
20
-6.2472
10
-0.6364
20
-6.1906
10
-0.75
20
-6.1225
10
-0.8564
20
-6.0436
10
-0.9546
20
-5.9546
10
-1.0436
20
-5.8564
10
-1.1225
20
-5.75
10
-1.1906
20
-5.6364
10
-1.2472
20
-5.5166
10
-1.2919
20
-5.3919
10
-1.3241
20
-5.2634
10
-1.3435
20
-5.1323
10
-1.35
20
-5
10
-1.3435
20
-4.8677
10
-1.3241
20
-4.7366
10
-1.2919
20
-4.6081
10
-1.2472
20
-4.4834
10
-1.1906
20
-4.3636
10
-1.1225
20
-4.25
10
-1.0436
20
-4.1436
10
-0.9546
20
-4.0454
10
-0.8564
20
-3.9564
10
-0.75
20
-3.8775
10
-0.6364
20
-3.8094
10
-0.5166
20
-3.7528
10
-0.3919
20
-3.7081
10
-0.2634
20
-3.6759
10
-0.1323
20
-3.6565
10
0
20
-3.65
10
0.1323
20
-3.6565
10
0.2634
20
-3.6759
10
0.3919
20
-3.7081
10
0.5166
20
-3.7528
10
0.6364
20
-3.8094
10
0.75
20
-3.8775
10
0.8564
20
-3.9564
10
0.9546
20
-4.0454
10
1.0436
20
-4.1436
10
1.1225
20
-4.25
10
1.1906
20
-4.3636
10
1.2472
20
-4.4834
10
1.2919
20
-4.6081
10
1.3241
20
-4.7366
10
1.3435
20
-4.8677
0
LWPOLYLINE
8
24d_claw_horn_t3.0
100
AcDbEntity
100
AcDbPolyline
90
67
70
1
43
0.0
10
-14.6481
20
-2.7716
10
-14.3709
20
-2.8708
10
-14.0853
20
-2.9424
10
-13.7941
20
-2.9856
10
-13.5
20
-3
10
13.5
20
-3
10
13.7941
20
-2.9856
10
14.0853
20
-2.9424
10
14.3709
20
-2.8708
10
14.6481
20
-2.7716
10
14.9142
20
-2.6458
10
15.1667
20
-2.4944
10
15.4032
20
-2.319
10
15.6213
20
-2.1213
10
15.819
20
-1.9032
10
15.9944
20
-1.6667
10
16.1458
20
-1.4142
10
16.2716
20
-1.1481
10
16.3708
20
-0.8709
10
16.4424
20
-0.5853
10
16.4856
20
-0.2941
10
16.5
20
0
10
16.4856
20
0.2941
10
16.4424
20
0.5853
10
16.3708
20
0.8709
10
16.2716
20
1.1481
10
16.1458
20
1.4142
10
15.9944
20
1.6667
10
15.819
20
1.9032
10
15.6213
20
2.1213
10
15.4032
20
2.319
10
15.1667
20
2.4944
10
14.9142
20
2.6458
10
14.6481
20
2.7716
10
14.3709
20
2.8708
10
14.0853
20
2.9424
10
13.7941
20
2.9856
10
13.5
20
3
10
-13.5
20
3
10
-13.7941
20
2.9856
10
-14.0853
20
2.9424
10
-14.3709
20
2.8708
10
-14.6481
20
2.7716
10
-14.9142
20
2.6458
10
-15.1667
20
2.4944
10
-15.4032
20
2.319
10
-15.6213
20
2.1213
10
-15.819
20
1.9032
10
-15.9944
20
1.6667
10
-16.1458
20
1.4142
10
-16.2716
20
1.1481
10
-16.3708
20
0.8709
10
-16.4424
20
0.5853
10
-16.4856
20
0.2941
10
-16.5
20
0
10
-16.4856
20
-0.2941
10
-16.4424
20
-0.5853
10
-16.3708
20
-0.8709
10
-16.2716
20
-1.1481
10
-16.1458
20
-1.4142
10
-15.9944
20
-1.6667
10
-15.819
20
-1.9032
10
-15.6213
20
-2.1213
10
-15.4032
20
-2.319
10
-15.1667
20
-2.4944
10
-14.9142
20
-2.6458
10
-14.6481
20
-2.7716
0
LWPOLYLINE
8
24d_claw_horn_t3.0
100
AcDbEntity
100
AcDbPolyline
90
65
70
1
43
0.0
10
1.4354
20
0.4354
10
1.4712
20
0.2926
10
1.4928
20
0.147
10
1.5
20
0
10
1.4928
20
-0.147
10
1.4712
20
-0.2926
10
1.4354
20
-0.4354
10
1.3858
20
-0.574
10
1.3229
20
-0.7071
10
1.2472
20
-0.8334
10
1.1595
20
-0.9516
10
1.0607
20
-1.0607
10
0.9516
20
-1.1595
10
0.8334
20
-1.2472
10
0.7071
20
-1.3229
10
0.574
20
-1.3858
10
0.4354
20
-1.4354
10
0.2926
20
-1.4712
10
0.147
20
-1.4928
10
0
20
-1.5
10
-0.147
20
-1.4928
10
-0.2926
20
-1.4712
10
-0.4354
20
-1.4354
10
-0.574
20
-1.3858
10
-0.7071
20
-1.3229
10
-0.8334
20
-1.2472
10
-0.9516
20
-1.1595
10
-1.0607
20
-1.0607
10
-1.1595
20
-0.9516
10
-1.2472
20
-0.8334
10
-1.3229
20
-0.7071
10
-1.3858
20
-0.574
10
-1.4354
20
-0.4354
10
-1.4712
20
-0.2926
10
-1.4928
20
-0.147
10
-1.5
20
0
10
-1.4928
20
0.147
10
-1.4712
20
0.2926
10
-1.4354
20
0.4354
10
-1.3858
20
0.574
10
-1.3229
20
0.7071
10
-1.2472
20
0.8334
10
-1.1595
20
0.9516
10
-1.0607
20
1.0607
10
-0.9516
20
1.1595
10
-0.8334
20
1.2472
10
-0.7071
20
1.3229
10
-0.574
20
1.3858
10
-0.4354
20
1.4354
10
-0.2926
20
1.4712
10
-0.147
20
1.4928
10
0
20
1.5
10
0.147
20
1.4928
10
0.2926
20
1.4712
10
0.4354
20
1.4354
10
0.574
20
1.3858
10
0.7071
20
1.3229
10
0.8334
20
1.2472
10
0.9516
20
1.1595
10
1.0607
20
1.0607
10
1.1595
20
0.9516
10
1.2472
20
0.8334
10
1.3229
20
0.7071
10
1.3858
20
0.574
10
1.4354
20
0.4354
0
LWPOLYLINE
8
24d_claw_horn_t3.0
100
AcDbEntity
100
AcDbPolyline
90
65
70
1
43
0.0
10
-11.8327
20
0.3317
10
-11.8082
20
0.1666
10
-11.8
20
0
10
-11.8082
20
-0.1666
10
-11.8327
20
-0.3317
10
-11.8732
20
-0.4935
10
-11.9294
20
-0.6506
10
-12.0007
20
-0.8014
10
-12.0865
20
-0.9445
10
-12.1859
20
-1.0785
10
-12.2979
20
-1.2021
10
-12.4215
20
-1.3141
10
-12.5555
20
-1.4135
10
-12.6986
20
-1.4993
10
-12.8494
20
-1.5706
10
-13.0065
20
-1.6268
10
-13.1683
20
-1.6673
10
-13.3334
20
-1.6918
10
-13.5
20
-1.7
10
-13.6666
20
-1.6918
10
-13.8317
20
-1.6673
10
-13.9935
20
-1.6268
10
-14.1506
20
-1.5706
10
-14.3014
20
-1.4993
10
-14.4445
20
-1.4135
10
-14.5785
20
-1.3141
10
-14.7021
20
-1.2021
10
-14.8141
20
-1.0785
10
-14.9135
20
-0.9445
10
-14.9993
20
-0.8014
10
-15.0706
20
-0.6506
10
-15.1268
20
-0.4935
10
-15.1673
20
-0.3317
10
-15.1918
20
-0.1666
10
-15.2
20
0
10
-15.1918
20
0.1666
10
-15.1673
20
0.3317
10
-15.1268
20
0.4935
10
-15.0706
20
0.6506
10
-14.9993
20
0.8014
10
-14.9135
20
0.9445
10
-14.8141
20
1.0785
10
-14.7021
20
1.2021
10
-14.5785
20
1.3141
10
-14.4445
20
1.4135
10
-14.3014
20
1.4993
10
-14.1506
20
1.5706
10
-13.9935
20
1.6268
10
-13.8317
20
1.6673
10
-13.6666
20
1.6918
10
-13.5
20
1.7
10
-13.3334
20
1.6918
10
-13.1683
20
1.6673
10
-13.0065
20
1.6268
10
-12.8494
20
1.5706
10
-12.6986
20
1.4993
10
-12.5555
20
1.4135
10
-12.4215
20
1.3141
10
-12.2979
20
1.2021
10
-12.1859
20
1.0785
10
-12.0865
20
0.9445
10
-12.0007
20
0.8014
10
-11.9294
20
0.6506
10
-11.8732
20
0.4935
10
-11.8327
20
0.3317
0
LWPOLYLINE
8
24d_claw_horn_t3.0
100
AcDbEntity
100
AcDbPolyline
90
65
70
1
43
0.0
10
15.1918
20
0.1666
10
15.2
20
0
10
15.1918
20
-0.1666
10
15.1673
20
-0.3317
10
15.1268
20
-0.4935
10
15.0706
20
-0.6506
10
14.9993
20
-0.8014
10
14.9135
20
-0.9445
10
14.8141
20
-1.0785
10
14.7021
20
-1.2021
10
14.5785
20
-1.3141
10
14.4445
20
-1.4135
10
14.3014
20
-1.4993
10
14.1506
20
-1.5706
10
13.9935
20
-1.6268
10
13.8317
20
-1.6673
10
13.6666
20
-1.6918
10
13.5
20
-1.7
10
13.3334
20
-1.6918
10
13.1683
20
-1.6673
10
13.0065
20
-1.6268
10
12.8494
20
-1.5706
10
12.6986
20
-1.4993
10
12.5555
20
-1.4135
10
12.4215
20
-1.3141
10
12.2979
20
-1.2021
10
12.1859
20
-1.0785
10
12.0865
20
-0.9445
10
12.0007
20
-0.8014
10
11.9294
20
-0.6506
10
11.8732
20
-0.4935
10
11.8327
20
-0.3317
10
11.8082
20
-0.1666
10
11.8
20
0
10
11.8082
20
0.1666
10
11.8327
20
0.3317
10
11.8732
20
0.4935
10
11.9294
20
0.6506
10
12.0007
20
0.8014
10
12.0865
20
0.9445
10
12.1859
20
1.0785
10
12.2979
20
1.2021
10
12.4215
20
1.3141
10
12.5555
20
1.4135
10
12.6986
20
1.4993
10
12.8494
20
1.5706
10
13.0065
20
1.6268
10
13.1683
20
1.6673
10
13.3334
20
1.6918
10
13.5
20
1.7
10
13.6666
20
1.6918
10
13.8317
20
1.6673
10
13.9935
20
1.6268
10
14.1506
20
1.5706
10
14.3014
20
1.4993
10
14.4445
20
1.4135
10
14.5785
20
1.3141
10
14.7021
20
1.2021
10
14.8141
20
1.0785
10
14.9135
20
0.9445
10
14.9993
20
0.8014
10
15.0706
20
0.6506
10
15.1268
20
0.4935
10
15.1673
20
0.3317
10
15.1918
20
0.1666
0
LWPOLYLINE
8
24e_claw_link_t3.0
100
AcDbEntity
100
AcDbPolyline
90
67
70
1
43
0.0
10
-15.1209
20
-2.8708
10
-14.8353
20
-2.9424
10
-14.5441
20
-2.9856
10
-14.25
20
-3
10
14.25
20
-3
10
14.5441
20
-2.9856
10
14.8353
20
-2.9424
10
15.1209
20
-2.8708
10
15.3981
20
-2.7716
10
15.6642
20
-2.6458
10
15.9167
20
-2.4944
10
16.1532
20
-2.319
10
16.3713
20
-2.1213
10
16.569
20
-1.9032
10
16.7444
20
-1.6667
10
16.8958
20
-1.4142
10
17.0216
20
-1.1481
10
17.1208
20
-0.8709
10
17.1924
20
-0.5853
10
17.2356
20
-0.2941
10
17.25
20
0
10
17.2356
20
0.2941
10
17.1924
20
0.5853
10
17.1208
20
0.8709
10
17.0216
20
1.1481
10
16.8958
20
1.4142
10
16.7444
20
1.6667
10
16.569
20
1.9032
10
16.3713
20
2.1213
10
16.1532
20
2.319
10
15.9167
20
2.4944
10
15.6642
20
2.6458
10
15.3981
20
2.7716
10
15.1209
20
2.8708
10
14.8353
20
2.9424
10
14.5441
20
2.9856
10
14.25
20
3
10
-14.25
20
3
10
-14.5441
20
2.9856
10
-14.8353
20
2.9424
10
-15.1209
20
2.8708
10
-15.3981
20
2.7716
10
-15.6642
20
2.6458
10
-15.9167
20
2.4944
10
-16.1532
20
2.319
10
-16.3713
20
2.1213
10
-16.569
20
1.9032
10
-16.7444
20
1.6667
10
-16.8958
20
1.4142
10
-17.0216
20
1.1481
10
-17.1208
20
0.8709
10
-17.1924
20
0.5853
10
-17.2356
20
0.2941
10
-17.25
20
0
10
-17.2356
20
-0.2941
10
-17.1924
20
-0.5853
10
-17.1208
20
-0.8709
10
-17.0216
20
-1.1481
10
-16.8958
20
-1.4142
10
-16.7444
20
-1.6667
10
-16.569
20
-1.9032
10
-16.3713
20
-2.1213
10
-16.1532
20
-2.319
10
-15.9167
20
-2.4944
10
-15.6642
20
-2.6458
10
-15.3981
20
-2.7716
10
-15.1209
20
-2.8708
0
LWPOLYLINE
8
24e_claw_link_t3.0
100
AcDbEntity
100
AcDbPolyline
90
65
70
1
43
0.0
10
-12.5827
20
0.3317
10
-12.5582
20
0.1666
10
-12.55
20
0
10
-12.5582
20
-0.1666
10
-12.5827
20
-0.3317
10
-12.6232
20
-0.4935
10
-12.6794
20
-0.6506
10
-12.7507
20
-0.8014
10
-12.8365
20
-0.9445
10
-12.9359
20
-1.0785
10
-13.0479
20
-1.2021
10
-13.1715
20
-1.3141
10
-13.3055
20
-1.4135
10
-13.4486
20
-1.4993
10
-13.5994
20
-1.5706
10
-13.7565
20
-1.6268
10
-13.9183
20
-1.6673
10
-14.0834
20
-1.6918
10
-14.25
20
-1.7
10
-14.4166
20
-1.6918
10
-14.5817
20
-1.6673
10
-14.7435
20
-1.6268
10
-14.9006
20
-1.5706
10
-15.0514
20
-1.4993
10
-15.1945
20
-1.4135
10
-15.3285
20
-1.3141
10
-15.4521
20
-1.2021
10
-15.5641
20
-1.0785
10
-15.6635
20
-0.9445
10
-15.7493
20
-0.8014
10
-15.8206
20
-0.6506
10
-15.8768
20
-0.4935
10
-15.9173
20
-0.3317
10
-15.9418
20
-0.1666
10
-15.95
20
0
10
-15.9418
20
0.1666
10
-15.9173
20
0.3317
10
-15.8768
20
0.4935
10
-15.8206
20
0.6506
10
-15.7493
20
0.8014
10
-15.6635
20
0.9445
10
-15.5641
20
1.0785
10
-15.4521
20
1.2021
10
-15.3285
20
1.3141
10
-15.1945
20
1.4135
10
-15.0514
20
1.4993
10
-14.9006
20
1.5706
10
-14.7435
20
1.6268
10
-14.5817
20
1.6673
10
-14.4166
20
1.6918
10
-14.25
20
1.7
10
-14.0834
20
1.6918
10
-13.9183
20
1.6673
10
-13.7565
20
1.6268
10
-13.5994
20
1.5706
10
-13.4486
20
1.4993
10
-13.3055
20
1.4135
10
-13.1715
20
1.3141
10
-13.0479
20
1.2021
10
-12.9359
20
1.0785
10
-12.8365
20
0.9445
10
-12.7507
20
0.8014
10
-12.6794
20
0.6506
10
-12.6232
20
0.4935
10
-12.5827
20
0.3317
0
LWPOLYLINE
8
24e_claw_link_t3.0
100
AcDbEntity
100
AcDbPolyline
90
65
70
1
43
0.0
10
15.9418
20
0.1666
10
15.95
20
0
10
15.9418
20
-0.1666
10
15.9173
20
-0.3317
10
15.8768
20
-0.4935
10
15.8206
20
-0.6506
10
15.7493
20
-0.8014
10
15.6635
20
-0.9445
10
15.5641
20
-1.0785
10
15.4521
20
-1.2021
10
15.3285
20
-1.3141
10
15.1945
20
-1.4135
10
15.0514
20
-1.4993
10
14.9006
20
-1.5706
10
14.7435
20
-1.6268
10
14.5817
20
-1.6673
10
14.4166
20
-1.6918
10
14.25
20
-1.7
10
14.0834
20
-1.6918
10
13.9183
20
-1.6673
10
13.7565
20
-1.6268
10
13.5994
20
-1.5706
10
13.4486
20
-1.4993
10
13.3055
20
-1.4135
10
13.1715
20
-1.3141
10
13.0479
20
-1.2021
10
12.9359
20
-1.0785
10
12.8365
20
-0.9445
10
12.7507
20
-0.8014
10
12.6794
20
-0.6506
10
12.6232
20
-0.4935
10
12.5827
20
-0.3317
10
12.5582
20
-0.1666
10
12.55
20
0
10
12.5582
20
0.1666
10
12.5827
20
0.3317
10
12.6232
20
0.4935
10
12.6794
20
0.6506
10
12.7507
20
0.8014
10
12.8365
20
0.9445
10
12.9359
20
1.0785
10
13.0479
20
1.2021
10
13.1715
20
1.3141
10
13.3055
20
1.4135
10
13.4486
20
1.4993
10
13.5994
20
1.5706
10
13.7565
20
1.6268
10
13.9183
20
1.6673
10
14.0834
20
1.6918
10
14.25
20
1.7
10
14.4166
20
1.6918
10
14.5817
20
1.6673
10
14.7435
20
1.6268
10
14.9006
20
1.5706
10
15.0514
20
1.4993
10
15.1945
20
1.4135
10
15.3285
20
1.3141
10
15.4521
20
1.2021
10
15.5641
20
1.0785
10
15.6635
20
0.9445
10
15.7493
20
0.8014
10
15.8206
20
0.6506
10
15.8768
20
0.4935
10
15.9173
20
0.3317
10
15.9418
20
0.1666
0
LWPOLYLINE
8
24f_claw_gear_t6.0
100
AcDbEntity
100
AcDbPolyline
90
41
70
1
43
0.0
10
3.811
20
-1.5786
10
4.0457
20
-0.8047
10
7.4642
20
-0.7319
10
7.4642
20
0.7319
10
4.0457
20
0.8047
10
3.811
20
1.5786
10
3.4298
20
2.2917
10
5.7955
20
4.7605
10
4.7605
20
5.7955
10
2.2917
20
3.4298
10
1.5786
20
3.811
10
0.8047
20
4.0457
10
0.7319
20
7.4642
10
-0.7319
20
7.4642
10
-0.8047
20
4.0457
10
-1.5786
20
3.811
10
-2.2917
20
3.4298
10
-4.7605
20
5.7955
10
-5.7955
20
4.7605
10
-3.4298
20
2.2917
10
-3.811
20
1.5786
10
-4.0457
20
0.8047
10
-7.4642
20
0.7319
10
-7.4642
20
-0.7319
10
-4.0457
20
-0.8047
10
-3.811
20
-1.5786
10
-3.4298
20
-2.2917
10
-5.7955
20
-4.7605
10
-4.7605
20
-5.7955
10
-2.2917
20
-3.4298
10
-1.5786
20
-3.811
10
-0.8047
20
-4.0457
10
-0.7319
20
-7.4642
10
0.7319
20
-7.4642
10
0.8047
20
-4.0457
10
1.5786
20
-3.811
10
2.2917
20
-3.4298
10
4.7605
20
-5.7955
10
5.7955
20
-4.7605
10
3.4298
20
-2.2917
10
3.811
20
-1.5786
0
LWPOLYLINE
8
24f_claw_gear_t6.0
100
AcDbEntity
100
AcDbPolyline
90
65
70
1
43
0.0
10
1.6918
20
0.1666
10
1.7
20
0
10
1.6918
20
-0.1666
10
1.6673
20
-0.3317
10
1.6268
20
-0.4935
10
1.5706
20
-0.6506
10
1.4993
20
-0.8014
10
1.4135
20
-0.9445
10
1.3141
20
-1.0785
10
1.2021
20
-1.2021
10
1.0785
20
-1.3141
10
0.9445
20
-1.4135
10
0.8014
20
-1.4993
10
0.6506
20
-1.5706
10
0.4935
20
-1.6268
10
0.3317
20
-1.6673
10
0.1666
20
-1.6918
10
0
20
-1.7
10
-0.1666
20
-1.6918
10
-0.3317
20
-1.6673
10
-0.4935
20
-1.6268
10
-0.6506
20
-1.5706
10
-0.8014
20
-1.4993
10
-0.9445
20
-1.4135
10
-1.0785
20
-1.3141
10
-1.2021
20
-1.2021
10
-1.3141
20
-1.0785
10
-1.4135
20
-0.9445
10
-1.4993
20
-0.8014
10
-1.5706
20
-0.6506
10
-1.6268
20
-0.4935
10
-1.6673
20
-0.3317
10
-1.6918
20
-0.1666
10
-1.7
20
0
10
-1.6918
20
0.1666
10
-1.6673
20
0.3317
10
-1.6268
20
0.4935
10
-1.5706
20
0.6506
10
-1.4993
20
0.8014
10
-1.4135
20
0.9445
10
-1.3141
20
1.0785
10
-1.2021
20
1.2021
10
-1.0785
20
1.3141
10
-0.9445
20
1.4135
10
-0.8014
20
1.4993
10
-0.6506
20
1.5706
10
-0.4935
20
1.6268
10
-0.3317
20
1.6673
10
-0.1666
20
1.6918
10
0
20
1.7
10
0.1666
20
1.6918
10
0.3317
20
1.6673
10
0.4935
20
1.6268
10
0.6506
20
1.5706
10
0.8014
20
1.4993
10
0.9445
20
1.4135
10
1.0785
20
1.3141
10
1.2021
20
1.2021
10
1.3141
20
1.0785
10
1.4135
20
0.9445
10
1.4993
20
0.8014
10
1.5706
20
0.6506
10
1.6268
20
0.4935
10
1.6673
20
0.3317
10
1.6918
20
0.1666
0
LWPOLYLINE
8
24g_claw_rack_t12.0
100
AcDbEntity
100
AcDbPolyline
90
102
70
1
43
0.0
10
22
20
7.8
10
22
20
19.8
10
-22
20
19.8
10
-22
20
7.8
10
-20.0512
20
7.8
10
-19.6035
20
4.5
10
-18.0956
20
4.5
10
-17.6479
20
7.8
10
-15.3388
20
7.8
10
-14.8911
20
4.5
10
-13.3832
20
4.5
10
-12.9355
20
7.8
10
-10.6264
20
7.8
10
-10.1788
20
4.5
10
-8.6708
20
4.5
10
-8.2231
20
7.8
10
-5.914
20
7.8
10
-5.4664
20
4.5
10
-3.9584
20
4.5
10
-3.5107
20
7.8
10
-1.2017
20
7.8
10
-0.754
20
4.5
10
0.754
20
4.5
10
1.2017
20
7.8
10
3.5107
20
7.8
10
3.9584
20
4.5
10
5.4664
20
4.5
10
5.914
20
7.8
10
8.2231
20
7.8
10
8.6708
20
4.5
10
10.1788
20
4.5
10
10.6264
20
7.8
10
12.3835
20
7.8
10
12.3636
20
7.8094
10
12.25
20
7.8775
10
12.1436
20
7.9564
10
12.0454
20
8.0454
10
11.9564
20
8.1436
10
11.8775
20
8.25
10
11.8094
20
8.3636
10
11.7528
20
8.4834
10
11.7081
20
8.6081
10
11.6759
20
8.7366
10
11.6565
20
8.8677
10
11.65
20
9
10
11.6565
20
9.1323
10
11.6759
20
9.2634
10
11.7081
20
9.3919
10
11.7528
20
9.5166
10
11.8094
20
9.6364
10
11.8775
20
9.75
10
11.9564
20
9.8564
10
12.0454
20
9.9546
10
12.1436
20
10.0436
10
12.25
20
10.1225
10
12.3636
20
10.1906
10
12.4834
20
10.2472
10
12.6081
20
10.2919
10
12.7366
20
10.3241
10
12.8677
20
10.3435
10
13
20
10.35
10
13.1323
20
10.3435
10
13.2634
20
10.3241
10
13.3919
20
10.2919
10
13.5166
20
10.2472
10
13.6364
20
10.1906
10
13.75
20
10.1225
10
13.8564
20
10.0436
10
13.9546
20
9.9546
10
14.0436
20
9.8564
10
14.1225
20
9.75
10
14.1906
20
9.6364
10
14.2472
20
9.5166
10
14.2919
20
9.3919
10
14.3241
20
9.2634
10
14.3435
20
9.1323
10
14.35
20
9
10
14.3435
20
8.8677
10
14.3241
20
8.7366
10
14.2919
20
8.6081
10
14.2472
20
8.4834
10
14.1906
20
8.3636
10
14.1225
20
8.25
10
14.0436
20
8.1436
10
13.9546
20
8.0454
10
13.8564
20
7.9564
10
13.75
20
7.8775
10
13.6364
20
7.8094
10
13.5166
20
7.7528
10
13.3919
20
7.7081
10
13.2634
20
7.6759
10
13.1323
20
7.6565
10
13
20
7.65
10
12.9556
20
7.6522
10
13.3832
20
4.5
10
14.8911
20
4.5
10
15.3388
20
7.8
10
17.6479
20
7.8
10
18.0956
20
4.5
10
19.6035
20
4.5
10
20.0512
20
7.8
10
22
20
7.8
0
LWPOLYLINE
8
24g_claw_rack_t12.0
100
AcDbEntity
100
AcDbPolyline
90
65
70
1
43
0.0
10
14.3435
20
16.6323
10
14.35
20
16.5
10
14.3435
20
16.3677
10
14.3241
20
16.2366
10
14.2919
20
16.1081
10
14.2472
20
15.9834
10
14.1906
20
15.8636
10
14.1225
20
15.75
10
14.0436
20
15.6436
10
13.9546
20
15.5454
10
13.8564
20
15.4564
10
13.75
20
15.3775
10
13.6364
20
15.3094
10
13.5166
20
15.2528
10
13.3919
20
15.2081
10
13.2634
20
15.1759
10
13.1323
20
15.1565
10
13
20
15.15
10
12.8677
20
15.1565
10
12.7366
20
15.1759
10
12.6081
20
15.2081
10
12.4834
20
15.2528
10
12.3636
20
15.3094
10
12.25
20
15.3775
10
12.1436
20
15.4564
10
12.0454
20
15.5454
10
11.9564
20
15.6436
10
11.8775
20
15.75
10
11.8094
20
15.8636
10
11.7528
20
15.9834
10
11.7081
20
16.1081
10
11.6759
20
16.2366
10
11.6565
20
16.3677
10
11.65
20
16.5
10
11.6565
20
16.6323
10
11.6759
20
16.7634
10
11.7081
20
16.8919
10
11.7528
20
17.0166
10
11.8094
20
17.1364
10
11.8775
20
17.25
10
11.9564
20
17.3564
10
12.0454
20
17.4546
10
12.1436
20
17.5436
10
12.25
20
17.6225
10
12.3636
20
17.6906
10
12.4834
20
17.7472
10
12.6081
20
17.7919
10
12.7366
20
17.8241
10
12.8677
20
17.8435
10
13
20
17.85
10
13.1323
20
17.8435
10
13.2634
20
17.8241
10
13.3919
20
17.7919
10
13.5166
20
17.7472
10
13.6364
20
17.6906
10
13.75
20
17.6225
10
13.8564
20
17.5436
10
13.9546
20
17.4546
10
14.0436
20
17.3564
10
14.1225
20
17.25
10
14.1906
20
17.1364
10
14.2472
20
17.0166
10
14.2919
20
16.8919
10
14.3241
20
16.7634
10
14.3435
20
16.6323
0
LWPOLYLINE
8
24i_claw_finger_gear_t34.0
100
AcDbEntity
100
AcDbPolyline
90
5
70
1
43
0.0
10
3
20
18
10
-3
20
18
10
-3
20
-18
10
3
20
-18
10
3
20
18
0
LWPOLYLINE
8
24i_claw_finger_gear_t34.0
100
AcDbEntity
100
AcDbPolyline
90
65
70
1
43
0.0
10
1.3241
20
9.2634
10
1.3435
20
9.1323
10
1.35
20
9
10
1.3435
20
8.8677
10
1.3241
20
8.7366
10
1.2919
20
8.6081
10
1.2472
20
8.4834
10
1.1906
20
8.3636
10
1.1225
20
8.25
10
1.0436
20
8.1436
10
0.9546
20
8.0454
10
0.8564
20
7.9564
10
0.75
20
7.8775
10
0.6364
20
7.8094
10
0.5166
20
7.7528
10
0.3919
20
7.7081
10
0.2634
20
7.6759
10
0.1323
20
7.6565
10
0
20
7.65
10
-0.1323
20
7.6565
10
-0.2634
20
7.6759
10
-0.3919
20
7.7081
10
-0.5166
20
7.7528
10
-0.6364
20
7.8094
10
-0.75
20
7.8775
10
-0.8564
20
7.9564
10
-0.9546
20
8.0454
10
-1.0436
20
8.1436
10
-1.1225
20
8.25
10
-1.1906
20
8.3636
10
-1.2472
20
8.4834
10
-1.2919
20
8.6081
10
-1.3241
20
8.7366
10
-1.3435
20
8.8677
10
-1.35
20
9
10
-1.3435
20
9.1323
10
-1.3241
20
9.2634
10
-1.2919
20
9.3919
10
-1.2472
20
9.5166
10
-1.1906
20
9.6364
10
-1.1225
20
9.75
10
-1.0436
20
9.8564
10
-0.9546
20
9.9546
10
-0.8564
20
10.0436
10
-0.75
20
10.1225
10
-0.6364
20
10.1906
10
-0.5166
20
10.2472
10
-0.3919
20
10.2919
10
-0.2634
20
10.3241
10
-0.1323
20
10.3435
10
0
20
10.35
10
0.1323
20
10.3435
10
0.2634
20
10.3241
10
0.3919
20
10.2919
10
0.5166
20
10.2472
10
0.6364
20
10.1906
10
0.75
20
10.1225
10
0.8564
20
10.0436
10
0.9546
20
9.9546
10
1.0436
20
9.8564
10
1.1225
20
9.75
10
1.1906
20
9.6364
10
1.2472
20
9.5166
10
1.2919
20
9.3919
10
1.3241
20
9.2634
0
LWPOLYLINE
8
24i_claw_finger_gear_t34.0
100
AcDbEntity
100
AcDbPolyline
90
65
70
1
43
0.0
10
1.3435
20
16.6323
10
1.35
20
16.5
10
1.3435
20
16.3677
10
1.3241
20
16.2366
10
1.2919
20
16.1081
10
1.2472
20
15.9834
10
1.1906
20
15.8636
10
1.1225
20
15.75
10
1.0436
20
15.6436
10
0.9546
20
15.5454
10
0.8564
20
15.4564
10
0.75
20
15.3775
10
0.6364
20
15.3094
10
0.5166
20
15.2528
10
0.3919
20
15.2081
10
0.2634
20
15.1759
10
0.1323
20
15.1565
10
0
20
15.15
10
-0.1323
20
15.1565
10
-0.2634
20
15.1759
10
-0.3919
20
15.2081
10
-0.5166
20
15.2528
10
-0.6364
20
15.3094
10
-0.75
20
15.3775
10
-0.8564
20
15.4564
10
-0.9546
20
15.5454
10
-1.0436
20
15.6436
10
-1.1225
20
15.75
10
-1.1906
20
15.8636
10
-1.2472
20
15.9834
10
-1.2919
20
16.1081
10
-1.3241
20
16.2366
10
-1.3435
20
16.3677
10
-1.35
20
16.5
10
-1.3435
20
16.6323
10
-1.3241
20
16.7634
10
-1.2919
20
16.8919
10
-1.2472
20
17.0166
10
-1.1906
20
17.1364
10
-1.1225
20
17.25
10
-1.0436
20
17.3564
10
-0.9546
20
17.4546
10
-0.8564
20
17.5436
10
-0.75
20
17.6225
10
-0.6364
20
17.6906
10
-0.5166
20
17.7472
10
-0.3919
20
17.7919
10
-0.2634
20
17.8241
10
-0.1323
20
17.8435
10
0
20
17.85
10
0.1323
20
17.8435
10
0.2634
20
17.8241
10
0.3919
20
17.7919
10
0.5166
20
17.7472
10
0.6364
20
17.6906
10
0.75
20
17.6225
10
0.8564
20
17.5436
10
0.9546
20
17.4546
10
1.0436
20
17.3564
10
1.1225
20
17.25
10
1.1906
20
17.1364
10
1.2472
20
17.0166
10
1.2919
20
16.8919
10
1.3241
20
16.7634
10
1.3435
20
16.6323
0
LWPOLYLINE
8
24h_claw_base_gear_t4.0
100
AcDbEntity
100
AcDbPolyline
90
5
70
1
43
0.0
10
-37
20
28
10
-37
20
-28
10
37
20
-28
10
37
20
28
10
-37
20
28
0
LWPOLYLINE
8
24h_claw_base_gear_t4.0
100
AcDbEntity
100
AcDbPolyline
90
5
70
1
43
0.0
10
33
20
7.6
10
-33
20
7.6
10
-33
20
20
10
33
20
20
10
33
20
7.6
0
LWPOLYLINE
8
24h_claw_base_gear_t4.0
100
AcDbEntity
100
AcDbPolyline
90
5
70
1
43
0.0
10
-33
20
-20
10
-33
20
-7.6
10
33
20
-7.6
10
33
20
-20
10
-33
20
-20
0
LWPOLYLINE
8
24h_claw_base_gear_t4.0
100
AcDbEntity
100
AcDbPolyline
90
65
70
1
43
0.0
10
2.357
20
4.4096
10
2.7779
20
4.1573
10
3.172
20
3.8651
10
3.5355
20
3.5355
10
3.8651
20
3.172
10
4.1573
20
2.7779
10
4.4096
20
2.357
10
4.6194
20
1.9134
10
4.7847
20
1.4514
10
4.9039
20
0.9755
10
4.9759
20
0.4901
10
5
20
0
10
4.9759
20
-0.4901
10
4.9039
20
-0.9755
10
4.7847
20
-1.4514
10
4.6194
20
-1.9134
10
4.4096
20
-2.357
10
4.1573
20
-2.7779
10
3.8651
20
-3.172
10
3.5355
20
-3.5355
10
3.172
20
-3.8651
10
2.7779
20
-4.1573
10
2.357
20
-4.4096
10
1.9134
20
-4.6194
10
1.4514
20
-4.7847
10
0.9755
20
-4.9039
10
0.4901
20
-4.9759
10
0
20
-5
10
-0.4901
20
-4.9759
10
-0.9755
20
-4.9039
10
-1.4514
20
-4.7847
10
-1.9134
20
-4.6194
10
-2.357
20
-4.4096
10
-2.7779
20
-4.1573
10
-3.172
20
-3.8651
10
-3.5355
20
-3.5355
10
-3.8651
20
-3.172
10
-4.1573
20
-2.7779
10
-4.4096
20
-2.357
10
-4.6194
20
-1.9134
10
-4.7847
20
-1.4514
10
-4.9039
20
-0.9755
10
-4.9759
20
-0.4901
10
-5
20
0
10
-4.9759
20
0.4901
10
-4.9039
20
0.9755
10
-4.7847
20
1.4514
10
-4.6194
20
1.9134
10
-4.4096
20
2.357
10
-4.1573
20
2.7779
10
-3.8651
20
3.172
10
-3.5355
20
3.5355
10
-3.172
20
3.8651
10
-2.7779
20
4.1573
10
-2.357
20
4.4096
10
-1.9134
20
4.6194
10
-1.4514
20
4.7847
10
-0.9755
20
4.9039
10
-0.4901
20
4.9759
10
0
20
5
10
0.4901
20
4.9759
10
0.9755
20
4.9039
10
1.4514
20
4.7847
10
1.9134
20
4.6194
10
2.357
20
4.4096
0
LWPOLYLINE
8
24h_claw_base_gear_t4.0
100
AcDbEntity
100
AcDbPolyline
90
19
70
1
43
0.0
10
16.25
20
2.25
10
11.75
20
2.25
10
11.0803
20
2.3832
10
10.5126
20
2.7626
10
10.1332
20
3.3303
10
10
20
4
10
10.1332
20
4.6697
10
10.5126
20
5.2374
10
11.0803
20
5.6168
10
11.75
20
5.75
10
16.25
20
5.75
10
16.9197
20
5.6168
10
17.4874
20
5.2374
10
17.8668
20
4.6697
10
18
20
4
10
17.8668
20
3.3303
10
17.4874
20
2.7626
10
16.9197
20
2.3832
10
16.25
20
2.25
0
LWPOLYLINE
8
24h_claw_base_gear_t4.0
100
AcDbEntity
100
AcDbPolyline
90
19
70
1
43
0.0
10
11.75
20
-5.75
10
11.0803
20
-5.6168
10
10.5126
20
-5.2374
10
10.1332
20
-4.6697
10
10
20
-4
10
10.1332
20
-3.3303
10
10.5126
20
-2.7626
10
11.0803
20
-2.3832
10
11.75
20
-2.25
10
16.25
20
-2.25
10
16.9197
20
-2.3832
10
17.4874
20
-2.7626
10
17.8668
20
-3.3303
10
18
20
-4
10
17.8668
20
-4.6697
10
17.4874
20
-5.2374
10
16.9197
20
-5.6168
10
16.25
20
-5.75
10
11.75
20
-5.75
0
LWPOLYLINE
8
24h_claw_base_gear_t4.0
100
AcDbEntity
100
AcDbPolyline
90
19
70
1
43
0.0
10
-16.9197
20
2.3832
10
-17.4874
20
2.7626
10
-17.8668
20
3.3303
10
-18
20
4
10
-17.8668
20
4.6697
10
-17.4874
20
5.2374
10
-16.9197
20
5.6168
10
-16.25
20
5.75
10
-11.75
20
5.75
10
-11.0803
20
5.6168
10
-10.5126
20
5.2374
10
-10.1332
20
4.6697
10
-10
20
4
10
-10.1332
20
3.3303
10
-10.5126
20
2.7626
10
-11.0803
20
2.3832
10
-11.75
20
2.25
10
-16.25
20
2.25
10
-16.9197
20
2.3832
0
LWPOLYLINE
8
24h_claw_base_gear_t4.0
100
AcDbEntity
100
AcDbPolyline
90
19
70
1
43
0.0
10
-17.4874
20
-5.2374
10
-17.8668
20
-4.6697
10
-18
20
-4
10
-17.8668
20
-3.3303
10
-17.4874
20
-2.7626
10
-16.9197
20
-2.3832
10
-16.25
20
-2.25
10
-11.75
20
-2.25
10
-11.0803
20
-2.3832
10
-10.5126
20
-2.7626
10
-10.1332
20
-3.3303
10
-10
20
-4
10
-10.1332
20
-4.6697
10
-10.5126
20
-5.2374
10
-11.0803
20
-5.6168
10
-11.75
20
-5.75
10
-16.25
20
-5.75
10
-16.9197
20
-5.6168
10
-17.4874
20
-5.2374
0
LWPOLYLINE
8
24h_claw_base_gear_t4.0
100
AcDbEntity
100
AcDbPolyline
90
47
70
1
43
0.0
10
-29.8478
20
23.2346
10
-30
20
24
10
-29.8478
20
24.7654
10
-29.4142
20
25.4142
10
-28.7654
20
25.8478
10
-28
20
26
10
-15.2858
20
26
10
-14.7654
20
26.3478
10
-14
20
26.5
10
-13.2346
20
26.3478
10
-12.7142
20
26
10
12.7142
20
26
10
13.2346
20
26.3478
10
14
20
26.5
10
14.7654
20
26.3478
10
15.2858
20
26
10
28
20
26
10
28.7654
20
25.8478
10
29.4142
20
25.4142
10
29.8478
20
24.7654
10
30
20
24
10
29.8478
20
23.2346
10
29.4142
20
22.5858
10
28.7654
20
22.1522
10
28
20
22
10
15.9005
20
22
10
15.8478
20
21.7346
10
15.4142
20
21.0858
10
14.7654
20
20.6522
10
14
20
20.5
10
13.2346
20
20.6522
10
12.5858
20
21.0858
10
12.1522
20
21.7346
10
12.0995
20
22
10
-12.0995
20
22
10
-12.1522
20
21.7346
10
-12.5858
20
21.0858
10
-13.2346
20
20.6522
10
-14
20
20.5
10
-14.7654
20
20.6522
10
-15.4142
20
21.0858
10
-15.8478
20
21.7346
10
-15.9005
20
22
10
-28
20
22
10
-28.7654
20
22.1522
10
-29.4142
20
22.5858
10
-29.8478
20
23.2346
0
LWPOLYLINE
8
24h_claw_base_gear_t4.0
100
AcDbEntity
100
AcDbPolyline
90
47
70
1
43
0.0
10
-30
20
-24
10
-29.8478
20
-23.2346
10
-29.4142
20
-22.5858
10
-28.7654
20
-22.1522
10
-28
20
-22
10
-15.9005
20
-22
10
-15.8478
20
-21.7346
10
-15.4142
20
-21.0858
10
-14.7654
20
-20.6522
10
-14
20
-20.5
10
-13.2346
20
-20.6522
10
-12.5858
20
-21.0858
10
-12.1522
20
-21.7346
10
-12.0995
20
-22
10
12.0995
20
-22
10
12.1522
20
-21.7346
10
12.5858
20
-21.0858
10
13.2346
20
-20.6522
10
14
20
-20.5
10
14.7654
20
-20.6522
10
15.4142
20
-21.0858
10
15.8478
20
-21.7346
10
15.9005
20
-22
10
28
20
-22
10
28.7654
20
-22.1522
10
29.4142
20
-22.5858
10
29.8478
20
-23.2346
10
30
20
-24
10
29.8478
20
-24.7654
10
29.4142
20
-25.4142
10
28.7654
20
-25.8478
10
28
20
-26
10
15.2858
20
-26
10
14.7654
20
-26.3478
10
14
20
-26.5
10
13.2346
20
-26.3478
10
12.7142
20
-26
10
-12.7142
20
-26
10
-13.2346
20
-26.3478
10
-14
20
-26.5
10
-14.7654
20
-26.3478
10
-15.2858
20
-26
10
-28
20
-26
10
-28.7654
20
-25.8478
10
-29.4142
20
-25.4142
10
-29.8478
20
-24.7654
10
-30
20
-24
0
LWPOLYLINE
8
26_cube_mock_t30.0
100
AcDbEntity
100
AcDbPolyline
90
9
70
1
43
0.0
10
-12
20
-15
10
12
20
-15
10
15
20
-12
10
15
20
12
10
12
20
15
10
-12
20
15
10
-15
20
12
10
-15
20
-12
10
-12
20
-15
0
LWPOLYLINE
8
30_arm_base_t40.0
100
AcDbEntity
100
AcDbPolyline
90
7
70
1
43
0.0
10
-17.25
20
-22
10
-17.25
20
-18
10
-28
20
-18
10
-28
20
-11.25
10
-32
20
-11.25
10
-32
20
-22
10
-17.25
20
-22
0
LWPOLYLINE
8
30_arm_base_t40.0
100
AcDbEntity
100
AcDbPolyline
90
7
70
1
43
0.0
10
-28
20
11.25
10
-28
20
18
10
-17.25
20
18
10
-17.25
20
22
10
-32
20
22
10
-32
20
11.25
10
-28
20
11.25
0
LWPOLYLINE
8
30_arm_base_t40.0
100
AcDbEntity
100
AcDbPolyline
90
5
70
1
43
0.0
10
-28
20
1.25
10
-28
20
8.75
10
-32
20
8.75
10
-32
20
1.25
10
-28
20
1.25
0
LWPOLYLINE
8
30_arm_base_t40.0
100
AcDbEntity
100
AcDbPolyline
90
5
70
1
43
0.0
10
-32
20
-1.25
10
-32
20
-8.75
10
-28
20
-8.75
10
-28
20
-1.25
10
-32
20
-1.25
0
LWPOLYLINE
8
30_arm_base_t40.0
100
AcDbEntity
100
AcDbPolyline
90
5
70
1
43
0.0
10
1.25
20
18
10
14.75
20
18
10
14.75
20
22
10
1.25
20
22
10
1.25
20
18
0
LWPOLYLINE
8
30_arm_base_t40.0
100
AcDbEntity
100
AcDbPolyline
90
7
70
1
43
0.0
10
32
20
-22
10
32
20
-11.25
10
28
20
-11.25
10
28
20
-18
10
17.25
20
-18
10
17.25
20
-22
10
32
20
-22
0
LWPOLYLINE
8
30_arm_base_t40.0
100
AcDbEntity
100
AcDbPolyline
90
7
70
1
43
0.0
10
28
20
11.25
10
32
20
11.25
10
32
20
22
10
17.25
20
22
10
17.25
20
18
10
28
20
18
10
28
20
11.25
0
LWPOLYLINE
8
30_arm_base_t40.0
100
AcDbEntity
100
AcDbPolyline
90
5
70
1
43
0.0
10
28
20
1.25
10
32
20
1.25
10
32
20
8.75
10
28
20
8.75
10
28
20
1.25
0
LWPOLYLINE
8
30_arm_base_t40.0
100
AcDbEntity
100
AcDbPolyline
90
5
70
1
43
0.0
10
32
20
-1.25
10
28
20
-1.25
10
28
20
-8.75
10
32
20
-8.75
10
32
20
-1.25
0
LWPOLYLINE
8
30_arm_base_t40.0
100
AcDbEntity
100
AcDbPolyline
90
5
70
1
43
0.0
10
14.75
20
-18
10
1.25
20
-18
10
1.25
20
-22
10
14.75
20
-22
10
14.75
20
-18
0
LWPOLYLINE
8
30_arm_base_t40.0
100
AcDbEntity
100
AcDbPolyline
90
5
70
1
43
0.0
10
-14.75
20
-22
10
-1.25
20
-22
10
-1.25
20
-18
10
-14.75
20
-18
10
-14.75
20
-22
0
LWPOLYLINE
8
30_arm_base_t40.0
100
AcDbEntity
100
AcDbPolyline
90
5
70
1
43
0.0
10
-14.75
20
22
10
-14.75
20
18
10
-1.25
20
18
10
-1.25
20
22
10
-14.75
20
22
0
LWPOLYLINE
8
31a_arm_turntable_t6.0
100
AcDbEntity
100
AcDbPolyline
90
21
70
1
43
0.0
10
27.0615
20
21.391
10
24
20
22
10
-24
20
22
10
-27.0615
20
21.391
10
-29.6569
20
19.6569
10
-31.391
20
17.0615
10
-32
20
14
10
-32
20
-14
10
-31.391
20
-17.0615
10
-29.6569
20
-19.6569
10
-27.0615
20
-21.391
10
-24
20
-22
10
24
20
-22
10
27.0615
20
-21.391
10
29.6569
20
-19.6569
10
31.391
20
-17.0615
10
32
20
-14
10
32
20
14
10
31.391
20
17.0615
10
29.6569
20
19.6569
10
27.0615
20
21.391
0
LWPOLYLINE
8
31a_arm_turntable_t6.0
100
AcDbEntity
100
AcDbPolyline
90
151
70
1
43
0.0
10
-3.75
20
14.75
10
-3.75
20
13.25
10
3.75
20
13.25
10
3.75
20
14.75
10
3.8452
20
15.2284
10
4.1161
20
15.6339
10
4.5216
20
15.9048
10
5
20
16
10
5.4784
20
15.9048
10
5.8839
20
15.6339
10
6.1548
20
15.2284
10
6.25
20
14.75
10
6.25
20
13.25
10
12.75
20
13.25
10
12.75
20
14.75
10
12.8452
20
15.2284
10
13.1161
20
15.6339
10
13.5216
20
15.9048
10
14
20
16
10
14.4784
20
15.9048
10
14.8839
20
15.6339
10
15.1548
20
15.2284
10
15.25
20
14.75
10
15.25
20
13.25
10
24.75
20
13.25
10
25.2284
20
13.1548
10
25.6339
20
12.8839
10
25.9048
20
12.4784
10
26
20
12
10
25.9048
20
11.5216
10
25.6339
20
11.1161
10
25.2284
20
10.8452
10
24.75
20
10.75
10
15.25
20
10.75
10
15.25
20
1.25
10
24.75
20
1.25
10
25.2284
20
1.1548
10
25.6339
20
0.8839
10
25.9048
20
0.4784
10
26
20
0
10
25.9048
20
-0.4784
10
25.6339
20
-0.8839
10
25.2284
20
-1.1548
10
24.75
20
-1.25
10
15.25
20
-1.25
10
15.25
20
-10.75
10
24.75
20
-10.75
10
25.2284
20
-10.8452
10
25.6339
20
-11.1161
10
25.9048
20
-11.5216
10
26
20
-12
10
25.9048
20
-12.4784
10
25.6339
20
-12.8839
10
25.2284
20
-13.1548
10
24.75
20
-13.25
10
15.25
20
-13.25
10
15.25
20
-14.75
10
15.1548
20
-15.2284
10
14.8839
20
-15.6339
10
14.4784
20
-15.9048
10
14
20
-16
10
13.5216
20
-15.9048
10
13.1161
20
-15.6339
10
12.8452
20
-15.2284
10
12.75
20
-14.75
10
12.75
20
-13.25
10
6.25
20
-13.25
10
6.25
20
-14.75
10
6.1548
20
-15.2284
10
5.8839
20
-15.6339
10
5.4784
20
-15.9048
10
5
20
-16
10
4.5216
20
-15.9048
10
4.1161
20
-15.6339
10
3.8452
20
-15.2284
10
3.75
20
-14.75
10
3.75
20
-13.25
10
-3.75
20
-13.25
10
-3.75
20
-14.75
10
-3.8452
20
-15.2284
10
-4.1161
20
-15.6339
10
-4.5216
20
-15.9048
10
-5
20
-16
10
-5.4784
20
-15.9048
10
-5.8839
20
-15.6339
10
-6.1548
20
-15.2284
10
-6.25
20
-14.75
10
-6.25
20
-13.25
10
-12.75
20
-13.25
10
-12.75
20
-14.75
10
-12.8452
20
-15.2284
10
-13.1161
20
-15.6339
10
-13.5216
20
-15.9048
10
-14
20
-16
10
-14.4784
20
-15.9048
10
-14.8839
20
-15.6339
10
-15.1548
20
-15.2284
10
-15.25
20
-14.75
10
-15.25
20
-13.25
10
-24.75
20
-13.25
10
-25.2284
20
-13.1548
10
-25.6339
20
-12.8839
10
-25.9048
20
-12.4784
10
-26
20
-12
10
-25.9048
20
-11.5216
10
-25.6339
20
-11.1161
10
-25.2284
20
-10.8452
10
-24.75
20
-10.75
10
-15.25
20
-10.75
10
-15.25
20
-1.25
10
-24.75
20
-1.25
10
-25.2284
20
-1.1548
10
-25.6339
20
-0.8839
10
-25.9048
20
-0.4784
10
-26
20
0
10
-25.9048
20
0.4784
10
-25.6339
20
0.8839
10
-25.2284
20
1.1548
10
-24.75
20
1.25
10
-15.25
20
1.25
10
-15.25
20
10.75
10
-24.75
20
10.75
10
-25.2284
20
10.8452
10
-25.6339
20
11.1161
10
-25.9048
20
11.5216
10
-26
20
12
10
-25.9048
20
12.4784
10
-25.6339
20
12.8839
10
-25.2284
20
13.1548
10
-24.75
20
13.25
10
-15.25
20
13.25
10
-15.25
20
14.75
10
-15.1548
20
15.2284
10
-14.8839
20
15.6339
10
-14.4784
20
15.9048
10
-14
20
16
10
-13.5216
20
15.9048
10
-13.1161
20
15.6339
10
-12.8452
20
15.2284
10
-12.75
20
14.75
10
-12.75
20
13.25
10
-6.25
20
13.25
10
-6.25
20
14.75
10
-6.1548
20
15.2284
10
-5.8839
20
15.6339
10
-5.4784
20
15.9048
10
-5
20
16
10
-4.5216
20
15.9048
10
-4.1161
20
15.6339
10
-3.8452
20
15.2284
10
-3.75
20
14.75
0
LWPOLYLINE
8
31a_arm_turntable_t6.0
100
AcDbEntity
100
AcDbPolyline
90
18
70
1
43
0.0
10
1.1705
20
5.8847
10
1.7417
20
5.7416
10
2.2961
20
5.5433
10
2.8284
20
5.2915
10
3.3334
20
4.9888
10
3.75
20
4.6799
10
3.75
20
10.75
10
-3.75
20
10.75
10
-3.75
20
4.6799
10
-3.3334
20
4.9888
10
-2.8284
20
5.2915
10
-2.2961
20
5.5433
10
-1.7417
20
5.7416
10
-1.1705
20
5.8847
10
-0.5881
20
5.9711
10
0
20
6
10
0.5881
20
5.9711
10
1.1705
20
5.8847
0
LWPOLYLINE
8
31a_arm_turntable_t6.0
100
AcDbEntity
100
AcDbPolyline
90
32
70
1
43
0.0
10
-6.25
20
6.8515
10
-6.25
20
10.75
10
-12.75
20
10.75
10
-12.75
20
1.25
10
-6.25
20
1.25
10
-6.25
20
4.8157
10
-6.2546
20
4.8174
10
-6.3522
20
4.8635
10
-6.4448
20
4.919
10
-6.5315
20
4.9833
10
-6.6114
20
5.0558
10
-6.6839
20
5.1358
10
-6.7482
20
5.2225
10
-6.8037
20
5.3151
10
-6.8499
20
5.4127
10
-6.8863
20
5.5143
10
-6.9125
20
5.619
10
-6.9283
20
5.7258
10
-6.9336
20
5.8336
10
-6.9283
20
5.9414
10
-6.9125
20
6.0482
10
-6.8863
20
6.1529
10
-6.8499
20
6.2546
10
-6.8037
20
6.3522
10
-6.7482
20
6.4448
10
-6.6839
20
6.5315
10
-6.6114
20
6.6114
10
-6.5315
20
6.6839
10
-6.4448
20
6.7482
10
-6.3522
20
6.8037
10
-6.2546
20
6.8499
10
-6.25
20
6.8515
0
LWPOLYLINE
8
31a_arm_turntable_t6.0
100
AcDbEntity
100
AcDbPolyline
90
32
70
1
43
0.0
10
12.75
20
1.25
10
12.75
20
10.75
10
6.25
20
10.75
10
6.25
20
6.8515
10
6.2546
20
6.8499
10
6.3522
20
6.8037
10
6.4448
20
6.7482
10
6.5315
20
6.6839
10
6.6114
20
6.6114
10
6.6839
20
6.5315
10
6.7482
20
6.4448
10
6.8037
20
6.3522
10
6.8499
20
6.2546
10
6.8863
20
6.1529
10
6.9125
20
6.0482
10
6.9283
20
5.9414
10
6.9336
20
5.8336
10
6.9283
20
5.7258
10
6.9125
20
5.619
10
6.8863
20
5.5143
10
6.8499
20
5.4127
10
6.8037
20
5.3151
10
6.7482
20
5.2225
10
6.6839
20
5.1358
10
6.6114
20
5.0558
10
6.5315
20
4.9833
10
6.4448
20
4.919
10
6.3522
20
4.8635
10
6.2546
20
4.8174
10
6.25
20
4.8157
10
6.25
20
1.25
10
12.75
20
1.25
0
LWPOLYLINE
8
31a_arm_turntable_t6.0
100
AcDbEntity
100
AcDbPolyline
90
32
70
1
43
0.0
10
-6.2546
20
-4.8174
10
-6.25
20
-4.8157
10
-6.25
20
-1.25
10
-12.75
20
-1.25
10
-12.75
20
-10.75
10
-6.25
20
-10.75
10
-6.25
20
-6.8515
10
-6.2546
20
-6.8499
10
-6.3522
20
-6.8037
10
-6.4448
20
-6.7482
10
-6.5315
20
-6.6839
10
-6.6114
20
-6.6114
10
-6.6839
20
-6.5315
10
-6.7482
20
-6.4448
10
-6.8037
20
-6.3522
10
-6.8499
20
-6.2546
10
-6.8863
20
-6.1529
10
-6.9125
20
-6.0482
10
-6.9283
20
-5.9414
10
-6.9336
20
-5.8336
10
-6.9283
20
-5.7258
10
-6.9125
20
-5.619
10
-6.8863
20
-5.5143
10
-6.8499
20
-5.4127
10
-6.8037
20
-5.3151
10
-6.7482
20
-5.2225
10
-6.6839
20
-5.1358
10
-6.6114
20
-5.0558
10
-6.5315
20
-4.9833
10
-6.4448
20
-4.919
10
-6.3522
20
-4.8635
10
-6.2546
20
-4.8174
0
LWPOLYLINE
8
31a_arm_turntable_t6.0
100
AcDbEntity
100
AcDbPolyline
90
32
70
1
43
0.0
10
6.25
20
-10.75
10
12.75
20
-10.75
10
12.75
20
-1.25
10
6.25
20
-1.25
10
6.25
20
-4.8157
10
6.2546
20
-4.8174
10
6.3522
20
-4.8635
10
6.4448
20
-4.919
10
6.5315
20
-4.9833
10
6.6114
20
-5.0558
10
6.6839
20
-5.1358
10
6.7482
20
-5.2225
10
6.8037
20
-5.3151
10
6.8499
20
-5.4127
10
6.8863
20
-5.5143
10
6.9125
20
-5.619
10
6.9283
20
-5.7258
10
6.9336
20
-5.8336
10
6.9283
20
-5.9414
10
6.9125
20
-6.0482
10
6.8863
20
-6.1529
10
6.8499
20
-6.2546
10
6.8037
20
-6.3522
10
6.7482
20
-6.4448
10
6.6839
20
-6.5315
10
6.6114
20
-6.6114
10
6.5315
20
-6.6839
10
6.4448
20
-6.7482
10
6.3522
20
-6.8037
10
6.2546
20
-6.8499
10
6.25
20
-6.8515
10
6.25
20
-10.75
0
LWPOLYLINE
8
31a_arm_turntable_t6.0
100
AcDbEntity
100
AcDbPolyline
90
18
70
1
43
0.0
10
-2.8284
20
-5.2915
10
-3.3334
20
-4.9888
10
-3.75
20
-4.6799
10
-3.75
20
-10.75
10
3.75
20
-10.75
10
3.75
20
-4.6799
10
3.3334
20
-4.9888
10
2.8284
20
-5.2915
10
2.2961
20
-5.5433
10
1.7417
20
-5.7416
10
1.1705
20
-5.8847
10
0.5881
20
-5.9711
10
0
20
-6
10
-0.5881
20
-5.9711
10
-1.1705
20
-5.8847
10
-1.7417
20
-5.7416
10
-2.2961
20
-5.5433
10
-2.8284
20
-5.2915
0
LWPOLYLINE
8
31b_arm_mast_t62.6
100
AcDbEntity
100
AcDbPolyline
90
5
70
1
43
0.0
10
-20
20
20
10
-20
20
-20
10
20
20
-20
10
20
20
20
10
-20
20
20
0
LWPOLYLINE
8
31b_arm_mast_t62.6
100
AcDbEntity
100
AcDbPolyline
90
5
70
1
43
0.0
10
17
20
-17
10
-17
20
-17
10
-17
20
17
10
17
20
17
10
17
20
-17
0
LWPOLYLINE
8
32_arm_carriage_t32.0
100
AcDbEntity
100
AcDbPolyline
90
11
70
1
43
0.0
10
-26
20
-15.25
10
-26
20
-26
10
-8
20
-26
10
-8
20
-20.6
10
-20.6
20
-20.6
10
-20.6
20
-8
10
-26
20
-8
10
-26
20
-12.75
10
-23
20
-12.75
10
-23
20
-15.25
10
-26
20
-15.25
0
LWPOLYLINE
8
32_arm_carriage_t32.0
100
AcDbEntity
100
AcDbPolyline
90
11
70
1
43
0.0
10
20.6
20
-20.6
10
8
20
-20.6
10
8
20
-26
10
26
20
-26
10
26
20
-15.25
10
23
20
-15.25
10
23
20
-12.75
10
26
20
-12.75
10
26
20
-8
10
20.6
20
-8
10
20.6
20
-20.6
0
LWPOLYLINE
8
32_arm_carriage_t32.0
100
AcDbEntity
100
AcDbPolyline
90
11
70
1
43
0.0
10
-23
20
15.25
10
-23
20
12.75
10
-26
20
12.75
10
-26
20
8
10
-20.6
20
8
10
-20.6
20
20.6
10
-8
20
20.6
10
-8
20
26
10
-26
20
26
10
-26
20
15.25
10
-23
20
15.25
0
LWPOLYLINE
8
32_arm_carriage_t32.0
100
AcDbEntity
100
AcDbPolyline
90
11
70
1
43
0.0
10
26
20
15.25
10
26
20
26
10
8
20
26
10
8
20
20.6
10
20.6
20
20.6
10
20.6
20
8
10
26
20
8
10
26
20
12.75
10
23
20
12.75
10
23
20
15.25
10
26
20
15.25
0
LWPOLYLINE
8
33_arm_boom_t8.0
100
AcDbEntity
100
AcDbPolyline
90
5
70
1
43
0.0
10
26
20
12
10
26
20
-12
10
64
20
-12
10
64
20
12
10
26
20
12
0
LWPOLYLINE
8
33_arm_boom_t8.0
100
AcDbEntity
100
AcDbPolyline
90
65
70
1
43
0.0
10
37.5923
20
0.1568
10
37.6
20
0
10
37.5923
20
-0.1568
10
37.5693
20
-0.3121
10
37.5311
20
-0.4645
10
37.4782
20
-0.6123
10
37.4111
20
-0.7542
10
37.3304
20
-0.8889
10
37.2368
20
-1.015
10
37.1314
20
-1.1314
10
37.015
20
-1.2368
10
36.8889
20
-1.3304
10
36.7542
20
-1.4111
10
36.6123
20
-1.4782
10
36.4645
20
-1.5311
10
36.3121
20
-1.5693
10
36.1568
20
-1.5923
10
36
20
-1.6
10
35.8432
20
-1.5923
10
35.6879
20
-1.5693
10
35.5355
20
-1.5311
10
35.3877
20
-1.4782
10
35.2458
20
-1.4111
10
35.1111
20
-1.3304
10
34.985
20
-1.2368
10
34.8686
20
-1.1314
10
34.7632
20
-1.015
10
34.6696
20
-0.8889
10
34.5889
20
-0.7542
10
34.5218
20
-0.6123
10
34.4689
20
-0.4645
10
34.4307
20
-0.3121
10
34.4077
20
-0.1568
10
34.4
20
0
10
34.4077
20
0.1568
10
34.4307
20
0.3121
10
34.4689
20
0.4645
10
34.5218
20
0.6123
10
34.5889
20
0.7542
10
34.6696
20
0.8889
10
34.7632
20
1.015
10
34.8686
20
1.1314
10
34.985
20
1.2368
10
35.1111
20
1.3304
10
35.2458
20
1.4111
10
35.3877
20
1.4782
10
35.5355
20
1.5311
10
35.6879
20
1.5693
10
35.8432
20
1.5923
10
36
20
1.6
10
36.1568
20
1.5923
10
36.3121
20
1.5693
10
36.4645
20
1.5311
10
36.6123
20
1.4782
10
36.7542
20
1.4111
10
36.8889
20
1.3304
10
37.015
20
1.2368
10
37.1314
20
1.1314
10
37.2368
20
1.015
10
37.3304
20
0.8889
10
37.4111
20
0.7542
10
37.4782
20
0.6123
10
37.5311
20
0.4645
10
37.5693
20
0.3121
10
37.5923
20
0.1568
0
LWPOLYLINE
8
34_arm_lift_crank_t8.0
100
AcDbEntity
100
AcDbPolyline
90
93
70
1
43
0.0
10
8.6125
20
-2.6126
10
8.8271
20
-1.7558
10
8.9567
20
-0.8822
10
9
20
0
10
8.9567
20
0.8822
10
8.8271
20
1.7558
10
8.6125
20
2.6126
10
8.3149
20
3.4442
10
7.9373
20
4.2426
10
7.4832
20
5.0001
10
6.9571
20
5.7095
10
6.364
20
6.364
10
5.7095
20
6.9571
10
5.0001
20
7.4832
10
4.2426
20
7.9373
10
4
20
8.052
10
4
20
15.25
10
3.6
20
15.25
10
3.5827
20
15.6029
10
3.5308
20
15.9523
10
3.445
20
16.295
10
3.326
20
16.6277
10
3.1749
20
16.947
10
2.9933
20
17.2501
10
2.7828
20
17.5338
10
2.5456
20
17.7956
10
2.2838
20
18.0328
10
2.0001
20
18.2433
10
1.697
20
18.4249
10
1.3777
20
18.576
10
1.045
20
18.695
10
0.7023
20
18.7808
10
0.3529
20
18.8327
10
0
20
18.85
10
-0.3529
20
18.8327
10
-0.7023
20
18.7808
10
-1.045
20
18.695
10
-1.3777
20
18.576
10
-1.697
20
18.4249
10
-2.0001
20
18.2433
10
-2.2838
20
18.0328
10
-2.5456
20
17.7956
10
-2.7828
20
17.5338
10
-2.9933
20
17.2501
10
-3.1749
20
16.947
10
-3.326
20
16.6277
10
-3.445
20
16.295
10
-3.5308
20
15.9523
10
-3.5827
20
15.6029
10
-3.6
20
15.25
10
-4
20
15.25
10
-4
20
8.052
10
-4.2426
20
7.9373
10
-5.0001
20
7.4832
10
-5.7095
20
6.9571
10
-6.364
20
6.364
10
-6.9571
20
5.7095
10
-7.4832
20
5.0001
10
-7.9373
20
4.2426
10
-8.3149
20
3.4442
10
-8.6125
20
2.6126
10
-8.8271
20
1.7558
10
-8.9567
20
0.8822
10
-9
20
0
10
-8.9567
20
-0.8822
10
-8.8271
20
-1.7558
10
-8.6125
20
-2.6126
10
-8.3149
20
-3.4442
10
-7.9373
20
-4.2426
10
-7.4832
20
-5.0001
10
-6.9571
20
-5.7095
10
-6.364
20
-6.364
10
-5.7095
20
-6.9571
10
-5.0001
20
-7.4832
10
-4.2426
20
-7.9373
10
-3.4442
20
-8.3149
10
-2.6126
20
-8.6125
10
-1.7558
20
-8.8271
10
-0.8822
20
-8.9567
10
0
20
-9
10
0.8822
20
-8.9567
10
1.7558
20
-8.8271
10
2.6126
20
-8.6125
10
3.4442
20
-8.3149
10
4.2426
20
-7.9373
10
5.0001
20
-7.4832
10
5.7095
20
-6.9571
10
6.364
20
-6.364
10
6.9571
20
-5.7095
10
7.4832
20
-5.0001
10
7.9373
20
-4.2426
10
8.3149
20
-3.4442
10
8.6125
20
-2.6126
0
LWPOLYLINE
8
34_arm_lift_crank_t8.0
100
AcDbEntity
100
AcDbPolyline
90
65
70
1
43
0.0
10
1.0789
20
0.2146
10
1.0947
20
0.1078
10
1.1
20
0
10
1.0947
20
-0.1078
10
1.0789
20
-0.2146
10
1.0526
20
-0.3193
10
1.0163
20
-0.421
10
0.9701
20
-0.5185
10
0.9146
20
-0.6111
10
0.8503
20
-0.6978
10
0.7778
20
-0.7778
10
0.6978
20
-0.8503
10
0.6111
20
-0.9146
10
0.5185
20
-0.9701
10
0.421
20
-1.0163
10
0.3193
20
-1.0526
10
0.2146
20
-1.0789
10
0.1078
20
-1.0947
10
0
20
-1.1
10
-0.1078
20
-1.0947
10
-0.2146
20
-1.0789
10
-0.3193
20
-1.0526
10
-0.421
20
-1.0163
10
-0.5185
20
-0.9701
10
-0.6111
20
-0.9146
10
-0.6978
20
-0.8503
10
-0.7778
20
-0.7778
10
-0.8503
20
-0.6978
10
-0.9146
20
-0.6111
10
-0.9701
20
-0.5185
10
-1.0163
20
-0.421
10
-1.0526
20
-0.3193
10
-1.0789
20
-0.2146
10
-1.0947
20
-0.1078
10
-1.1
20
0
10
-1.0947
20
0.1078
10
-1.0789
20
0.2146
10
-1.0526
20
0.3193
10
-1.0163
20
0.421
10
-0.9701
20
0.5185
10
-0.9146
20
0.6111
10
-0.8503
20
0.6978
10
-0.7778
20
0.7778
10
-0.6978
20
0.8503
10
-0.6111
20
0.9146
10
-0.5185
20
0.9701
10
-0.421
20
1.0163
10
-0.3193
20
1.0526
10
-0.2146
20
1.0789
10
-0.1078
20
1.0947
10
0
20
1.1
10
0.1078
20
1.0947
10
0.2146
20
1.0789
10
0.3193
20
1.0526
10
0.421
20
1.0163
10
0.5185
20
0.9701
10
0.6111
20
0.9146
10
0.6978
20
0.8503
10
0.7778
20
0.7778
10
0.8503
20
0.6978
10
0.9146
20
0.6111
10
0.9701
20
0.5185
10
1.0163
20
0.421
10
1.0526
20
0.3193
10
1.0789
20
0.2146
0
LWPOLYLINE
8
34_arm_lift_crank_t8.0
100
AcDbEntity
100
AcDbPolyline
90
65
70
1
43
0.0
10
1.5923
20
15.4068
10
1.6
20
15.25
10
1.5923
20
15.0932
10
1.5693
20
14.9379
10
1.5311
20
14.7855
10
1.4782
20
14.6377
10
1.4111
20
14.4958
10
1.3304
20
14.3611
10
1.2368
20
14.235
10
1.1314
20
14.1186
10
1.015
20
14.0132
10
0.8889
20
13.9196
10
0.7542
20
13.8389
10
0.6123
20
13.7718
10
0.4645
20
13.7189
10
0.3121
20
13.6807
10
0.1568
20
13.6577
10
0
20
13.65
10
-0.1568
20
13.6577
10
-0.3121
20
13.6807
10
-0.4645
20
13.7189
10
-0.6123
20
13.7718
10
-0.7542
20
13.8389
10
-0.8889
20
13.9196
10
-1.015
20
14.0132
10
-1.1314
20
14.1186
10
-1.2368
20
14.235
10
-1.3304
20
14.3611
10
-1.4111
20
14.4958
10
-1.4782
20
14.6377
10
-1.5311
20
14.7855
10
-1.5693
20
14.9379
10
-1.5923
20
15.0932
10
-1.6
20
15.25
10
-1.5923
20
15.4068
10
-1.5693
20
15.5621
10
-1.5311
20
15.7145
10
-1.4782
20
15.8623
10
-1.4111
20
16.0042
10
-1.3304
20
16.1389
10
-1.2368
20
16.265
10
-1.1314
20
16.3814
10
-1.015
20
16.4868
10
-0.8889
20
16.5804
10
-0.7542
20
16.6611
10
-0.6123
20
16.7282
10
-0.4645
20
16.7811
10
-0.3121
20
16.8193
10
-0.1568
20
16.8423
10
0
20
16.85
10
0.1568
20
16.8423
10
0.3121
20
16.8193
10
0.4645
20
16.7811
10
0.6123
20
16.7282
10
0.7542
20
16.6611
10
0.8889
20
16.5804
10
1.015
20
16.4868
10
1.1314
20
16.3814
10
1.2368
20
16.265
10
1.3304
20
16.1389
10
1.4111
20
16.0042
10
1.4782
20
15.8623
10
1.5311
20
15.7145
10
1.5693
20
15.5621
10
1.5923
20
15.4068
0
LWPOLYLINE
8
35_arm_lift_link_t6.0
100
AcDbEntity
100
AcDbPolyline
90
91
70
1
43
0.0
10
-22.8389
20
-3.8278
10
-22.4693
20
-3.6955
10
-22.1144
20
-3.5277
10
-22.0682
20
-3.5
10
22.0682
20
-3.5
10
22.1144
20
-3.5277
10
22.4693
20
-3.6955
10
22.8389
20
-3.8278
10
23.2196
20
-3.9231
10
23.6079
20
-3.9807
10
24
20
-4
10
24.3921
20
-3.9807
10
24.7804
20
-3.9231
10
25.1611
20
-3.8278
10
25.5307
20
-3.6955
10
25.8856
20
-3.5277
10
26.2223
20
-3.3259
10
26.5376
20
-3.092
10
26.8284
20
-2.8284
10
27.092
20
-2.5376
10
27.3259
20
-2.2223
10
27.5277
20
-1.8856
10
27.6955
20
-1.5307
10
27.8278
20
-1.1611
10
27.9231
20
-0.7804
10
27.9807
20
-0.3921
10
28
20
0
10
27.9807
20
0.3921
10
27.9231
20
0.7804
10
27.8278
20
1.1611
10
27.6955
20
1.5307
10
27.5277
20
1.8856
10
27.3259
20
2.2223
10
27.092
20
2.5376
10
26.8284
20
2.8284
10
26.5376
20
3.092
10
26.2223
20
3.3259
10
25.8856
20
3.5277
10
25.5307
20
3.6955
10
25.1611
20
3.8278
10
24.7804
20
3.9231
10
24.3921
20
3.9807
10
24
20
4
10
23.6079
20
3.9807
10
23.2196
20
3.9231
10
22.8389
20
3.8278
10
22.4693
20
3.6955
10
22.1144
20
3.5277
10
22.0682
20
3.5
10
-22.0682
20
3.5
10
-22.1144
20
3.5277
10
-22.4693
20
3.6955
10
-22.8389
20
3.8278
10
-23.2196
20
3.9231
10
-23.6079
20
3.9807
10
-24
20
4
10
-24.3921
20
3.9807
10
-24.7804
20
3.9231
10
-25.1611
20
3.8278
10
-25.5307
20
3.6955
10
-25.8856
20
3.5277
10
-26.2223
20
3.3259
10
-26.5376
20
3.092
10
-26.8284
20
2.8284
10
-27.092
20
2.5376
10
-27.3259
20
2.2223
10
-27.5277
20
1.8856
10
-27.6955
20
1.5307
10
-27.8278
20
1.1611
10
-27.9231
20
0.7804
10
-27.9807
20
0.3921
10
-28
20
0
10
-27.9807
20
-0.3921
10
-27.9231
20
-0.7804
10
-27.8278
20
-1.1611
10
-27.6955
20
-1.5307
10
-27.5277
20
-1.8856
10
-27.3259
20
-2.2223
10
-27.092
20
-2.5376
10
-26.8284
20
-2.8284
10
-26.5376
20
-3.092
10
-26.2223
20
-3.3259
10
-25.8856
20
-3.5277
10
-25.5307
20
-3.6955
10
-25.1611
20
-3.8278
10
-24.7804
20
-3.9231
10
-24.3921
20
-3.9807
10
-24
20
-4
10
-23.6079
20
-3.9807
10
-23.2196
20
-3.9231
10
-22.8389
20
-3.8278
0
LWPOLYLINE
8
35_arm_lift_link_t6.0
100
AcDbEntity
100
AcDbPolyline
90
65
70
1
43
0.0
10
-22.4307
20
0.3121
10
-22.4077
20
0.1568
10
-22.4
20
0
10
-22.4077
20
-0.1568
10
-22.4307
20
-0.3121
10
-22.4689
20
-0.4645
10
-22.5218
20
-0.6123
10
-22.5889
20
-0.7542
10
-22.6696
20
-0.8889
10
-22.7632
20
-1.015
10
-22.8686
20
-1.1314
10
-22.985
20
-1.2368
10
-23.1111
20
-1.3304
10
-23.2458
20
-1.4111
10
-23.3877
20
-1.4782
10
-23.5355
20
-1.5311
10
-23.6879
20
-1.5693
10
-23.8432
20
-1.5923
10
-24
20
-1.6
10
-24.1568
20
-1.5923
10
-24.3121
20
-1.5693
10
-24.4645
20
-1.5311
10
-24.6123
20
-1.4782
10
-24.7542
20
-1.4111
10
-24.8889
20
-1.3304
10
-25.015
20
-1.2368
10
-25.1314
20
-1.1314
10
-25.2368
20
-1.015
10
-25.3304
20
-0.8889
10
-25.4111
20
-0.7542
10
-25.4782
20
-0.6123
10
-25.5311
20
-0.4645
10
-25.5693
20
-0.3121
10
-25.5923
20
-0.1568
10
-25.6
20
0
10
-25.5923
20
0.1568
10
-25.5693
20
0.3121
10
-25.5311
20
0.4645
10
-25.4782
20
0.6123
10
-25.4111
20
0.7542
10
-25.3304
20
0.8889
10
-25.2368
20
1.015
10
-25.1314
20
1.1314
10
-25.015
20
1.2368
10
-24.8889
20
1.3304
10
-24.7542
20
1.4111
10
-24.6123
20
1.4782
10
-24.4645
20
1.5311
10
-24.3121
20
1.5693
10
-24.1568
20
1.5923
10
-24
20
1.6
10
-23.8432
20
1.5923
10
-23.6879
20
1.5693
10
-23.5355
20
1.5311
10
-23.3877
20
1.4782
10
-23.2458
20
1.4111
10
-23.1111
20
1.3304
10
-22.985
20
1.2368
10
-22.8686
20
1.1314
10
-22.7632
20
1.015
10
-22.6696
20
0.8889
10
-22.5889
20
0.7542
10
-22.5218
20
0.6123
10
-22.4689
20
0.4645
10
-22.4307
20
0.3121
0
LWPOLYLINE
8
35_arm_lift_link_t6.0
100
AcDbEntity
100
AcDbPolyline
90
65
70
1
43
0.0
10
25.5923
20
0.1568
10
25.6
20
0
10
25.5923
20
-0.1568
10
25.5693
20
-0.3121
10
25.5311
20
-0.4645
10
25.4782
20
-0.6123
10
25.4111
20
-0.7542
10
25.3304
20
-0.8889
10
25.2368
20
-1.015
10
25.1314
20
-1.1314
10
25.015
20
-1.2368
10
24.8889
20
-1.3304
10
24.7542
20
-1.4111
10
24.6123
20
-1.4782
10
24.4645
20
-1.5311
10
24.3121
20
-1.5693
10
24.1568
20
-1.5923
10
24
20
-1.6
10
23.8432
20
-1.5923
10
23.6879
20
-1.5693
10
23.5355
20
-1.5311
10
23.3877
20
-1.4782
10
23.2458
20
-1.4111
10
23.1111
20
-1.3304
10
22.985
20
-1.2368
10
22.8686
20
-1.1314
10
22.7632
20
-1.015
10
22.6696
20
-0.8889
10
22.5889
20
-0.7542
10
22.5218
20
-0.6123
10
22.4689
20
-0.4645
10
22.4307
20
-0.3121
10
22.4077
20
-0.1568
10
22.4
20
0
10
22.4077
20
0.1568
10
22.4307
20
0.3121
10
22.4689
20
0.4645
10
22.5218
20
0.6123
10
22.5889
20
0.7542
10
22.6696
20
0.8889
10
22.7632
20
1.015
10
22.8686
20
1.1314
10
22.985
20
1.2368
10
23.1111
20
1.3304
10
23.2458
20
1.4111
10
23.3877
20
1.4782
10
23.5355
20
1.5311
10
23.6879
20
1.5693
10
23.8432
20
1.5923
10
24
20
1.6
10
24.1568
20
1.5923
10
24.3121
20
1.5693
10
24.4645
20
1.5311
10
24.6123
20
1.4782
10
24.7542
20
1.4111
10
24.8889
20
1.3304
10
25.015
20
1.2368
10
25.1314
20
1.1314
10
25.2368
20
1.015
10
25.3304
20
0.8889
10
25.4111
20
0.7542
10
25.4782
20
0.6123
10
25.5311
20
0.4645
10
25.5693
20
0.3121
10
25.5923
20
0.1568
0
LWPOLYLINE
8
36_arm_lift_cap_t6.0
100
AcDbEntity
100
AcDbPolyline
90
13
70
1
43
0.0
10
17.3
20
-17.3
10
-17.3
20
-17.3
10
-17.3
20
17.3
10
17
20
17.3
10
17
20
22
10
30
20
22
10
30
20
30
10
-30
20
30
10
-30
20
-30
10
30
20
-30
10
30
20
8
10
17.3
20
8
10
17.3
20
-17.3
0
LWPOLYLINE
8
36_arm_lift_cap_t6.0
100
AcDbEntity
100
AcDbPolyline
90
5
70
1
43
0.0
10
-24.75
20
6
10
-24.75
20
-6
10
-27.25
20
-6
10
-27.25
20
6
10
-24.75
20
6
0
LWPOLYLINE
8
36_arm_lift_cap_t6.0
100
AcDbEntity
100
AcDbPolyline
90
5
70
1
43
0.0
10
27.25
20
-6
10
24.75
20
-6
10
24.75
20
6
10
27.25
20
6
10
27.25
20
-6
0
LWPOLYLINE
8
36_arm_lift_cap_t6.0
100
AcDbEntity
100
AcDbPolyline
90
65
70
1
43
0.0
10
1.0163
20
19.071
10
1.0526
20
18.9693
10
1.0789
20
18.8646
10
1.0947
20
18.7578
10
1.1
20
18.65
10
1.0947
20
18.5422
10
1.0789
20
18.4354
10
1.0526
20
18.3307
10
1.0163
20
18.229
10
0.9701
20
18.1315
10
0.9146
20
18.0389
10
0.8503
20
17.9522
10
0.7778
20
17.8722
10
0.6978
20
17.7997
10
0.6111
20
17.7354
10
0.5185
20
17.6799
10
0.421
20
17.6337
10
0.3193
20
17.5974
10
0.2146
20
17.5711
10
0.1078
20
17.5553
10
0
20
17.55
10
-0.1078
20
17.5553
10
-0.2146
20
17.5711
10
-0.3193
20
17.5974
10
-0.421
20
17.6337
10
-0.5185
20
17.6799
10
-0.6111
20
17.7354
10
-0.6978
20
17.7997
10
-0.7778
20
17.8722
10
-0.8503
20
17.9522
10
-0.9146
20
18.0389
10
-0.9701
20
18.1315
10
-1.0163
20
18.229
10
-1.0526
20
18.3307
10
-1.0789
20
18.4354
10
-1.0947
20
18.5422
10
-1.1
20
18.65
10
-1.0947
20
18.7578
10
-1.0789
20
18.8646
10
-1.0526
20
18.9693
10
-1.0163
20
19.071
10
-0.9701
20
19.1685
10
-0.9146
20
19.2611
10
-0.8503
20
19.3478
10
-0.7778
20
19.4278
10
-0.6978
20
19.5003
10
-0.6111
20
19.5646
10
-0.5185
20
19.6201
10
-0.421
20
19.6663
10
-0.3193
20
19.7026
10
-0.2146
20
19.7289
10
-0.1078
20
19.7447
10
0
20
19.75
10
0.1078
20
19.7447
10
0.2146
20
19.7289
10
0.3193
20
19.7026
10
0.421
20
19.6663
10
0.5185
20
19.6201
10
0.6111
20
19.5646
10
0.6978
20
19.5003
10
0.7778
20
19.4278
10
0.8503
20
19.3478
10
0.9146
20
19.2611
10
0.9701
20
19.1685
10
1.0163
20
19.071
0
LWPOLYLINE
8
36_arm_lift_cap_t6.0
100
AcDbEntity
100
AcDbPolyline
90
65
70
1
43
0.0
10
1.0526
20
-18.3307
10
1.0789
20
-18.4354
10
1.0947
20
-18.5422
10
1.1
20
-18.65
10
1.0947
20
-18.7578
10
1.0789
20
-18.8646
10
1.0526
20
-18.9693
10
1.0163
20
-19.071
10
0.9701
20
-19.1685
10
0.9146
20
-19.2611
10
0.8503
20
-19.3478
10
0.7778
20
-19.4278
10
0.6978
20
-19.5003
10
0.6111
20
-19.5646
10
0.5185
20
-19.6201
10
0.421
20
-19.6663
10
0.3193
20
-19.7026
10
0.2146
20
-19.7289
10
0.1078
20
-19.7447
10
0
20
-19.75
10
-0.1078
20
-19.7447
10
-0.2146
20
-19.7289
10
-0.3193
20
-19.7026
10
-0.421
20
-19.6663
10
-0.5185
20
-19.6201
10
-0.6111
20
-19.5646
10
-0.6978
20
-19.5003
10
-0.7778
20
-19.4278
10
-0.8503
20
-19.3478
10
-0.9146
20
-19.2611
10
-0.9701
20
-19.1685
10
-1.0163
20
-19.071
10
-1.0526
20
-18.9693
10
-1.0789
20
-18.8646
10
-1.0947
20
-18.7578
10
-1.1
20
-18.65
10
-1.0947
20
-18.5422
10
-1.0789
20
-18.4354
10
-1.0526
20
-18.3307
10
-1.0163
20
-18.229
10
-0.9701
20
-18.1315
10
-0.9146
20
-18.0389
10
-0.8503
20
-17.9522
10
-0.7778
20
-17.8722
10
-0.6978
20
-17.7997
10
-0.6111
20
-17.7354
10
-0.5185
20
-17.6799
10
-0.421
20
-17.6337
10
-0.3193
20
-17.5974
10
-0.2146
20
-17.5711
10
-0.1078
20
-17.5553
10
0
20
-17.55
10
0.1078
20
-17.5553
10
0.2146
20
-17.5711
10
0.3193
20
-17.5974
10
0.421
20
-17.6337
10
0.5185
20
-17.6799
10
0.6111
20
-17.7354
10
0.6978
20
-17.7997
10
0.7778
20
-17.8722
10
0.8503
20
-17.9522
10
0.9146
20
-18.0389
10
0.9701
20
-18.1315
10
1.0163
20
-18.229
10
1.0526
20
-18.3307
0
LWPOLYLINE
8
36_arm_lift_cap_t6.0
100
AcDbEntity
100
AcDbPolyline
90
65
70
1
43
0.0
10
19.7289
20
0.2146
10
19.7447
20
0.1078
10
19.75
20
0
10
19.7447
20
-0.1078
10
19.7289
20
-0.2146
10
19.7026
20
-0.3193
10
19.6663
20
-0.421
10
19.6201
20
-0.5185
10
19.5646
20
-0.6111
10
19.5003
20
-0.6978
10
19.4278
20
-0.7778
10
19.3478
20
-0.8503
10
19.2611
20
-0.9146
10
19.1685
20
-0.9701
10
19.071
20
-1.0163
10
18.9693
20
-1.0526
10
18.8646
20
-1.0789
10
18.7578
20
-1.0947
10
18.65
20
-1.1
10
18.5422
20
-1.0947
10
18.4354
20
-1.0789
10
18.3307
20
-1.0526
10
18.229
20
-1.0163
10
18.1315
20
-0.9701
10
18.0389
20
-0.9146
10
17.9522
20
-0.8503
10
17.8722
20
-0.7778
10
17.7997
20
-0.6978
10
17.7354
20
-0.6111
10
17.6799
20
-0.5185
10
17.6337
20
-0.421
10
17.5974
20
-0.3193
10
17.5711
20
-0.2146
10
17.5553
20
-0.1078
10
17.55
20
0
10
17.5553
20
0.1078
10
17.5711
20
0.2146
10
17.5974
20
0.3193
10
17.6337
20
0.421
10
17.6799
20
0.5185
10
17.7354
20
0.6111
10
17.7997
20
0.6978
10
17.8722
20
0.7778
10
17.9522
20
0.8503
10
18.0389
20
0.9146
10
18.1315
20
0.9701
10
18.229
20
1.0163
10
18.3307
20
1.0526
10
18.4354
20
1.0789
10
18.5422
20
1.0947
10
18.65
20
1.1
10
18.7578
20
1.0947
10
18.8646
20
1.0789
10
18.9693
20
1.0526
10
19.071
20
1.0163
10
19.1685
20
0.9701
10
19.2611
20
0.9146
10
19.3478
20
0.8503
10
19.4278
20
0.7778
10
19.5003
20
0.6978
10
19.5646
20
0.6111
10
19.6201
20
0.5185
10
19.6663
20
0.421
10
19.7026
20
0.3193
10
19.7289
20
0.2146
0
LWPOLYLINE
8
36_arm_lift_cap_t6.0
100
AcDbEntity
100
AcDbPolyline
90
65
70
1
43
0.0
10
-17.5553
20
0.1078
10
-17.55
20
0
10
-17.5553
20
-0.1078
10
-17.5711
20
-0.2146
10
-17.5974
20
-0.3193
10
-17.6337
20
-0.421
10
-17.6799
20
-0.5185
10
-17.7354
20
-0.6111
10
-17.7997
20
-0.6978
10
-17.8722
20
-0.7778
10
-17.9522
20
-0.8503
10
-18.0389
20
-0.9146
10
-18.1315
20
-0.9701
10
-18.229
20
-1.0163
10
-18.3307
20
-1.0526
10
-18.4354
20
-1.0789
10
-18.5422
20
-1.0947
10
-18.65
20
-1.1
10
-18.7578
20
-1.0947
10
-18.8646
20
-1.0789
10
-18.9693
20
-1.0526
10
-19.071
20
-1.0163
10
-19.1685
20
-0.9701
10
-19.2611
20
-0.9146
10
-19.3478
20
-0.8503
10
-19.4278
20
-0.7778
10
-19.5003
20
-0.6978
10
-19.5646
20
-0.6111
10
-19.6201
20
-0.5185
10
-19.6663
20
-0.421
10
-19.7026
20
-0.3193
10
-19.7289
20
-0.2146
10
-19.7447
20
-0.1078
10
-19.75
20
0
10
-19.7447
20
0.1078
10
-19.7289
20
0.2146
10
-19.7026
20
0.3193
10
-19.6663
20
0.421
10
-19.6201
20
0.5185
10
-19.5646
20
0.6111
10
-19.5003
20
0.6978
10
-19.4278
20
0.7778
10
-19.3478
20
0.8503
10
-19.2611
20
0.9146
10
-19.1685
20
0.9701
10
-19.071
20
1.0163
10
-18.9693
20
1.0526
10
-18.8646
20
1.0789
10
-18.7578
20
1.0947
10
-18.65
20
1.1
10
-18.5422
20
1.0947
10
-18.4354
20
1.0789
10
-18.3307
20
1.0526
10
-18.229
20
1.0163
10
-18.1315
20
0.9701
10
-18.0389
20
0.9146
10
-17.9522
20
0.8503
10
-17.8722
20
0.7778
10
-17.7997
20
0.6978
10
-17.7354
20
0.6111
10
-17.6799
20
0.5185
10
-17.6337
20
0.421
10
-17.5974
20
0.3193
10
-17.5711
20
0.2146
10
-17.5553
20
0.1078
0
LWPOLYLINE
8
12_bin_floor_t3.0
100
AcDbEntity
100
AcDbPolyline
90
5
70
1
43
0.0
10
0
20
68
10
0
20
-68
10
100
20
-68
10
100
20
68
10
0
20
68
0
LWPOLYLINE
8
12_bin_floor_t3.0
100
AcDbEntity
100
AcDbPolyline
90
65
70
1
43
0.0
10
10.4645
20
-54.4689
10
10.6123
20
-54.5218
10
10.7542
20
-54.5889
10
10.8889
20
-54.6696
10
11.015
20
-54.7632
10
11.1314
20
-54.8686
10
11.2368
20
-54.985
10
11.3304
20
-55.1111
10
11.4111
20
-55.2458
10
11.4782
20
-55.3877
10
11.5311
20
-55.5355
10
11.5693
20
-55.6879
10
11.5923
20
-55.8432
10
11.6
20
-56
10
11.5923
20
-56.1568
10
11.5693
20
-56.3121
10
11.5311
20
-56.4645
10
11.4782
20
-56.6123
10
11.4111
20
-56.7542
10
11.3304
20
-56.8889
10
11.2368
20
-57.015
10
11.1314
20
-57.1314
10
11.015
20
-57.2368
10
10.8889
20
-57.3304
10
10.7542
20
-57.4111
10
10.6123
20
-57.4782
10
10.4645
20
-57.5311
10
10.3121
20
-57.5693
10
10.1568
20
-57.5923
10
10
20
-57.6
10
9.8432
20
-57.5923
10
9.6879
20
-57.5693
10
9.5355
20
-57.5311
10
9.3877
20
-57.4782
10
9.2458
20
-57.4111
10
9.1111
20
-57.3304
10
8.985
20
-57.2368
10
8.8686
20
-57.1314
10
8.7632
20
-57.015
10
8.6696
20
-56.8889
10
8.5889
20
-56.7542
10
8.5218
20
-56.6123
10
8.4689
20
-56.4645
10
8.4307
20
-56.3121
10
8.4077
20
-56.1568
10
8.4
20
-56
10
8.4077
20
-55.8432
10
8.4307
20
-55.6879
10
8.4689
20
-55.5355
10
8.5218
20
-55.3877
10
8.5889
20
-55.2458
10
8.6696
20
-55.1111
10
8.7632
20
-54.985
10
8.8686
20
-54.8686
10
8.985
20
-54.7632
10
9.1111
20
-54.6696
10
9.2458
20
-54.5889
10
9.3877
20
-54.5218
10
9.5355
20
-54.4689
10
9.6879
20
-54.4307
10
9.8432
20
-54.4077
10
10
20
-54.4
10
10.1568
20
-54.4077
10
10.3121
20
-54.4307
10
10.4645
20
-54.4689
0
LWPOLYLINE
8
12_bin_floor_t3.0
100
AcDbEntity
100
AcDbPolyline
90
65
70
1
43
0.0
10
10.6123
20
57.4782
10
10.7542
20
57.4111
10
10.8889
20
57.3304
10
11.015
20
57.2368
10
11.1314
20
57.1314
10
11.2368
20
57.015
10
11.3304
20
56.8889
10
11.4111
20
56.7542
10
11.4782
20
56.6123
10
11.5311
20
56.4645
10
11.5693
20
56.3121
10
11.5923
20
56.1568
10
11.6
20
56
10
11.5923
20
55.8432
10
11.5693
20
55.6879
10
11.5311
20
55.5355
10
11.4782
20
55.3877
10
11.4111
20
55.2458
10
11.3304
20
55.1111
10
11.2368
20
54.985
10
11.1314
20
54.8686
10
11.015
20
54.7632
10
10.8889
20
54.6696
10
10.7542
20
54.5889
10
10.6123
20
54.5218
10
10.4645
20
54.4689
10
10.3121
20
54.4307
10
10.1568
20
54.4077
10
10
20
54.4
10
9.8432
20
54.4077
10
9.6879
20
54.4307
10
9.5355
20
54.4689
10
9.3877
20
54.5218
10
9.2458
20
54.5889
10
9.1111
20
54.6696
10
8.985
20
54.7632
10
8.8686
20
54.8686
10
8.7632
20
54.985
10
8.6696
20
55.1111
10
8.5889
20
55.2458
10
8.5218
20
55.3877
10
8.4689
20
55.5355
10
8.4307
20
55.6879
10
8.4077
20
55.8432
10
8.4
20
56
10
8.4077
20
56.1568
10
8.4307
20
56.3121
10
8.4689
20
56.4645
10
8.5218
20
56.6123
10
8.5889
20
56.7542
10
8.6696
20
56.8889
10
8.7632
20
57.015
10
8.8686
20
57.1314
10
8.985
20
57.2368
10
9.1111
20
57.3304
10
9.2458
20
57.4111
10
9.3877
20
57.4782
10
9.5355
20
57.5311
10
9.6879
20
57.5693
10
9.8432
20
57.5923
10
10
20
57.6
10
10.1568
20
57.5923
10
10.3121
20
57.5693
10
10.4645
20
57.5311
10
10.6123
20
57.4782
0
LWPOLYLINE
8
12_bin_floor_t3.0
100
AcDbEntity
100
AcDbPolyline
90
65
70
1
43
0.0
10
90.7542
20
-54.5889
10
90.8889
20
-54.6696
10
91.015
20
-54.7632
10
91.1314
20
-54.8686
10
91.2368
20
-54.985
10
91.3304
20
-55.1111
10
91.4111
20
-55.2458
10
91.4782
20
-55.3877
10
91.5311
20
-55.5355
10
91.5693
20
-55.6879
10
91.5923
20
-55.8432
10
91.6
20
-56
10
91.5923
20
-56.1568
10
91.5693
20
-56.3121
10
91.5311
20
-56.4645
10
91.4782
20
-56.6123
10
91.4111
20
-56.7542
10
91.3304
20
-56.8889
10
91.2368
20
-57.015
10
91.1314
20
-57.1314
10
91.015
20
-57.2368
10
90.8889
20
-57.3304
10
90.7542
20
-57.4111
10
90.6123
20
-57.4782
10
90.4645
20
-57.5311
10
90.3121
20
-57.5693
10
90.1568
20
-57.5923
10
90
20
-57.6
10
89.8432
20
-57.5923
10
89.6879
20
-57.5693
10
89.5355
20
-57.5311
10
89.3877
20
-57.4782
10
89.2458
20
-57.4111
10
89.1111
20
-57.3304
10
88.985
20
-57.2368
10
88.8686
20
-57.1314
10
88.7632
20
-57.015
10
88.6696
20
-56.8889
10
88.5889
20
-56.7542
10
88.5218
20
-56.6123
10
88.4689
20
-56.4645
10
88.4307
20
-56.3121
10
88.4077
20
-56.1568
10
88.4
20
-56
10
88.4077
20
-55.8432
10
88.4307
20
-55.6879
10
88.4689
20
-55.5355
10
88.5218
20
-55.3877
10
88.5889
20
-55.2458
10
88.6696
20
-55.1111
10
88.7632
20
-54.985
10
88.8686
20
-54.8686
10
88.985
20
-54.7632
10
89.1111
20
-54.6696
10
89.2458
20
-54.5889
10
89.3877
20
-54.5218
10
89.5355
20
-54.4689
10
89.6879
20
-54.4307
10
89.8432
20
-54.4077
10
90
20
-54.4
10
90.1568
20
-54.4077
10
90.3121
20
-54.4307
10
90.4645
20
-54.4689
10
90.6123
20
-54.5218
10
90.7542
20
-54.5889
0
LWPOLYLINE
8
12_bin_floor_t3.0
100
AcDbEntity
100
AcDbPolyline
90
65
70
1
43
0.0
10
90.8889
20
57.3304
10
91.015
20
57.2368
10
91.1314
20
57.1314
10
91.2368
20
57.015
10
91.3304
20
56.8889
10
91.4111
20
56.7542
10
91.4782
20
56.6123
10
91.5311
20
56.4645
10
91.5693
20
56.3121
10
91.5923
20
56.1568
10
91.6
20
56
10
91.5923
20
55.8432
10
91.5693
20
55.6879
10
91.5311
20
55.5355
10
91.4782
20
55.3877
10
91.4111
20
55.2458
10
91.3304
20
55.1111
10
91.2368
20
54.985
10
91.1314
20
54.8686
10
91.015
20
54.7632
10
90.8889
20
54.6696
10
90.7542
20
54.5889
10
90.6123
20
54.5218
10
90.4645
20
54.4689
10
90.3121
20
54.4307
10
90.1568
20
54.4077
10
90
20
54.4
10
89.8432
20
54.4077
10
89.6879
20
54.4307
10
89.5355
20
54.4689
10
89.3877
20
54.5218
10
89.2458
20
54.5889
10
89.1111
20
54.6696
10
88.985
20
54.7632
10
88.8686
20
54.8686
10
88.7632
20
54.985
10
88.6696
20
55.1111
10
88.5889
20
55.2458
10
88.5218
20
55.3877
10
88.4689
20
55.5355
10
88.4307
20
55.6879
10
88.4077
20
55.8432
10
88.4
20
56
10
88.4077
20
56.1568
10
88.4307
20
56.3121
10
88.4689
20
56.4645
10
88.5218
20
56.6123
10
88.5889
20
56.7542
10
88.6696
20
56.8889
10
88.7632
20
57.015
10
88.8686
20
57.1314
10
88.985
20
57.2368
10
89.1111
20
57.3304
10
89.2458
20
57.4111
10
89.3877
20
57.4782
10
89.5355
20
57.5311
10
89.6879
20
57.5693
10
89.8432
20
57.5923
10
90
20
57.6
10
90.1568
20
57.5923
10
90.3121
20
57.5693
10
90.4645
20
57.5311
10
90.6123
20
57.4782
10
90.7542
20
57.4111
10
90.8889
20
57.3304
0
LWPOLYLINE
8
12_bin_floor_t3.0
100
AcDbEntity
100
AcDbPolyline
90
65
70
1
43
0.0
10
26.5376
20
-44.908
10
26.8284
20
-45.1716
10
27.092
20
-45.4624
10
27.3259
20
-45.7777
10
27.5277
20
-46.1144
10
27.6955
20
-46.4693
10
27.8278
20
-46.8389
10
27.9231
20
-47.2196
10
27.9807
20
-47.6079
10
28
20
-48
10
27.9807
20
-48.3921
10
27.9231
20
-48.7804
10
27.8278
20
-49.1611
10
27.6955
20
-49.5307
10
27.5277
20
-49.8856
10
27.3259
20
-50.2223
10
27.092
20
-50.5376
10
26.8284
20
-50.8284
10
26.5376
20
-51.092
10
26.2223
20
-51.3259
10
25.8856
20
-51.5277
10
25.5307
20
-51.6955
10
25.1611
20
-51.8278
10
24.7804
20
-51.9231
10
24.3921
20
-51.9807
10
24
20
-52
10
23.6079
20
-51.9807
10
23.2196
20
-51.9231
10
22.8389
20
-51.8278
10
22.4693
20
-51.6955
10
22.1144
20
-51.5277
10
21.7777
20
-51.3259
10
21.4624
20
-51.092
10
21.1716
20
-50.8284
10
20.908
20
-50.5376
10
20.6741
20
-50.2223
10
20.4723
20
-49.8856
10
20.3045
20
-49.5307
10
20.1722
20
-49.1611
10
20.0769
20
-48.7804
10
20.0193
20
-48.3921
10
20
20
-48
10
20.0193
20
-47.6079
10
20.0769
20
-47.2196
10
20.1722
20
-46.8389
10
20.3045
20
-46.4693
10
20.4723
20
-46.1144
10
20.6741
20
-45.7777
10
20.908
20
-45.4624
10
21.1716
20
-45.1716
10
21.4624
20
-44.908
10
21.7777
20
-44.6741
10
22.1144
20
-44.4723
10
22.4693
20
-44.3045
10
22.8389
20
-44.1722
10
23.2196
20
-44.0769
10
23.6079
20
-44.0193
10
24
20
-44
10
24.3921
20
-44.0193
10
24.7804
20
-44.0769
10
25.1611
20
-44.1722
10
25.5307
20
-44.3045
10
25.8856
20
-44.4723
10
26.2223
20
-44.6741
10
26.5376
20
-44.908
0
LWPOLYLINE
8
12_bin_floor_t3.0
100
AcDbEntity
100
AcDbPolyline
90
65
70
1
43
0.0
10
26.8284
20
2.8284
10
27.092
20
2.5376
10
27.3259
20
2.2223
10
27.5277
20
1.8856
10
27.6955
20
1.5307
10
27.8278
20
1.1611
10
27.9231
20
0.7804
10
27.9807
20
0.3921
10
28
20
0
10
27.9807
20
-0.3921
10
27.9231
20
-0.7804
10
27.8278
20
-1.1611
10
27.6955
20
-1.5307
10
27.5277
20
-1.8856
10
27.3259
20
-2.2223
10
27.092
20
-2.5376
10
26.8284
20
-2.8284
10
26.5376
20
-3.092
10
26.2223
20
-3.3259
10
25.8856
20
-3.5277
10
25.5307
20
-3.6955
10
25.1611
20
-3.8278
10
24.7804
20
-3.9231
10
24.3921
20
-3.9807
10
24
20
-4
10
23.6079
20
-3.9807
10
23.2196
20
-3.9231
10
22.8389
20
-3.8278
10
22.4693
20
-3.6955
10
22.1144
20
-3.5277
10
21.7777
20
-3.3259
10
21.4624
20
-3.092
10
21.1716
20
-2.8284
10
20.908
20
-2.5376
10
20.6741
20
-2.2223
10
20.4723
20
-1.8856
10
20.3045
20
-1.5307
10
20.1722
20
-1.1611
10
20.0769
20
-0.7804
10
20.0193
20
-0.3921
10
20
20
0
10
20.0193
20
0.3921
10
20.0769
20
0.7804
10
20.1722
20
1.1611
10
20.3045
20
1.5307
10
20.4723
20
1.8856
10
20.6741
20
2.2223
10
20.908
20
2.5376
10
21.1716
20
2.8284
10
21.4624
20
3.092
10
21.7777
20
3.3259
10
22.1144
20
3.5277
10
22.4693
20
3.6955
10
22.8389
20
3.8278
10
23.2196
20
3.9231
10
23.6079
20
3.9807
10
24
20
4
10
24.3921
20
3.9807
10
24.7804
20
3.9231
10
25.1611
20
3.8278
10
25.5307
20
3.6955
10
25.8856
20
3.5277
10
26.2223
20
3.3259
10
26.5376
20
3.092
10
26.8284
20
2.8284
0
LWPOLYLINE
8
12_bin_floor_t3.0
100
AcDbEntity
100
AcDbPolyline
90
65
70
1
43
0.0
10
27.092
20
50.5376
10
27.3259
20
50.2223
10
27.5277
20
49.8856
10
27.6955
20
49.5307
10
27.8278
20
49.1611
10
27.9231
20
48.7804
10
27.9807
20
48.3921
10
28
20
48
10
27.9807
20
47.6079
10
27.9231
20
47.2196
10
27.8278
20
46.8389
10
27.6955
20
46.4693
10
27.5277
20
46.1144
10
27.3259
20
45.7777
10
27.092
20
45.4624
10
26.8284
20
45.1716
10
26.5376
20
44.908
10
26.2223
20
44.6741
10
25.8856
20
44.4723
10
25.5307
20
44.3045
10
25.1611
20
44.1722
10
24.7804
20
44.0769
10
24.3921
20
44.0193
10
24
20
44
10
23.6079
20
44.0193
10
23.2196
20
44.0769
10
22.8389
20
44.1722
10
22.4693
20
44.3045
10
22.1144
20
44.4723
10
21.7777
20
44.6741
10
21.4624
20
44.908
10
21.1716
20
45.1716
10
20.908
20
45.4624
10
20.6741
20
45.7777
10
20.4723
20
46.1144
10
20.3045
20
46.4693
10
20.1722
20
46.8389
10
20.0769
20
47.2196
10
20.0193
20
47.6079
10
20
20
48
10
20.0193
20
48.3921
10
20.0769
20
48.7804
10
20.1722
20
49.1611
10
20.3045
20
49.5307
10
20.4723
20
49.8856
10
20.6741
20
50.2223
10
20.908
20
50.5376
10
21.1716
20
50.8284
10
21.4624
20
51.092
10
21.7777
20
51.3259
10
22.1144
20
51.5277
10
22.4693
20
51.6955
10
22.8389
20
51.8278
10
23.2196
20
51.9231
10
23.6079
20
51.9807
10
24
20
52
10
24.3921
20
51.9807
10
24.7804
20
51.9231
10
25.1611
20
51.8278
10
25.5307
20
51.6955
10
25.8856
20
51.5277
10
26.2223
20
51.3259
10
26.5376
20
51.092
10
26.8284
20
50.8284
10
27.092
20
50.5376
0
LWPOLYLINE
8
12_bin_floor_t3.0
100
AcDbEntity
100
AcDbPolyline
90
65
70
1
43
0.0
10
49.3259
20
-45.7777
10
49.5277
20
-46.1144
10
49.6955
20
-46.4693
10
49.8278
20
-46.8389
10
49.9231
20
-47.2196
10
49.9807
20
-47.6079
10
50
20
-48
10
49.9807
20
-48.3921
10
49.9231
20
-48.7804
10
49.8278
20
-49.1611
10
49.6955
20
-49.5307
10
49.5277
20
-49.8856
10
49.3259
20
-50.2223
10
49.092
20
-50.5376
10
48.8284
20
-50.8284
10
48.5376
20
-51.092
10
48.2223
20
-51.3259
10
47.8856
20
-51.5277
10
47.5307
20
-51.6955
10
47.1611
20
-51.8278
10
46.7804
20
-51.9231
10
46.3921
20
-51.9807
10
46
20
-52
10
45.6079
20
-51.9807
10
45.2196
20
-51.9231
10
44.8389
20
-51.8278
10
44.4693
20
-51.6955
10
44.1144
20
-51.5277
10
43.7777
20
-51.3259
10
43.4624
20
-51.092
10
43.1716
20
-50.8284
10
42.908
20
-50.5376
10
42.6741
20
-50.2223
10
42.4723
20
-49.8856
10
42.3045
20
-49.5307
10
42.1722
20
-49.1611
10
42.0769
20
-48.7804
10
42.0193
20
-48.3921
10
42
20
-48
10
42.0193
20
-47.6079
10
42.0769
20
-47.2196
10
42.1722
20
-46.8389
10
42.3045
20
-46.4693
10
42.4723
20
-46.1144
10
42.6741
20
-45.7777
10
42.908
20
-45.4624
10
43.1716
20
-45.1716
10
43.4624
20
-44.908
10
43.7777
20
-44.6741
10
44.1144
20
-44.4723
10
44.4693
20
-44.3045
10
44.8389
20
-44.1722
10
45.2196
20
-44.0769
10
45.6079
20
-44.0193
10
46
20
-44
10
46.3921
20
-44.0193
10
46.7804
20
-44.0769
10
47.1611
20
-44.1722
10
47.5307
20
-44.3045
10
47.8856
20
-44.4723
10
48.2223
20
-44.6741
10
48.5376
20
-44.908
10
48.8284
20
-45.1716
10
49.092
20
-45.4624
10
49.3259
20
-45.7777
0
LWPOLYLINE
8
12_bin_floor_t3.0
100
AcDbEntity
100
AcDbPolyline
90
65
70
1
43
0.0
10
49.5277
20
1.8856
10
49.6955
20
1.5307
10
49.8278
20
1.1611
10
49.9231
20
0.7804
10
49.9807
20
0.3921
10
50
20
0
10
49.9807
20
-0.3921
10
49.9231
20
-0.7804
10
49.8278
20
-1.1611
10
49.6955
20
-1.5307
10
49.5277
20
-1.8856
10
49.3259
20
-2.2223
10
49.092
20
-2.5376
10
48.8284
20
-2.8284
10
48.5376
20
-3.092
10
48.2223
20
-3.3259
10
47.8856
20
-3.5277
10
47.5307
20
-3.6955
10
47.1611
20
-3.8278
10
46.7804
20
-3.9231
10
46.3921
20
-3.9807
10
46
20
-4
10
45.6079
20
-3.9807
10
45.2196
20
-3.9231
10
44.8389
20
-3.8278
10
44.4693
20
-3.6955
10
44.1144
20
-3.5277
10
43.7777
20
-3.3259
10
43.4624
20
-3.092
10
43.1716
20
-2.8284
10
42.908
20
-2.5376
10
42.6741
20
-2.2223
10
42.4723
20
-1.8856
10
42.3045
20
-1.5307
10
42.1722
20
-1.1611
10
42.0769
20
-0.7804
10
42.0193
20
-0.3921
10
42
20
0
10
42.0193
20
0.3921
10
42.0769
20
0.7804
10
42.1722
20
1.1611
10
42.3045
20
1.5307
10
42.4723
20
1.8856
10
42.6741
20
2.2223
10
42.908
20
2.5376
10
43.1716
20
2.8284
10
43.4624
20
3.092
10
43.7777
20
3.3259
10
44.1144
20
3.5277
10
44.4693
20
3.6955
10
44.8389
20
3.8278
10
45.2196
20
3.9231
10
45.6079
20
3.9807
10
46
20
4
10
46.3921
20
3.9807
10
46.7804
20
3.9231
10
47.1611
20
3.8278
10
47.5307
20
3.6955
10
47.8856
20
3.5277
10
48.2223
20
3.3259
10
48.5376
20
3.092
10
48.8284
20
2.8284
10
49.092
20
2.5376
10
49.3259
20
2.2223
10
49.5277
20
1.8856
0
LWPOLYLINE
8
12_bin_floor_t3.0
100
AcDbEntity
100
AcDbPolyline
90
65
70
1
43
0.0
10
49.6955
20
49.5307
10
49.8278
20
49.1611
10
49.9231
20
48.7804
10
49.9807
20
48.3921
10
50
20
48
10
49.9807
20
47.6079
10
49.9231
20
47.2196
10
49.8278
20
46.8389
10
49.6955
20
46.4693
10
49.5277
20
46.1144
10
49.3259
20
45.7777
10
49.092
20
45.4624
10
48.8284
20
45.1716
10
48.5376
20
44.908
10
48.2223
20
44.6741
10
47.8856
20
44.4723
10
47.5307
20
44.3045
10
47.1611
20
44.1722
10
46.7804
20
44.0769
10
46.3921
20
44.0193
10
46
20
44
10
45.6079
20
44.0193
10
45.2196
20
44.0769
10
44.8389
20
44.1722
10
44.4693
20
44.3045
10
44.1144
20
44.4723
10
43.7777
20
44.6741
10
43.4624
20
44.908
10
43.1716
20
45.1716
10
42.908
20
45.4624
10
42.6741
20
45.7777
10
42.4723
20
46.1144
10
42.3045
20
46.4693
10
42.1722
20
46.8389
10
42.0769
20
47.2196
10
42.0193
20
47.6079
10
42
20
48
10
42.0193
20
48.3921
10
42.0769
20
48.7804
10
42.1722
20
49.1611
10
42.3045
20
49.5307
10
42.4723
20
49.8856
10
42.6741
20
50.2223
10
42.908
20
50.5376
10
43.1716
20
50.8284
10
43.4624
20
51.092
10
43.7777
20
51.3259
10
44.1144
20
51.5277
10
44.4693
20
51.6955
10
44.8389
20
51.8278
10
45.2196
20
51.9231
10
45.6079
20
51.9807
10
46
20
52
10
46.3921
20
51.9807
10
46.7804
20
51.9231
10
47.1611
20
51.8278
10
47.5307
20
51.6955
10
47.8856
20
51.5277
10
48.2223
20
51.3259
10
48.5376
20
51.092
10
48.8284
20
50.8284
10
49.092
20
50.5376
10
49.3259
20
50.2223
10
49.5277
20
49.8856
10
49.6955
20
49.5307
0
LWPOLYLINE
8
12_bin_floor_t3.0
100
AcDbEntity
100
AcDbPolyline
90
65
70
1
43
0.0
10
71.8278
20
-46.8389
10
71.9231
20
-47.2196
10
71.9807
20
-47.6079
10
72
20
-48
10
71.9807
20
-48.3921
10
71.9231
20
-48.7804
10
71.8278
20
-49.1611
10
71.6955
20
-49.5307
10
71.5277
20
-49.8856
10
71.3259
20
-50.2223
10
71.092
20
-50.5376
10
70.8284
20
-50.8284
10
70.5376
20
-51.092
10
70.2223
20
-51.3259
10
69.8856
20
-51.5277
10
69.5307
20
-51.6955
10
69.1611
20
-51.8278
10
68.7804
20
-51.9231
10
68.3921
20
-51.9807
10
68
20
-52
10
67.6079
20
-51.9807
10
67.2196
20
-51.9231
10
66.8389
20
-51.8278
10
66.4693
20
-51.6955
10
66.1144
20
-51.5277
10
65.7777
20
-51.3259
10
65.4624
20
-51.092
10
65.1716
20
-50.8284
10
64.908
20
-50.5376
10
64.6741
20
-50.2223
10
64.4723
20
-49.8856
10
64.3045
20
-49.5307
10
64.1722
20
-49.1611
10
64.0769
20
-48.7804
10
64.0193
20
-48.3921
10
64
20
-48
10
64.0193
20
-47.6079
10
64.0769
20
-47.2196
10
64.1722
20
-46.8389
10
64.3045
20
-46.4693
10
64.4723
20
-46.1144
10
64.6741
20
-45.7777
10
64.908
20
-45.4624
10
65.1716
20
-45.1716
10
65.4624
20
-44.908
10
65.7777
20
-44.6741
10
66.1144
20
-44.4723
10
66.4693
20
-44.3045
10
66.8389
20
-44.1722
10
67.2196
20
-44.0769
10
67.6079
20
-44.0193
10
68
20
-44
10
68.3921
20
-44.0193
10
68.7804
20
-44.0769
10
69.1611
20
-44.1722
10
69.5307
20
-44.3045
10
69.8856
20
-44.4723
10
70.2223
20
-44.6741
10
70.5376
20
-44.908
10
70.8284
20
-45.1716
10
71.092
20
-45.4624
10
71.3259
20
-45.7777
10
71.5277
20
-46.1144
10
71.6955
20
-46.4693
10
71.8278
20
-46.8389
0
LWPOLYLINE
8
12_bin_floor_t3.0
100
AcDbEntity
100
AcDbPolyline
90
65
70
1
43
0.0
10
71.9231
20
0.7804
10
71.9807
20
0.3921
10
72
20
0
10
71.9807
20
-0.3921
10
71.9231
20
-0.7804
10
71.8278
20
-1.1611
10
71.6955
20
-1.5307
10
71.5277
20
-1.8856
10
71.3259
20
-2.2223
10
71.092
20
-2.5376
10
70.8284
20
-2.8284
10
70.5376
20
-3.092
10
70.2223
20
-3.3259
10
69.8856
20
-3.5277
10
69.5307
20
-3.6955
10
69.1611
20
-3.8278
10
68.7804
20
-3.9231
10
68.3921
20
-3.9807
10
68
20
-4
10
67.6079
20
-3.9807
10
67.2196
20
-3.9231
10
66.8389
20
-3.8278
10
66.4693
20
-3.6955
10
66.1144
20
-3.5277
10
65.7777
20
-3.3259
10
65.4624
20
-3.092
10
65.1716
20
-2.8284
10
64.908
20
-2.5376
10
64.6741
20
-2.2223
10
64.4723
20
-1.8856
10
64.3045
20
-1.5307
10
64.1722
20
-1.1611
10
64.0769
20
-0.7804
10
64.0193
20
-0.3921
10
64
20
0
10
64.0193
20
0.3921
10
64.0769
20
0.7804
10
64.1722
20
1.1611
10
64.3045
20
1.5307
10
64.4723
20
1.8856
10
64.6741
20
2.2223
10
64.908
20
2.5376
10
65.1716
20
2.8284
10
65.4624
20
3.092
10
65.7777
20
3.3259
10
66.1144
20
3.5277
10
66.4693
20
3.6955
10
66.8389
20
3.8278
10
67.2196
20
3.9231
10
67.6079
20
3.9807
10
68
20
4
10
68.3921
20
3.9807
10
68.7804
20
3.9231
10
69.1611
20
3.8278
10
69.5307
20
3.6955
10
69.8856
20
3.5277
10
70.2223
20
3.3259
10
70.5376
20
3.092
10
70.8284
20
2.8284
10
71.092
20
2.5376
10
71.3259
20
2.2223
10
71.5277
20
1.8856
10
71.6955
20
1.5307
10
71.8278
20
1.1611
10
71.9231
20
0.7804
0
LWPOLYLINE
8
12_bin_floor_t3.0
100
AcDbEntity
100
AcDbPolyline
90
65
70
1
43
0.0
10
71.9807
20
48.3921
10
72
20
48
10
71.9807
20
47.6079
10
71.9231
20
47.2196
10
71.8278
20
46.8389
10
71.6955
20
46.4693
10
71.5277
20
46.1144
10
71.3259
20
45.7777
10
71.092
20
45.4624
10
70.8284
20
45.1716
10
70.5376
20
44.908
10
70.2223
20
44.6741
10
69.8856
20
44.4723
10
69.5307
20
44.3045
10
69.1611
20
44.1722
10
68.7804
20
44.0769
10
68.3921
20
44.0193
10
68
20
44
10
67.6079
20
44.0193
10
67.2196
20
44.0769
10
66.8389
20
44.1722
10
66.4693
20
44.3045
10
66.1144
20
44.4723
10
65.7777
20
44.6741
10
65.4624
20
44.908
10
65.1716
20
45.1716
10
64.908
20
45.4624
10
64.6741
20
45.7777
10
64.4723
20
46.1144
10
64.3045
20
46.4693
10
64.1722
20
46.8389
10
64.0769
20
47.2196
10
64.0193
20
47.6079
10
64
20
48
10
64.0193
20
48.3921
10
64.0769
20
48.7804
10
64.1722
20
49.1611
10
64.3045
20
49.5307
10
64.4723
20
49.8856
10
64.6741
20
50.2223
10
64.908
20
50.5376
10
65.1716
20
50.8284
10
65.4624
20
51.092
10
65.7777
20
51.3259
10
66.1144
20
51.5277
10
66.4693
20
51.6955
10
66.8389
20
51.8278
10
67.2196
20
51.9231
10
67.6079
20
51.9807
10
68
20
52
10
68.3921
20
51.9807
10
68.7804
20
51.9231
10
69.1611
20
51.8278
10
69.5307
20
51.6955
10
69.8856
20
51.5277
10
70.2223
20
51.3259
10
70.5376
20
51.092
10
70.8284
20
50.8284
10
71.092
20
50.5376
10
71.3259
20
50.2223
10
71.5277
20
49.8856
10
71.6955
20
49.5307
10
71.8278
20
49.1611
10
71.9231
20
48.7804
10
71.9807
20
48.3921
0
LWPOLYLINE
8
13_bin_side_t3.0
100
AcDbEntity
100
AcDbPolyline
90
84
70
1
43
0.0
10
100
20
52
10
0
20
52
10
0
20
0
10
42.8
20
0
10
42.6469
20
0.0304
10
42.5172
20
0.1172
10
42.4304
20
0.2469
10
42.4
20
0.4
10
42.4
20
9.6
10
42.4304
20
9.7531
10
42.5172
20
9.8828
10
42.6469
20
9.9696
10
42.8
20
10
10
45.2
20
10
10
45.3531
20
9.9696
10
45.4828
20
9.8828
10
45.5696
20
9.7531
10
45.6
20
9.6
10
45.6
20
0.4
10
45.5696
20
0.2469
10
45.4828
20
0.1172
10
45.3531
20
0.0304
10
45.2
20
0
10
86.8
20
0
10
86.6469
20
0.0304
10
86.5172
20
0.1172
10
86.4304
20
0.2469
10
86.4
20
0.4
10
86.4
20
9.6
10
86.4304
20
9.7531
10
86.5172
20
9.8828
10
86.6469
20
9.9696
10
86.8
20
10
10
89.2
20
10
10
89.3531
20
9.9696
10
89.4828
20
9.8828
10
89.5696
20
9.7531
10
89.6
20
9.6
10
89.6
20
9.5472
10
89.6879
20
9.5693
10
89.8432
20
9.5923
10
90
20
9.6
10
90.1568
20
9.5923
10
90.3121
20
9.5693
10
90.4645
20
9.5311
10
90.6123
20
9.4782
10
90.7542
20
9.4111
10
90.8889
20
9.3304
10
91.015
20
9.2368
10
91.1314
20
9.1314
10
91.2368
20
9.015
10
91.3304
20
8.8889
10
91.4111
20
8.7542
10
91.4782
20
8.6123
10
91.5311
20
8.4645
10
91.5693
20
8.3121
10
91.5923
20
8.1568
10
91.6
20
8
10
91.5923
20
7.8432
10
91.5693
20
7.6879
10
91.5311
20
7.5355
10
91.4782
20
7.3877
10
91.4111
20
7.2458
10
91.3304
20
7.1111
10
91.2368
20
6.985
10
91.1314
20
6.8686
10
91.015
20
6.7632
10
90.8889
20
6.6696
10
90.7542
20
6.5889
10
90.6123
20
6.5218
10
90.4645
20
6.4689
10
90.3121
20
6.4307
10
90.1568
20
6.4077
10
90
20
6.4
10
89.8432
20
6.4077
10
89.6879
20
6.4307
10
89.6
20
6.4528
10
89.6
20
0.4
10
89.5696
20
0.2469
10
89.4828
20
0.1172
10
89.3531
20
0.0304
10
89.2
20
0
10
100
20
0
10
100
20
52
0
LWPOLYLINE
8
13_bin_side_t3.0
100
AcDbEntity
100
AcDbPolyline
90
65
70
1
43
0.0
10
10.8889
20
9.3304
10
11.015
20
9.2368
10
11.1314
20
9.1314
10
11.2368
20
9.015
10
11.3304
20
8.8889
10
11.4111
20
8.7542
10
11.4782
20
8.6123
10
11.5311
20
8.4645
10
11.5693
20
8.3121
10
11.5923
20
8.1568
10
11.6
20
8
10
11.5923
20
7.8432
10
11.5693
20
7.6879
10
11.5311
20
7.5355
10
11.4782
20
7.3877
10
11.4111
20
7.2458
10
11.3304
20
7.1111
10
11.2368
20
6.985
10
11.1314
20
6.8686
10
11.015
20
6.7632
10
10.8889
20
6.6696
10
10.7542
20
6.5889
10
10.6123
20
6.5218
10
10.4645
20
6.4689
10
10.3121
20
6.4307
10
10.1568
20
6.4077
10
10
20
6.4
10
9.8432
20
6.4077
10
9.6879
20
6.4307
10
9.5355
20
6.4689
10
9.3877
20
6.5218
10
9.2458
20
6.5889
10
9.1111
20
6.6696
10
8.985
20
6.7632
10
8.8686
20
6.8686
10
8.7632
20
6.985
10
8.6696
20
7.1111
10
8.5889
20
7.2458
10
8.5218
20
7.3877
10
8.4689
20
7.5355
10
8.4307
20
7.6879
10
8.4077
20
7.8432
10
8.4
20
8
10
8.4077
20
8.1568
10
8.4307
20
8.3121
10
8.4689
20
8.4645
10
8.5218
20
8.6123
10
8.5889
20
8.7542
10
8.6696
20
8.8889
10
8.7632
20
9.015
10
8.8686
20
9.1314
10
8.985
20
9.2368
10
9.1111
20
9.3304
10
9.2458
20
9.4111
10
9.3877
20
9.4782
10
9.5355
20
9.5311
10
9.6879
20
9.5693
10
9.8432
20
9.5923
10
10
20
9.6
10
10.1568
20
9.5923
10
10.3121
20
9.5693
10
10.4645
20
9.5311
10
10.6123
20
9.4782
10
10.7542
20
9.4111
10
10.8889
20
9.3304
0
LWPOLYLINE
8
13_bin_side_t3.0
100
AcDbEntity
100
AcDbPolyline
90
65
70
1
43
0.0
10
26.8284
20
22.8284
10
27.092
20
22.5376
10
27.3259
20
22.2223
10
27.5277
20
21.8856
10
27.6955
20
21.5307
10
27.8278
20
21.1611
10
27.9231
20
20.7804
10
27.9807
20
20.3921
10
28
20
20
10
27.9807
20
19.6079
10
27.9231
20
19.2196
10
27.8278
20
18.8389
10
27.6955
20
18.4693
10
27.5277
20
18.1144
10
27.3259
20
17.7777
10
27.092
20
17.4624
10
26.8284
20
17.1716
10
26.5376
20
16.908
10
26.2223
20
16.6741
10
25.8856
20
16.4723
10
25.5307
20
16.3045
10
25.1611
20
16.1722
10
24.7804
20
16.0769
10
24.3921
20
16.0193
10
24
20
16
10
23.6079
20
16.0193
10
23.2196
20
16.0769
10
22.8389
20
16.1722
10
22.4693
20
16.3045
10
22.1144
20
16.4723
10
21.7777
20
16.6741
10
21.4624
20
16.908
10
21.1716
20
17.1716
10
20.908
20
17.4624
10
20.6741
20
17.7777
10
20.4723
20
18.1144
10
20.3045
20
18.4693
10
20.1722
20
18.8389
10
20.0769
20
19.2196
10
20.0193
20
19.6079
10
20
20
20
10
20.0193
20
20.3921
10
20.0769
20
20.7804
10
20.1722
20
21.1611
10
20.3045
20
21.5307
10
20.4723
20
21.8856
10
20.6741
20
22.2223
10
20.908
20
22.5376
10
21.1716
20
22.8284
10
21.4624
20
23.092
10
21.7777
20
23.3259
10
22.1144
20
23.5277
10
22.4693
20
23.6955
10
22.8389
20
23.8278
10
23.2196
20
23.9231
10
23.6079
20
23.9807
10
24
20
24
10
24.3921
20
23.9807
10
24.7804
20
23.9231
10
25.1611
20
23.8278
10
25.5307
20
23.6955
10
25.8856
20
23.5277
10
26.2223
20
23.3259
10
26.5376
20
23.092
10
26.8284
20
22.8284
0
LWPOLYLINE
8
13_bin_side_t3.0
100
AcDbEntity
100
AcDbPolyline
90
65
70
1
43
0.0
10
27.092
20
40.5376
10
27.3259
20
40.2223
10
27.5277
20
39.8856
10
27.6955
20
39.5307
10
27.8278
20
39.1611
10
27.9231
20
38.7804
10
27.9807
20
38.3921
10
28
20
38
10
27.9807
20
37.6079
10
27.9231
20
37.2196
10
27.8278
20
36.8389
10
27.6955
20
36.4693
10
27.5277
20
36.1144
10
27.3259
20
35.7777
10
27.092
20
35.4624
10
26.8284
20
35.1716
10
26.5376
20
34.908
10
26.2223
20
34.6741
10
25.8856
20
34.4723
10
25.5307
20
34.3045
10
25.1611
20
34.1722
10
24.7804
20
34.0769
10
24.3921
20
34.0193
10
24
20
34
10
23.6079
20
34.0193
10
23.2196
20
34.0769
10
22.8389
20
34.1722
10
22.4693
20
34.3045
10
22.1144
20
34.4723
10
21.7777
20
34.6741
10
21.4624
20
34.908
10
21.1716
20
35.1716
10
20.908
20
35.4624
10
20.6741
20
35.7777
10
20.4723
20
36.1144
10
20.3045
20
36.4693
10
20.1722
20
36.8389
10
20.0769
20
37.2196
10
20.0193
20
37.6079
10
20
20
38
10
20.0193
20
38.3921
10
20.0769
20
38.7804
10
20.1722
20
39.1611
10
20.3045
20
39.5307
10
20.4723
20
39.8856
10
20.6741
20
40.2223
10
20.908
20
40.5376
10
21.1716
20
40.8284
10
21.4624
20
41.092
10
21.7777
20
41.3259
10
22.1144
20
41.5277
10
22.4693
20
41.6955
10
22.8389
20
41.8278
10
23.2196
20
41.9231
10
23.6079
20
41.9807
10
24
20
42
10
24.3921
20
41.9807
10
24.7804
20
41.9231
10
25.1611
20
41.8278
10
25.5307
20
41.6955
10
25.8856
20
41.5277
10
26.2223
20
41.3259
10
26.5376
20
41.092
10
26.8284
20
40.8284
10
27.092
20
40.5376
0
LWPOLYLINE
8
13_bin_side_t3.0
100
AcDbEntity
100
AcDbPolyline
90
65
70
1
43
0.0
10
51.3259
20
22.2223
10
51.5277
20
21.8856
10
51.6955
20
21.5307
10
51.8278
20
21.1611
10
51.9231
20
20.7804
10
51.9807
20
20.3921
10
52
20
20
10
51.9807
20
19.6079
10
51.9231
20
19.2196
10
51.8278
20
18.8389
10
51.6955
20
18.4693
10
51.5277
20
18.1144
10
51.3259
20
17.7777
10
51.092
20
17.4624
10
50.8284
20
17.1716
10
50.5376
20
16.908
10
50.2223
20
16.6741
10
49.8856
20
16.4723
10
49.5307
20
16.3045
10
49.1611
20
16.1722
10
48.7804
20
16.0769
10
48.3921
20
16.0193
10
48
20
16
10
47.6079
20
16.0193
10
47.2196
20
16.0769
10
46.8389
20
16.1722
10
46.4693
20
16.3045
10
46.1144
20
16.4723
10
45.7777
20
16.6741
10
45.4624
20
16.908
10
45.1716
20
17.1716
10
44.908
20
17.4624
10
44.6741
20
17.7777
10
44.4723
20
18.1144
10
44.3045
20
18.4693
10
44.1722
20
18.8389
10
44.0769
20
19.2196
10
44.0193
20
19.6079
10
44
20
20
10
44.0193
20
20.3921
10
44.0769
20
20.7804
10
44.1722
20
21.1611
10
44.3045
20
21.5307
10
44.4723
20
21.8856
10
44.6741
20
22.2223
10
44.908
20
22.5376
10
45.1716
20
22.8284
10
45.4624
20
23.092
10
45.7777
20
23.3259
10
46.1144
20
23.5277
10
46.4693
20
23.6955
10
46.8389
20
23.8278
10
47.2196
20
23.9231
10
47.6079
20
23.9807
10
48
20
24
10
48.3921
20
23.9807
10
48.7804
20
23.9231
10
49.1611
20
23.8278
10
49.5307
20
23.6955
10
49.8856
20
23.5277
10
50.2223
20
23.3259
10
50.5376
20
23.092
10
50.8284
20
22.8284
10
51.092
20
22.5376
10
51.3259
20
22.2223
0
LWPOLYLINE
8
13_bin_side_t3.0
100
AcDbEntity
100
AcDbPolyline
90
65
70
1
43
0.0
10
51.5277
20
39.8856
10
51.6955
20
39.5307
10
51.8278
20
39.1611
10
51.9231
20
38.7804
10
51.9807
20
38.3921
10
52
20
38
10
51.9807
20
37.6079
10
51.9231
20
37.2196
10
51.8278
20
36.8389
10
51.6955
20
36.4693
10
51.5277
20
36.1144
10
51.3259
20
35.7777
10
51.092
20
35.4624
10
50.8284
20
35.1716
10
50.5376
20
34.908
10
50.2223
20
34.6741
10
49.8856
20
34.4723
10
49.5307
20
34.3045
10
49.1611
20
34.1722
10
48.7804
20
34.0769
10
48.3921
20
34.0193
10
48
20
34
10
47.6079
20
34.0193
10
47.2196
20
34.0769
10
46.8389
20
34.1722
10
46.4693
20
34.3045
10
46.1144
20
34.4723
10
45.7777
20
34.6741
10
45.4624
20
34.908
10
45.1716
20
35.1716
10
44.908
20
35.4624
10
44.6741
20
35.7777
10
44.4723
20
36.1144
10
44.3045
20
36.4693
10
44.1722
20
36.8389
10
44.0769
20
37.2196
10
44.0193
20
37.6079
10
44
20
38
10
44.0193
20
38.3921
10
44.0769
20
38.7804
10
44.1722
20
39.1611
10
44.3045
20
39.5307
10
44.4723
20
39.8856
10
44.6741
20
40.2223
10
44.908
20
40.5376
10
45.1716
20
40.8284
10
45.4624
20
41.092
10
45.7777
20
41.3259
10
46.1144
20
41.5277
10
46.4693
20
41.6955
10
46.8389
20
41.8278
10
47.2196
20
41.9231
10
47.6079
20
41.9807
10
48
20
42
10
48.3921
20
41.9807
10
48.7804
20
41.9231
10
49.1611
20
41.8278
10
49.5307
20
41.6955
10
49.8856
20
41.5277
10
50.2223
20
41.3259
10
50.5376
20
41.092
10
50.8284
20
40.8284
10
51.092
20
40.5376
10
51.3259
20
40.2223
10
51.5277
20
39.8856
0
LWPOLYLINE
8
13_bin_side_t3.0
100
AcDbEntity
100
AcDbPolyline
90
65
70
1
43
0.0
10
75.6955
20
21.5307
10
75.8278
20
21.1611
10
75.9231
20
20.7804
10
75.9807
20
20.3921
10
76
20
20
10
75.9807
20
19.6079
10
75.9231
20
19.2196
10
75.8278
20
18.8389
10
75.6955
20
18.4693
10
75.5277
20
18.1144
10
75.3259
20
17.7777
10
75.092
20
17.4624
10
74.8284
20
17.1716
10
74.5376
20
16.908
10
74.2223
20
16.6741
10
73.8856
20
16.4723
10
73.5307
20
16.3045
10
73.1611
20
16.1722
10
72.7804
20
16.0769
10
72.3921
20
16.0193
10
72
20
16
10
71.6079
20
16.0193
10
71.2196
20
16.0769
10
70.8389
20
16.1722
10
70.4693
20
16.3045
10
70.1144
20
16.4723
10
69.7777
20
16.6741
10
69.4624
20
16.908
10
69.1716
20
17.1716
10
68.908
20
17.4624
10
68.6741
20
17.7777
10
68.4723
20
18.1144
10
68.3045
20
18.4693
10
68.1722
20
18.8389
10
68.0769
20
19.2196
10
68.0193
20
19.6079
10
68
20
20
10
68.0193
20
20.3921
10
68.0769
20
20.7804
10
68.1722
20
21.1611
10
68.3045
20
21.5307
10
68.4723
20
21.8856
10
68.6741
20
22.2223
10
68.908
20
22.5376
10
69.1716
20
22.8284
10
69.4624
20
23.092
10
69.7777
20
23.3259
10
70.1144
20
23.5277
10
70.4693
20
23.6955
10
70.8389
20
23.8278
10
71.2196
20
23.9231
10
71.6079
20
23.9807
10
72
20
24
10
72.3921
20
23.9807
10
72.7804
20
23.9231
10
73.1611
20
23.8278
10
73.5307
20
23.6955
10
73.8856
20
23.5277
10
74.2223
20
23.3259
10
74.5376
20
23.092
10
74.8284
20
22.8284
10
75.092
20
22.5376
10
75.3259
20
22.2223
10
75.5277
20
21.8856
10
75.6955
20
21.5307
0
LWPOLYLINE
8
13_bin_side_t3.0
100
AcDbEntity
100
AcDbPolyline
90
65
70
1
43
0.0
10
75.8278
20
39.1611
10
75.9231
20
38.7804
10
75.9807
20
38.3921
10
76
20
38
10
75.9807
20
37.6079
10
75.9231
20
37.2196
10
75.8278
20
36.8389
10
75.6955
20
36.4693
10
75.5277
20
36.1144
10
75.3259
20
35.7777
10
75.092
20
35.4624
10
74.8284
20
35.1716
10
74.5376
20
34.908
10
74.2223
20
34.6741
10
73.8856
20
34.4723
10
73.5307
20
34.3045
10
73.1611
20
34.1722
10
72.7804
20
34.0769
10
72.3921
20
34.0193
10
72
20
34
10
71.6079
20
34.0193
10
71.2196
20
34.0769
10
70.8389
20
34.1722
10
70.4693
20
34.3045
10
70.1144
20
34.4723
10
69.7777
20
34.6741
10
69.4624
20
34.908
10
69.1716
20
35.1716
10
68.908
20
35.4624
10
68.6741
20
35.7777
10
68.4723
20
36.1144
10
68.3045
20
36.4693
10
68.1722
20
36.8389
10
68.0769
20
37.2196
10
68.0193
20
37.6079
10
68
20
38
10
68.0193
20
38.3921
10
68.0769
20
38.7804
10
68.1722
20
39.1611
10
68.3045
20
39.5307
10
68.4723
20
39.8856
10
68.6741
20
40.2223
10
68.908
20
40.5376
10
69.1716
20
40.8284
10
69.4624
20
41.092
10
69.7777
20
41.3259
10
70.1144
20
41.5277
10
70.4693
20
41.6955
10
70.8389
20
41.8278
10
71.2196
20
41.9231
10
71.6079
20
41.9807
10
72
20
42
10
72.3921
20
41.9807
10
72.7804
20
41.9231
10
73.1611
20
41.8278
10
73.5307
20
41.6955
10
73.8856
20
41.5277
10
74.2223
20
41.3259
10
74.5376
20
41.092
10
74.8284
20
40.8284
10
75.092
20
40.5376
10
75.3259
20
40.2223
10
75.5277
20
39.8856
10
75.6955
20
39.5307
10
75.8278
20
39.1611
0
LWPOLYLINE
8
14_bin_divider_t3.0
100
AcDbEntity
100
AcDbPolyline
90
7
70
1
43
0.0
10
0.0304
20
0.2469
10
0
20
0.4
10
0
20
0
10
0.4
20
0
10
0.2469
20
0.0304
10
0.1172
20
0.1172
10
0.0304
20
0.2469
0
LWPOLYLINE
8
14_bin_divider_t3.0
100
AcDbEntity
100
AcDbPolyline
90
7
70
1
43
0.0
10
129.7531
20
0.0304
10
129.6
20
0
10
130
20
0
10
130
20
0.4
10
129.9696
20
0.2469
10
129.8828
20
0.1172
10
129.7531
20
0.0304
0
LWPOLYLINE
8
14_bin_divider_t3.0
100
AcDbEntity
100
AcDbPolyline
90
13
70
1
43
0.0
10
130
20
9.6
10
130
20
46
10
0
20
46
10
0
20
9.6
10
0.0304
20
9.7531
10
0.1172
20
9.8828
10
0.2469
20
9.9696
10
0.4
20
10
10
129.6
20
10
10
129.7531
20
9.9696
10
129.8828
20
9.8828
10
129.9696
20
9.7531
10
130
20
9.6
0
LWPOLYLINE
8
14_bin_divider_t3.0
100
AcDbEntity
100
AcDbPolyline
90
65
70
1
43
0.0
10
69.9039
20
22.9755
10
69.9759
20
22.4901
10
70
20
22
10
69.9759
20
21.5099
10
69.9039
20
21.0245
10
69.7847
20
20.5486
10
69.6194
20
20.0866
10
69.4096
20
19.643
10
69.1573
20
19.2221
10
68.8651
20
18.828
10
68.5355
20
18.4645
10
68.172
20
18.1349
10
67.7779
20
17.8427
10
67.357
20
17.5904
10
66.9134
20
17.3806
10
66.4514
20
17.2153
10
65.9755
20
17.0961
10
65.4901
20
17.0241
10
65
20
17
10
64.5099
20
17.0241
10
64.0245
20
17.0961
10
63.5486
20
17.2153
10
63.0866
20
17.3806
10
62.643
20
17.5904
10
62.2221
20
17.8427
10
61.828
20
18.1349
10
61.4645
20
18.4645
10
61.1349
20
18.828
10
60.8427
20
19.2221
10
60.5904
20
19.643
10
60.3806
20
20.0866
10
60.2153
20
20.5486
10
60.0961
20
21.0245
10
60.0241
20
21.5099
10
60
20
22
10
60.0241
20
22.4901
10
60.0961
20
22.9755
10
60.2153
20
23.4514
10
60.3806
20
23.9134
10
60.5904
20
24.357
10
60.8427
20
24.7779
10
61.1349
20
25.172
10
61.4645
20
25.5355
10
61.828
20
25.8651
10
62.2221
20
26.1573
10
62.643
20
26.4096
10
63.0866
20
26.6194
10
63.5486
20
26.7847
10
64.0245
20
26.9039
10
64.5099
20
26.9759
10
65
20
27
10
65.4901
20
26.9759
10
65.9755
20
26.9039
10
66.4514
20
26.7847
10
66.9134
20
26.6194
10
67.357
20
26.4096
10
67.7779
20
26.1573
10
68.172
20
25.8651
10
68.5355
20
25.5355
10
68.8651
20
25.172
10
69.1573
20
24.7779
10
69.4096
20
24.357
10
69.6194
20
23.9134
10
69.7847
20
23.4514
10
69.9039
20
22.9755
0
LWPOLYLINE
8
14_bin_divider_t3.0
100
AcDbEntity
100
AcDbPolyline
90
65
70
1
43
0.0
10
69.9759
20
34.4901
10
70
20
34
10
69.9759
20
33.5099
10
69.9039
20
33.0245
10
69.7847
20
32.5486
10
69.6194
20
32.0866
10
69.4096
20
31.643
10
69.1573
20
31.2221
10
68.8651
20
30.828
10
68.5355
20
30.4645
10
68.172
20
30.1349
10
67.7779
20
29.8427
10
67.357
20
29.5904
10
66.9134
20
29.3806
10
66.4514
20
29.2153
10
65.9755
20
29.0961
10
65.4901
20
29.0241
10
65
20
29
10
64.5099
20
29.0241
10
64.0245
20
29.0961
10
63.5486
20
29.2153
10
63.0866
20
29.3806
10
62.643
20
29.5904
10
62.2221
20
29.8427
10
61.828
20
30.1349
10
61.4645
20
30.4645
10
61.1349
20
30.828
10
60.8427
20
31.2221
10
60.5904
20
31.643
10
60.3806
20
32.0866
10
60.2153
20
32.5486
10
60.0961
20
33.0245
10
60.0241
20
33.5099
10
60
20
34
10
60.0241
20
34.4901
10
60.0961
20
34.9755
10
60.2153
20
35.4514
10
60.3806
20
35.9134
10
60.5904
20
36.357
10
60.8427
20
36.7779
10
61.1349
20
37.172
10
61.4645
20
37.5355
10
61.828
20
37.8651
10
62.2221
20
38.1573
10
62.643
20
38.4096
10
63.0866
20
38.6194
10
63.5486
20
38.7847
10
64.0245
20
38.9039
10
64.5099
20
38.9759
10
65
20
39
10
65.4901
20
38.9759
10
65.9755
20
38.9039
10
66.4514
20
38.7847
10
66.9134
20
38.6194
10
67.357
20
38.4096
10
67.7779
20
38.1573
10
68.172
20
37.8651
10
68.5355
20
37.5355
10
68.8651
20
37.172
10
69.1573
20
36.7779
10
69.4096
20
36.357
10
69.6194
20
35.9134
10
69.7847
20
35.4514
10
69.9039
20
34.9755
10
69.9759
20
34.4901
0
LWPOLYLINE
8
15_bin_flap_t2.0
100
AcDbEntity
100
AcDbPolyline
90
5
70
1
43
0.0
10
42
20
0
10
42
20
30
10
0
20
30
10
0
20
0
10
42
20
0
0
LWPOLYLINE
8
15_bin_flap_t2.0
100
AcDbEntity
100
AcDbPolyline
90
65
70
1
43
0.0
10
7.244
20
6.3774
10
7.275
20
6.2536
10
7.2937
20
6.1274
10
7.3
20
6
10
7.2937
20
5.8726
10
7.275
20
5.7464
10
7.244
20
5.6226
10
7.201
20
5.5025
10
7.1465
20
5.3872
10
7.0809
20
5.2778
10
7.0049
20
5.1753
10
6.9192
20
5.0808
10
6.8247
20
4.9951
10
6.7222
20
4.9191
10
6.6128
20
4.8535
10
6.4975
20
4.799
10
6.3774
20
4.756
10
6.2536
20
4.725
10
6.1274
20
4.7063
10
6
20
4.7
10
5.8726
20
4.7063
10
5.7464
20
4.725
10
5.6226
20
4.756
10
5.5025
20
4.799
10
5.3872
20
4.8535
10
5.2778
20
4.9191
10
5.1753
20
4.9951
10
5.0808
20
5.0808
10
4.9951
20
5.1753
10
4.9191
20
5.2778
10
4.8535
20
5.3872
10
4.799
20
5.5025
10
4.756
20
5.6226
10
4.725
20
5.7464
10
4.7063
20
5.8726
10
4.7
20
6
10
4.7063
20
6.1274
10
4.725
20
6.2536
10
4.756
20
6.3774
10
4.799
20
6.4975
10
4.8535
20
6.6128
10
4.9191
20
6.7222
10
4.9951
20
6.8247
10
5.0808
20
6.9192
10
5.1753
20
7.0049
10
5.2778
20
7.0809
10
5.3872
20
7.1465
10
5.5025
20
7.201
10
5.6226
20
7.244
10
5.7464
20
7.275
10
5.8726
20
7.2937
10
6
20
7.3
10
6.1274
20
7.2937
10
6.2536
20
7.275
10
6.3774
20
7.244
10
6.4975
20
7.201
10
6.6128
20
7.1465
10
6.7222
20
7.0809
10
6.8247
20
7.0049
10
6.9192
20
6.9192
10
7.0049
20
6.8247
10
7.0809
20
6.7222
10
7.1465
20
6.6128
10
7.201
20
6.4975
10
7.244
20
6.3774
0
LWPOLYLINE
8
15_bin_flap_t2.0
100
AcDbEntity
100
AcDbPolyline
90
65
70
1
43
0.0
10
37.275
20
6.2536
10
37.2937
20
6.1274
10
37.3
20
6
10
37.2937
20
5.8726
10
37.275
20
5.7464
10
37.244
20
5.6226
10
37.201
20
5.5025
10
37.1465
20
5.3872
10
37.0809
20
5.2778
10
37.0049
20
5.1753
10
36.9192
20
5.0808
10
36.8247
20
4.9951
10
36.7222
20
4.9191
10
36.6128
20
4.8535
10
36.4975
20
4.799
10
36.3774
20
4.756
10
36.2536
20
4.725
10
36.1274
20
4.7063
10
36
20
4.7
10
35.8726
20
4.7063
10
35.7464
20
4.725
10
35.6226
20
4.756
10
35.5025
20
4.799
10
35.3872
20
4.8535
10
35.2778
20
4.9191
10
35.1753
20
4.9951
10
35.0808
20
5.0808
10
34.9951
20
5.1753
10
34.9191
20
5.2778
10
34.8535
20
5.3872
10
34.799
20
5.5025
10
34.756
20
5.6226
10
34.725
20
5.7464
10
34.7063
20
5.8726
10
34.7
20
6
10
34.7063
20
6.1274
10
34.725
20
6.2536
10
34.756
20
6.3774
10
34.799
20
6.4975
10
34.8535
20
6.6128
10
34.9191
20
6.7222
10
34.9951
20
6.8247
10
35.0808
20
6.9192
10
35.1753
20
7.0049
10
35.2778
20
7.0809
10
35.3872
20
7.1465
10
35.5025
20
7.201
10
35.6226
20
7.244
10
35.7464
20
7.275
10
35.8726
20
7.2937
10
36
20
7.3
10
36.1274
20
7.2937
10
36.2536
20
7.275
10
36.3774
20
7.244
10
36.4975
20
7.201
10
36.6128
20
7.1465
10
36.7222
20
7.0809
10
36.8247
20
7.0049
10
36.9192
20
6.9192
10
37.0049
20
6.8247
10
37.0809
20
6.7222
10
37.1465
20
6.6128
10
37.201
20
6.4975
10
37.244
20
6.3774
10
37.275
20
6.2536
0
LWPOLYLINE
8
15_bin_flap_t2.0
100
AcDbEntity
100
AcDbPolyline
90
65
70
1
43
0.0
10
24.9807
20
20.3921
10
25
20
20
10
24.9807
20
19.6079
10
24.9231
20
19.2196
10
24.8278
20
18.8389
10
24.6955
20
18.4693
10
24.5277
20
18.1144
10
24.3259
20
17.7777
10
24.092
20
17.4624
10
23.8284
20
17.1716
10
23.5376
20
16.908
10
23.2223
20
16.6741
10
22.8856
20
16.4723
10
22.5307
20
16.3045
10
22.1611
20
16.1722
10
21.7804
20
16.0769
10
21.3921
20
16.0193
10
21
20
16
10
20.6079
20
16.0193
10
20.2196
20
16.0769
10
19.8389
20
16.1722
10
19.4693
20
16.3045
10
19.1144
20
16.4723
10
18.7777
20
16.6741
10
18.4624
20
16.908
10
18.1716
20
17.1716
10
17.908
20
17.4624
10
17.6741
20
17.7777
10
17.4723
20
18.1144
10
17.3045
20
18.4693
10
17.1722
20
18.8389
10
17.0769
20
19.2196
10
17.0193
20
19.6079
10
17
20
20
10
17.0193
20
20.3921
10
17.0769
20
20.7804
10
17.1722
20
21.1611
10
17.3045
20
21.5307
10
17.4723
20
21.8856
10
17.6741
20
22.2223
10
17.908
20
22.5376
10
18.1716
20
22.8284
10
18.4624
20
23.092
10
18.7777
20
23.3259
10
19.1144
20
23.5277
10
19.4693
20
23.6955
10
19.8389
20
23.8278
10
20.2196
20
23.9231
10
20.6079
20
23.9807
10
21
20
24
10
21.3921
20
23.9807
10
21.7804
20
23.9231
10
22.1611
20
23.8278
10
22.5307
20
23.6955
10
22.8856
20
23.5277
10
23.2223
20
23.3259
10
23.5376
20
23.092
10
23.8284
20
22.8284
10
24.092
20
22.5376
10
24.3259
20
22.2223
10
24.5277
20
21.8856
10
24.6955
20
21.5307
10
24.8278
20
21.1611
10
24.9231
20
20.7804
10
24.9807
20
20.3921
0
LWPOLYLINE
8
16_rack_hook_t6.0
100
AcDbEntity
100
AcDbPolyline
90
9
70
1
43
0.0
10
64
20
12
10
52
20
7
10
0
20
7
10
0
20
-7
10
52
20
-7
10
64
20
-12
10
70
20
-12
10
70
20
12
10
64
20
12
0
LWPOLYLINE
8
16_rack_hook_t6.0
100
AcDbEntity
100
AcDbPolyline
90
65
70
1
43
0.0
10
9.5311
20
0.4645
10
9.5693
20
0.3121
10
9.5923
20
0.1568
10
9.6
20
0
10
9.5923
20
-0.1568
10
9.5693
20
-0.3121
10
9.5311
20
-0.4645
10
9.4782
20
-0.6123
10
9.4111
20
-0.7542
10
9.3304
20
-0.8889
10
9.2368
20
-1.015
10
9.1314
20
-1.1314
10
9.015
20
-1.2368
10
8.8889
20
-1.3304
10
8.7542
20
-1.4111
10
8.6123
20
-1.4782
10
8.4645
20
-1.5311
10
8.3121
20
-1.5693
10
8.1568
20
-1.5923
10
8
20
-1.6
10
7.8432
20
-1.5923
10
7.6879
20
-1.5693
10
7.5355
20
-1.5311
10
7.3877
20
-1.4782
10
7.2458
20
-1.4111
10
7.1111
20
-1.3304
10
6.985
20
-1.2368
10
6.8686
20
-1.1314
10
6.7632
20
-1.015
10
6.6696
20
-0.8889
10
6.5889
20
-0.7542
10
6.5218
20
-0.6123
10
6.4689
20
-0.4645
10
6.4307
20
-0.3121
10
6.4077
20
-0.1568
10
6.4
20
0
10
6.4077
20
0.1568
10
6.4307
20
0.3121
10
6.4689
20
0.4645
10
6.5218
20
0.6123
10
6.5889
20
0.7542
10
6.6696
20
0.8889
10
6.7632
20
1.015
10
6.8686
20
1.1314
10
6.985
20
1.2368
10
7.1111
20
1.3304
10
7.2458
20
1.4111
10
7.3877
20
1.4782
10
7.5355
20
1.5311
10
7.6879
20
1.5693
10
7.8432
20
1.5923
10
8
20
1.6
10
8.1568
20
1.5923
10
8.3121
20
1.5693
10
8.4645
20
1.5311
10
8.6123
20
1.4782
10
8.7542
20
1.4111
10
8.8889
20
1.3304
10
9.015
20
1.2368
10
9.1314
20
1.1314
10
9.2368
20
1.015
10
9.3304
20
0.8889
10
9.4111
20
0.7542
10
9.4782
20
0.6123
10
9.5311
20
0.4645
0
LWPOLYLINE
8
16_rack_hook_t6.0
100
AcDbEntity
100
AcDbPolyline
90
65
70
1
43
0.0
10
25.5693
20
0.3121
10
25.5923
20
0.1568
10
25.6
20
0
10
25.5923
20
-0.1568
10
25.5693
20
-0.3121
10
25.5311
20
-0.4645
10
25.4782
20
-0.6123
10
25.4111
20
-0.7542
10
25.3304
20
-0.8889
10
25.2368
20
-1.015
10
25.1314
20
-1.1314
10
25.015
20
-1.2368
10
24.8889
20
-1.3304
10
24.7542
20
-1.4111
10
24.6123
20
-1.4782
10
24.4645
20
-1.5311
10
24.3121
20
-1.5693
10
24.1568
20
-1.5923
10
24
20
-1.6
10
23.8432
20
-1.5923
10
23.6879
20
-1.5693
10
23.5355
20
-1.5311
10
23.3877
20
-1.4782
10
23.2458
20
-1.4111
10
23.1111
20
-1.3304
10
22.985
20
-1.2368
10
22.8686
20
-1.1314
10
22.7632
20
-1.015
10
22.6696
20
-0.8889
10
22.5889
20
-0.7542
10
22.5218
20
-0.6123
10
22.4689
20
-0.4645
10
22.4307
20
-0.3121
10
22.4077
20
-0.1568
10
22.4
20
0
10
22.4077
20
0.1568
10
22.4307
20
0.3121
10
22.4689
20
0.4645
10
22.5218
20
0.6123
10
22.5889
20
0.7542
10
22.6696
20
0.8889
10
22.7632
20
1.015
10
22.8686
20
1.1314
10
22.985
20
1.2368
10
23.1111
20
1.3304
10
23.2458
20
1.4111
10
23.3877
20
1.4782
10
23.5355
20
1.5311
10
23.6879
20
1.5693
10
23.8432
20
1.5923
10
24
20
1.6
10
24.1568
20
1.5923
10
24.3121
20
1.5693
10
24.4645
20
1.5311
10
24.6123
20
1.4782
10
24.7542
20
1.4111
10
24.8889
20
1.3304
10
25.015
20
1.2368
10
25.1314
20
1.1314
10
25.2368
20
1.015
10
25.3304
20
0.8889
10
25.4111
20
0.7542
10
25.4782
20
0.6123
10
25.5311
20
0.4645
10
25.5693
20
0.3121
0
LWPOLYLINE
8
16_rack_hook_t6.0
100
AcDbEntity
100
AcDbPolyline
90
65
70
1
43
0.0
10
47.9807
20
0.3921
10
48
20
0
10
47.9807
20
-0.3921
10
47.9231
20
-0.7804
10
47.8278
20
-1.1611
10
47.6955
20
-1.5307
10
47.5277
20
-1.8856
10
47.3259
20
-2.2223
10
47.092
20
-2.5376
10
46.8284
20
-2.8284
10
46.5376
20
-3.092
10
46.2223
20
-3.3259
10
45.8856
20
-3.5277
10
45.5307
20
-3.6955
10
45.1611
20
-3.8278
10
44.7804
20
-3.9231
10
44.3921
20
-3.9807
10
44
20
-4
10
43.6079
20
-3.9807
10
43.2196
20
-3.9231
10
42.8389
20
-3.8278
10
42.4693
20
-3.6955
10
42.1144
20
-3.5277
10
41.7777
20
-3.3259
10
41.4624
20
-3.092
10
41.1716
20
-2.8284
10
40.908
20
-2.5376
10
40.6741
20
-2.2223
10
40.4723
20
-1.8856
10
40.3045
20
-1.5307
10
40.1722
20
-1.1611
10
40.0769
20
-0.7804
10
40.0193
20
-0.3921
10
40
20
0
10
40.0193
20
0.3921
10
40.0769
20
0.7804
10
40.1722
20
1.1611
10
40.3045
20
1.5307
10
40.4723
20
1.8856
10
40.6741
20
2.2223
10
40.908
20
2.5376
10
41.1716
20
2.8284
10
41.4624
20
3.092
10
41.7777
20
3.3259
10
42.1144
20
3.5277
10
42.4693
20
3.6955
10
42.8389
20
3.8278
10
43.2196
20
3.9231
10
43.6079
20
3.9807
10
44
20
4
10
44.3921
20
3.9807
10
44.7804
20
3.9231
10
45.1611
20
3.8278
10
45.5307
20
3.6955
10
45.8856
20
3.5277
10
46.2223
20
3.3259
10
46.5376
20
3.092
10
46.8284
20
2.8284
10
47.092
20
2.5376
10
47.3259
20
2.2223
10
47.5277
20
1.8856
10
47.6955
20
1.5307
10
47.8278
20
1.1611
10
47.9231
20
0.7804
10
47.9807
20
0.3921
0
LWPOLYLINE
8
17_cave_probe_t6.0
100
AcDbEntity
100
AcDbPolyline
90
8
70
1
43
0.0
10
86
20
10
10
70
20
6
10
0
20
6
10
0
20
-6
10
70
20
-6
10
86
20
-10
10
92
20
-2
10
86
20
10
0
LWPOLYLINE
8
17_cave_probe_t6.0
100
AcDbEntity
100
AcDbPolyline
90
65
70
1
43
0.0
10
9.5311
20
0.4645
10
9.5693
20
0.3121
10
9.5923
20
0.1568
10
9.6
20
0
10
9.5923
20
-0.1568
10
9.5693
20
-0.3121
10
9.5311
20
-0.4645
10
9.4782
20
-0.6123
10
9.4111
20
-0.7542
10
9.3304
20
-0.8889
10
9.2368
20
-1.015
10
9.1314
20
-1.1314
10
9.015
20
-1.2368
10
8.8889
20
-1.3304
10
8.7542
20
-1.4111
10
8.6123
20
-1.4782
10
8.4645
20
-1.5311
10
8.3121
20
-1.5693
10
8.1568
20
-1.5923
10
8
20
-1.6
10
7.8432
20
-1.5923
10
7.6879
20
-1.5693
10
7.5355
20
-1.5311
10
7.3877
20
-1.4782
10
7.2458
20
-1.4111
10
7.1111
20
-1.3304
10
6.985
20
-1.2368
10
6.8686
20
-1.1314
10
6.7632
20
-1.015
10
6.6696
20
-0.8889
10
6.5889
20
-0.7542
10
6.5218
20
-0.6123
10
6.4689
20
-0.4645
10
6.4307
20
-0.3121
10
6.4077
20
-0.1568
10
6.4
20
0
10
6.4077
20
0.1568
10
6.4307
20
0.3121
10
6.4689
20
0.4645
10
6.5218
20
0.6123
10
6.5889
20
0.7542
10
6.6696
20
0.8889
10
6.7632
20
1.015
10
6.8686
20
1.1314
10
6.985
20
1.2368
10
7.1111
20
1.3304
10
7.2458
20
1.4111
10
7.3877
20
1.4782
10
7.5355
20
1.5311
10
7.6879
20
1.5693
10
7.8432
20
1.5923
10
8
20
1.6
10
8.1568
20
1.5923
10
8.3121
20
1.5693
10
8.4645
20
1.5311
10
8.6123
20
1.4782
10
8.7542
20
1.4111
10
8.8889
20
1.3304
10
9.015
20
1.2368
10
9.1314
20
1.1314
10
9.2368
20
1.015
10
9.3304
20
0.8889
10
9.4111
20
0.7542
10
9.4782
20
0.6123
10
9.5311
20
0.4645
0
LWPOLYLINE
8
17_cave_probe_t6.0
100
AcDbEntity
100
AcDbPolyline
90
65
70
1
43
0.0
10
27.5693
20
0.3121
10
27.5923
20
0.1568
10
27.6
20
0
10
27.5923
20
-0.1568
10
27.5693
20
-0.3121
10
27.5311
20
-0.4645
10
27.4782
20
-0.6123
10
27.4111
20
-0.7542
10
27.3304
20
-0.8889
10
27.2368
20
-1.015
10
27.1314
20
-1.1314
10
27.015
20
-1.2368
10
26.8889
20
-1.3304
10
26.7542
20
-1.4111
10
26.6123
20
-1.4782
10
26.4645
20
-1.5311
10
26.3121
20
-1.5693
10
26.1568
20
-1.5923
10
26
20
-1.6
10
25.8432
20
-1.5923
10
25.6879
20
-1.5693
10
25.5355
20
-1.5311
10
25.3877
20
-1.4782
10
25.2458
20
-1.4111
10
25.1111
20
-1.3304
10
24.985
20
-1.2368
10
24.8686
20
-1.1314
10
24.7632
20
-1.015
10
24.6696
20
-0.8889
10
24.5889
20
-0.7542
10
24.5218
20
-0.6123
10
24.4689
20
-0.4645
10
24.4307
20
-0.3121
10
24.4077
20
-0.1568
10
24.4
20
0
10
24.4077
20
0.1568
10
24.4307
20
0.3121
10
24.4689
20
0.4645
10
24.5218
20
0.6123
10
24.5889
20
0.7542
10
24.6696
20
0.8889
10
24.7632
20
1.015
10
24.8686
20
1.1314
10
24.985
20
1.2368
10
25.1111
20
1.3304
10
25.2458
20
1.4111
10
25.3877
20
1.4782
10
25.5355
20
1.5311
10
25.6879
20
1.5693
10
25.8432
20
1.5923
10
26
20
1.6
10
26.1568
20
1.5923
10
26.3121
20
1.5693
10
26.4645
20
1.5311
10
26.6123
20
1.4782
10
26.7542
20
1.4111
10
26.8889
20
1.3304
10
27.015
20
1.2368
10
27.1314
20
1.1314
10
27.2368
20
1.015
10
27.3304
20
0.8889
10
27.4111
20
0.7542
10
27.4782
20
0.6123
10
27.5311
20
0.4645
10
27.5693
20
0.3121
0
LWPOLYLINE
8
17_cave_probe_t6.0
100
AcDbEntity
100
AcDbPolyline
90
65
70
1
43
0.0
10
51.5923
20
0.1568
10
51.6
20
0
10
51.5923
20
-0.1568
10
51.5693
20
-0.3121
10
51.5311
20
-0.4645
10
51.4782
20
-0.6123
10
51.4111
20
-0.7542
10
51.3304
20
-0.8889
10
51.2368
20
-1.015
10
51.1314
20
-1.1314
10
51.015
20
-1.2368
10
50.8889
20
-1.3304
10
50.7542
20
-1.4111
10
50.6123
20
-1.4782
10
50.4645
20
-1.5311
10
50.3121
20
-1.5693
10
50.1568
20
-1.5923
10
50
20
-1.6
10
49.8432
20
-1.5923
10
49.6879
20
-1.5693
10
49.5355
20
-1.5311
10
49.3877
20
-1.4782
10
49.2458
20
-1.4111
10
49.1111
20
-1.3304
10
48.985
20
-1.2368
10
48.8686
20
-1.1314
10
48.7632
20
-1.015
10
48.6696
20
-0.8889
10
48.5889
20
-0.7542
10
48.5218
20
-0.6123
10
48.4689
20
-0.4645
10
48.4307
20
-0.3121
10
48.4077
20
-0.1568
10
48.4
20
0
10
48.4077
20
0.1568
10
48.4307
20
0.3121
10
48.4689
20
0.4645
10
48.5218
20
0.6123
10
48.5889
20
0.7542
10
48.6696
20
0.8889
10
48.7632
20
1.015
10
48.8686
20
1.1314
10
48.985
20
1.2368
10
49.1111
20
1.3304
10
49.2458
20
1.4111
10
49.3877
20
1.4782
10
49.5355
20
1.5311
10
49.6879
20
1.5693
10
49.8432
20
1.5923
10
50
20
1.6
10
50.1568
20
1.5923
10
50.3121
20
1.5693
10
50.4645
20
1.5311
10
50.6123
20
1.4782
10
50.7542
20
1.4111
10
50.8889
20
1.3304
10
51.015
20
1.2368
10
51.1314
20
1.1314
10
51.2368
20
1.015
10
51.3304
20
0.8889
10
51.4111
20
0.7542
10
51.4782
20
0.6123
10
51.5311
20
0.4645
10
51.5693
20
0.3121
10
51.5923
20
0.1568
0
LWPOLYLINE
8
18_electronics_tray_t3.0
100
AcDbEntity
100
AcDbPolyline
90
5
70
1
43
0.0
10
0
20
40
10
0
20
-40
10
110
20
-40
10
110
20
40
10
0
20
40
0
LWPOLYLINE
8
18_electronics_tray_t3.0
100
AcDbEntity
100
AcDbPolyline
90
65
70
1
43
0.0
10
7.2458
20
-30.5889
10
7.3877
20
-30.5218
10
7.5355
20
-30.4689
10
7.6879
20
-30.4307
10
7.8432
20
-30.4077
10
8
20
-30.4
10
8.1568
20
-30.4077
10
8.3121
20
-30.4307
10
8.4645
20
-30.4689
10
8.6123
20
-30.5218
10
8.7542
20
-30.5889
10
8.8889
20
-30.6696
10
9.015
20
-30.7632
10
9.1314
20
-30.8686
10
9.2368
20
-30.985
10
9.3304
20
-31.1111
10
9.4111
20
-31.2458
10
9.4782
20
-31.3877
10
9.5311
20
-31.5355
10
9.5693
20
-31.6879
10
9.5923
20
-31.8432
10
9.6
20
-32
10
9.5923
20
-32.1568
10
9.5693
20
-32.3121
10
9.5311
20
-32.4645
10
9.4782
20
-32.6123
10
9.4111
20
-32.7542
10
9.3304
20
-32.8889
10
9.2368
20
-33.015
10
9.1314
20
-33.1314
10
9.015
20
-33.2368
10
8.8889
20
-33.3304
10
8.7542
20
-33.4111
10
8.6123
20
-33.4782
10
8.4645
20
-33.5311
10
8.3121
20
-33.5693
10
8.1568
20
-33.5923
10
8
20
-33.6
10
7.8432
20
-33.5923
10
7.6879
20
-33.5693
10
7.5355
20
-33.5311
10
7.3877
20
-33.4782
10
7.2458
20
-33.4111
10
7.1111
20
-33.3304
10
6.985
20
-33.2368
10
6.8686
20
-33.1314
10
6.7632
20
-33.015
10
6.6696
20
-32.8889
10
6.5889
20
-32.7542
10
6.5218
20
-32.6123
10
6.4689
20
-32.4645
10
6.4307
20
-32.3121
10
6.4077
20
-32.1568
10
6.4
20
-32
10
6.4077
20
-31.8432
10
6.4307
20
-31.6879
10
6.4689
20
-31.5355
10
6.5218
20
-31.3877
10
6.5889
20
-31.2458
10
6.6696
20
-31.1111
10
6.7632
20
-30.985
10
6.8686
20
-30.8686
10
6.985
20
-30.7632
10
7.1111
20
-30.6696
10
7.2458
20
-30.5889
0
LWPOLYLINE
8
18_electronics_tray_t3.0
100
AcDbEntity
100
AcDbPolyline
90
65
70
1
43
0.0
10
7.3877
20
33.4782
10
7.5355
20
33.5311
10
7.6879
20
33.5693
10
7.8432
20
33.5923
10
8
20
33.6
10
8.1568
20
33.5923
10
8.3121
20
33.5693
10
8.4645
20
33.5311
10
8.6123
20
33.4782
10
8.7542
20
33.4111
10
8.8889
20
33.3304
10
9.015
20
33.2368
10
9.1314
20
33.1314
10
9.2368
20
33.015
10
9.3304
20
32.8889
10
9.4111
20
32.7542
10
9.4782
20
32.6123
10
9.5311
20
32.4645
10
9.5693
20
32.3121
10
9.5923
20
32.1568
10
9.6
20
32
10
9.5923
20
31.8432
10
9.5693
20
31.6879
10
9.5311
20
31.5355
10
9.4782
20
31.3877
10
9.4111
20
31.2458
10
9.3304
20
31.1111
10
9.2368
20
30.985
10
9.1314
20
30.8686
10
9.015
20
30.7632
10
8.8889
20
30.6696
10
8.7542
20
30.5889
10
8.6123
20
30.5218
10
8.4645
20
30.4689
10
8.3121
20
30.4307
10
8.1568
20
30.4077
10
8
20
30.4
10
7.8432
20
30.4077
10
7.6879
20
30.4307
10
7.5355
20
30.4689
10
7.3877
20
30.5218
10
7.2458
20
30.5889
10
7.1111
20
30.6696
10
6.985
20
30.7632
10
6.8686
20
30.8686
10
6.7632
20
30.985
10
6.6696
20
31.1111
10
6.5889
20
31.2458
10
6.5218
20
31.3877
10
6.4689
20
31.5355
10
6.4307
20
31.6879
10
6.4077
20
31.8432
10
6.4
20
32
10
6.4077
20
32.1568
10
6.4307
20
32.3121
10
6.4689
20
32.4645
10
6.5218
20
32.6123
10
6.5889
20
32.7542
10
6.6696
20
32.8889
10
6.7632
20
33.015
10
6.8686
20
33.1314
10
6.985
20
33.2368
10
7.1111
20
33.3304
10
7.2458
20
33.4111
10
7.3877
20
33.4782
0
LWPOLYLINE
8
18_electronics_tray_t3.0
100
AcDbEntity
100
AcDbPolyline
90
109
70
1
43
0.0
10
101.5355
20
-30.4689
10
101.6879
20
-30.4307
10
101.8432
20
-30.4077
10
102
20
-30.4
10
102.1568
20
-30.4077
10
102.3121
20
-30.4307
10
102.4645
20
-30.4689
10
102.6123
20
-30.5218
10
102.7542
20
-30.5889
10
102.8889
20
-30.6696
10
103.015
20
-30.7632
10
103.1314
20
-30.8686
10
103.2368
20
-30.985
10
103.3304
20
-31.1111
10
103.4111
20
-31.2458
10
103.4782
20
-31.3877
10
103.5311
20
-31.5355
10
103.5693
20
-31.6879
10
103.5923
20
-31.8432
10
103.6
20
-32
10
103.5923
20
-32.1568
10
103.5693
20
-32.3121
10
103.5311
20
-32.4645
10
103.4782
20
-32.6123
10
103.4111
20
-32.7542
10
103.3304
20
-32.8889
10
103.2368
20
-33.015
10
103.1314
20
-33.1314
10
103.015
20
-33.2368
10
102.8889
20
-33.3304
10
102.7542
20
-33.4111
10
102.6123
20
-33.4782
10
102.4645
20
-33.5311
10
102.3121
20
-33.5693
10
102.1568
20
-33.5923
10
102
20
-33.6
10
101.8432
20
-33.5923
10
101.6879
20
-33.5693
10
101.5355
20
-33.5311
10
101.3877
20
-33.4782
10
101.2458
20
-33.4111
10
101.1111
20
-33.3304
10
100.985
20
-33.2368
10
100.8686
20
-33.1314
10
100.8034
20
-33.0594
10
100.7716
20
-33.1481
10
100.6458
20
-33.4142
10
100.4944
20
-33.6667
10
100.319
20
-33.9032
10
100.1213
20
-34.1213
10
99.9032
20
-34.319
10
99.6667
20
-34.4944
10
99.4142
20
-34.6458
10
99.1481
20
-34.7716
10
98.8709
20
-34.8708
10
98.5853
20
-34.9424
10
98.2941
20
-34.9856
10
98
20
-35
10
97.7059
20
-34.9856
10
97.4147
20
-34.9424
10
97.1291
20
-34.8708
10
96.8519
20
-34.7716
10
96.5858
20
-34.6458
10
96.3333
20
-34.4944
10
96.0968
20
-34.319
10
95.8787
20
-34.1213
10
95.681
20
-33.9032
10
95.5056
20
-33.6667
10
95.3542
20
-33.4142
10
95.2284
20
-33.1481
10
95.1292
20
-32.8709
10
95.0576
20
-32.5853
10
95.0144
20
-32.2941
10
95
20
-32
10
95.0144
20
-31.7059
10
95.0576
20
-31.4147
10
95.1292
20
-31.1291
10
95.2284
20
-30.8519
10
95.3542
20
-30.5858
10
95.5056
20
-30.3333
10
95.681
20
-30.0968
10
95.8787
20
-29.8787
10
96.0968
20
-29.681
10
96.3333
20
-29.5056
10
96.5858
20
-29.3542
10
96.8519
20
-29.2284
10
97.1291
20
-29.1292
10
97.4147
20
-29.0576
10
97.7059
20
-29.0144
10
98
20
-29
10
98.2941
20
-29.0144
10
98.5853
20
-29.0576
10
98.8709
20
-29.1292
10
99.1481
20
-29.2284
10
99.4142
20
-29.3542
10
99.6667
20
-29.5056
10
99.9032
20
-29.681
10
100.1213
20
-29.8787
10
100.319
20
-30.0968
10
100.4944
20
-30.3333
10
100.6458
20
-30.5858
10
100.7716
20
-30.8519
10
100.8034
20
-30.9406
10
100.8686
20
-30.8686
10
100.985
20
-30.7632
10
101.1111
20
-30.6696
10
101.2458
20
-30.5889
10
101.3877
20
-30.5218
10
101.5355
20
-30.4689
0
LWPOLYLINE
8
18_electronics_tray_t3.0
100
AcDbEntity
100
AcDbPolyline
90
109
70
1
43
0.0
10
101.6879
20
33.5693
10
101.8432
20
33.5923
10
102
20
33.6
10
102.1568
20
33.5923
10
102.3121
20
33.5693
10
102.4645
20
33.5311
10
102.6123
20
33.4782
10
102.7542
20
33.4111
10
102.8889
20
33.3304
10
103.015
20
33.2368
10
103.1314
20
33.1314
10
103.2368
20
33.015
10
103.3304
20
32.8889
10
103.4111
20
32.7542
10
103.4782
20
32.6123
10
103.5311
20
32.4645
10
103.5693
20
32.3121
10
103.5923
20
32.1568
10
103.6
20
32
10
103.5923
20
31.8432
10
103.5693
20
31.6879
10
103.5311
20
31.5355
10
103.4782
20
31.3877
10
103.4111
20
31.2458
10
103.3304
20
31.1111
10
103.2368
20
30.985
10
103.1314
20
30.8686
10
103.015
20
30.7632
10
102.8889
20
30.6696
10
102.7542
20
30.5889
10
102.6123
20
30.5218
10
102.4645
20
30.4689
10
102.3121
20
30.4307
10
102.1568
20
30.4077
10
102
20
30.4
10
101.8432
20
30.4077
10
101.6879
20
30.4307
10
101.5355
20
30.4689
10
101.3877
20
30.5218
10
101.2458
20
30.5889
10
101.1111
20
30.6696
10
100.985
20
30.7632
10
100.8686
20
30.8686
10
100.8034
20
30.9406
10
100.7716
20
30.8519
10
100.6458
20
30.5858
10
100.4944
20
30.3333
10
100.319
20
30.0968
10
100.1213
20
29.8787
10
99.9032
20
29.681
10
99.6667
20
29.5056
10
99.4142
20
29.3542
10
99.1481
20
29.2284
10
98.8709
20
29.1292
10
98.5853
20
29.0576
10
98.2941
20
29.0144
10
98
20
29
10
97.7059
20
29.0144
10
97.4147
20
29.0576
10
97.1291
20
29.1292
10
96.8519
20
29.2284
10
96.5858
20
29.3542
10
96.3333
20
29.5056
10
96.0968
20
29.681
10
95.8787
20
29.8787
10
95.681
20
30.0968
10
95.5056
20
30.3333
10
95.3542
20
30.5858
10
95.2284
20
30.8519
10
95.1292
20
31.1291
10
95.0576
20
31.4147
10
95.0144
20
31.7059
10
95
20
32
10
95.0144
20
32.2941
10
95.0576
20
32.5853
10
95.1292
20
32.8709
10
95.2284
20
33.1481
10
95.3542
20
33.4142
10
95.5056
20
33.6667
10
95.681
20
33.9032
10
95.8787
20
34.1213
10
96.0968
20
34.319
10
96.3333
20
34.4944
10
96.5858
20
34.6458
10
96.8519
20
34.7716
10
97.1291
20
34.8708
10
97.4147
20
34.9424
10
97.7059
20
34.9856
10
98
20
35
10
98.2941
20
34.9856
10
98.5853
20
34.9424
10
98.8709
20
34.8708
10
99.1481
20
34.7716
10
99.4142
20
34.6458
10
99.6667
20
34.4944
10
99.9032
20
34.319
10
100.1213
20
34.1213
10
100.319
20
33.9032
10
100.4944
20
33.6667
10
100.6458
20
33.4142
10
100.7716
20
33.1481
10
100.8034
20
33.0594
10
100.8686
20
33.1314
10
100.985
20
33.2368
10
101.1111
20
33.3304
10
101.2458
20
33.4111
10
101.3877
20
33.4782
10
101.5355
20
33.5311
10
101.6879
20
33.5693
0
LWPOLYLINE
8
18_electronics_tray_t3.0
100
AcDbEntity
100
AcDbPolyline
90
21
70
1
43
0.0
10
20.2343
20
-21.7657
10
20.0609
20
-21.5061
10
20
20
-21.2
10
20
20
21.2
10
20.0609
20
21.5061
10
20.2343
20
21.7657
10
20.4939
20
21.9391
10
20.8
20
22
10
25.2
20
22
10
25.5061
20
21.9391
10
25.7657
20
21.7657
10
25.9391
20
21.5061
10
26
20
21.2
10
26
20
-21.2
10
25.9391
20
-21.5061
10
25.7657
20
-21.7657
10
25.5061
20
-21.9391
10
25.2
20
-22
10
20.8
20
-22
10
20.4939
20
-21.9391
10
20.2343
20
-21.7657
0
LWPOLYLINE
8
18_electronics_tray_t3.0
100
AcDbEntity
100
AcDbPolyline
90
21
70
1
43
0.0
10
44.0609
20
-21.5061
10
44
20
-21.2
10
44
20
21.2
10
44.0609
20
21.5061
10
44.2343
20
21.7657
10
44.4939
20
21.9391
10
44.8
20
22
10
49.2
20
22
10
49.5061
20
21.9391
10
49.7657
20
21.7657
10
49.9391
20
21.5061
10
50
20
21.2
10
50
20
-21.2
10
49.9391
20
-21.5061
10
49.7657
20
-21.7657
10
49.5061
20
-21.9391
10
49.2
20
-22
10
44.8
20
-22
10
44.4939
20
-21.9391
10
44.2343
20
-21.7657
10
44.0609
20
-21.5061
0
LWPOLYLINE
8
18_electronics_tray_t3.0
100
AcDbEntity
100
AcDbPolyline
90
21
70
1
43
0.0
10
68
20
-21.2
10
68
20
21.2
10
68.0609
20
21.5061
10
68.2343
20
21.7657
10
68.4939
20
21.9391
10
68.8
20
22
10
73.2
20
22
10
73.5061
20
21.9391
10
73.7657
20
21.7657
10
73.9391
20
21.5061
10
74
20
21.2
10
74
20
-21.2
10
73.9391
20
-21.5061
10
73.7657
20
-21.7657
10
73.5061
20
-21.9391
10
73.2
20
-22
10
68.8
20
-22
10
68.4939
20
-21.9391
10
68.2343
20
-21.7657
10
68.0609
20
-21.5061
10
68
20
-21.2
0
LWPOLYLINE
8
18_electronics_tray_t3.0
100
AcDbEntity
100
AcDbPolyline
90
65
70
1
43
0.0
10
14.5853
20
-29.0576
10
14.8709
20
-29.1292
10
15.1481
20
-29.2284
10
15.4142
20
-29.3542
10
15.6667
20
-29.5056
10
15.9032
20
-29.681
10
16.1213
20
-29.8787
10
16.319
20
-30.0968
10
16.4944
20
-30.3333
10
16.6458
20
-30.5858
10
16.7716
20
-30.8519
10
16.8708
20
-31.1291
10
16.9424
20
-31.4147
10
16.9856
20
-31.7059
10
17
20
-32
10
16.9856
20
-32.2941
10
16.9424
20
-32.5853
10
16.8708
20
-32.8709
10
16.7716
20
-33.1481
10
16.6458
20
-33.4142
10
16.4944
20
-33.6667
10
16.319
20
-33.9032
10
16.1213
20
-34.1213
10
15.9032
20
-34.319
10
15.6667
20
-34.4944
10
15.4142
20
-34.6458
10
15.1481
20
-34.7716
10
14.8709
20
-34.8708
10
14.5853
20
-34.9424
10
14.2941
20
-34.9856
10
14
20
-35
10
13.7059
20
-34.9856
10
13.4147
20
-34.9424
10
13.1291
20
-34.8708
10
12.8519
20
-34.7716
10
12.5858
20
-34.6458
10
12.3333
20
-34.4944
10
12.0968
20
-34.319
10
11.8787
20
-34.1213
10
11.681
20
-33.9032
10
11.5056
20
-33.6667
10
11.3542
20
-33.4142
10
11.2284
20
-33.1481
10
11.1292
20
-32.8709
10
11.0576
20
-32.5853
10
11.0144
20
-32.2941
10
11
20
-32
10
11.0144
20
-31.7059
10
11.0576
20
-31.4147
10
11.1292
20
-31.1291
10
11.2284
20
-30.8519
10
11.3542
20
-30.5858
10
11.5056
20
-30.3333
10
11.681
20
-30.0968
10
11.8787
20
-29.8787
10
12.0968
20
-29.681
10
12.3333
20
-29.5056
10
12.5858
20
-29.3542
10
12.8519
20
-29.2284
10
13.1291
20
-29.1292
10
13.4147
20
-29.0576
10
13.7059
20
-29.0144
10
14
20
-29
10
14.2941
20
-29.0144
10
14.5853
20
-29.0576
0
LWPOLYLINE
8
18_electronics_tray_t3.0
100
AcDbEntity
100
AcDbPolyline
90
65
70
1
43
0.0
10
14.8709
20
34.8708
10
15.1481
20
34.7716
10
15.4142
20
34.6458
10
15.6667
20
34.4944
10
15.9032
20
34.319
10
16.1213
20
34.1213
10
16.319
20
33.9032
10
16.4944
20
33.6667
10
16.6458
20
33.4142
10
16.7716
20
33.1481
10
16.8708
20
32.8709
10
16.9424
20
32.5853
10
16.9856
20
32.2941
10
17
20
32
10
16.9856
20
31.7059
10
16.9424
20
31.4147
10
16.8708
20
31.1291
10
16.7716
20
30.8519
10
16.6458
20
30.5858
10
16.4944
20
30.3333
10
16.319
20
30.0968
10
16.1213
20
29.8787
10
15.9032
20
29.681
10
15.6667
20
29.5056
10
15.4142
20
29.3542
10
15.1481
20
29.2284
10
14.8709
20
29.1292
10
14.5853
20
29.0576
10
14.2941
20
29.0144
10
14
20
29
10
13.7059
20
29.0144
10
13.4147
20
29.0576
10
13.1291
20
29.1292
10
12.8519
20
29.2284
10
12.5858
20
29.3542
10
12.3333
20
29.5056
10
12.0968
20
29.681
10
11.8787
20
29.8787
10
11.681
20
30.0968
10
11.5056
20
30.3333
10
11.3542
20
30.5858
10
11.2284
20
30.8519
10
11.1292
20
31.1291
10
11.0576
20
31.4147
10
11.0144
20
31.7059
10
11
20
32
10
11.0144
20
32.2941
10
11.0576
20
32.5853
10
11.1292
20
32.8709
10
11.2284
20
33.1481
10
11.3542
20
33.4142
10
11.5056
20
33.6667
10
11.681
20
33.9032
10
11.8787
20
34.1213
10
12.0968
20
34.319
10
12.3333
20
34.4944
10
12.5858
20
34.6458
10
12.8519
20
34.7716
10
13.1291
20
34.8708
10
13.4147
20
34.9424
10
13.7059
20
34.9856
10
14
20
35
10
14.2941
20
34.9856
10
14.5853
20
34.9424
10
14.8709
20
34.8708
0
LWPOLYLINE
8
18_electronics_tray_t3.0
100
AcDbEntity
100
AcDbPolyline
90
65
70
1
43
0.0
10
29.1481
20
-29.2284
10
29.4142
20
-29.3542
10
29.6667
20
-29.5056
10
29.9032
20
-29.681
10
30.1213
20
-29.8787
10
30.319
20
-30.0968
10
30.4944
20
-30.3333
10
30.6458
20
-30.5858
10
30.7716
20
-30.8519
10
30.8708
20
-31.1291
10
30.9424
20
-31.4147
10
30.9856
20
-31.7059
10
31
20
-32
10
30.9856
20
-32.2941
10
30.9424
20
-32.5853
10
30.8708
20
-32.8709
10
30.7716
20
-33.1481
10
30.6458
20
-33.4142
10
30.4944
20
-33.6667
10
30.319
20
-33.9032
10
30.1213
20
-34.1213
10
29.9032
20
-34.319
10
29.6667
20
-34.4944
10
29.4142
20
-34.6458
10
29.1481
20
-34.7716
10
28.8709
20
-34.8708
10
28.5853
20
-34.9424
10
28.2941
20
-34.9856
10
28
20
-35
10
27.7059
20
-34.9856
10
27.4147
20
-34.9424
10
27.1291
20
-34.8708
10
26.8519
20
-34.7716
10
26.5858
20
-34.6458
10
26.3333
20
-34.4944
10
26.0968
20
-34.319
10
25.8787
20
-34.1213
10
25.681
20
-33.9032
10
25.5056
20
-33.6667
10
25.3542
20
-33.4142
10
25.2284
20
-33.1481
10
25.1292
20
-32.8709
10
25.0576
20
-32.5853
10
25.0144
20
-32.2941
10
25
20
-32
10
25.0144
20
-31.7059
10
25.0576
20
-31.4147
10
25.1292
20
-31.1291
10
25.2284
20
-30.8519
10
25.3542
20
-30.5858
10
25.5056
20
-30.3333
10
25.681
20
-30.0968
10
25.8787
20
-29.8787
10
26.0968
20
-29.681
10
26.3333
20
-29.5056
10
26.5858
20
-29.3542
10
26.8519
20
-29.2284
10
27.1291
20
-29.1292
10
27.4147
20
-29.0576
10
27.7059
20
-29.0144
10
28
20
-29
10
28.2941
20
-29.0144
10
28.5853
20
-29.0576
10
28.8709
20
-29.1292
10
29.1481
20
-29.2284
0
LWPOLYLINE
8
18_electronics_tray_t3.0
100
AcDbEntity
100
AcDbPolyline
90
65
70
1
43
0.0
10
29.4142
20
34.6458
10
29.6667
20
34.4944
10
29.9032
20
34.319
10
30.1213
20
34.1213
10
30.319
20
33.9032
10
30.4944
20
33.6667
10
30.6458
20
33.4142
10
30.7716
20
33.1481
10
30.8708
20
32.8709
10
30.9424
20
32.5853
10
30.9856
20
32.2941
10
31
20
32
10
30.9856
20
31.7059
10
30.9424
20
31.4147
10
30.8708
20
31.1291
10
30.7716
20
30.8519
10
30.6458
20
30.5858
10
30.4944
20
30.3333
10
30.319
20
30.0968
10
30.1213
20
29.8787
10
29.9032
20
29.681
10
29.6667
20
29.5056
10
29.4142
20
29.3542
10
29.1481
20
29.2284
10
28.8709
20
29.1292
10
28.5853
20
29.0576
10
28.2941
20
29.0144
10
28
20
29
10
27.7059
20
29.0144
10
27.4147
20
29.0576
10
27.1291
20
29.1292
10
26.8519
20
29.2284
10
26.5858
20
29.3542
10
26.3333
20
29.5056
10
26.0968
20
29.681
10
25.8787
20
29.8787
10
25.681
20
30.0968
10
25.5056
20
30.3333
10
25.3542
20
30.5858
10
25.2284
20
30.8519
10
25.1292
20
31.1291
10
25.0576
20
31.4147
10
25.0144
20
31.7059
10
25
20
32
10
25.0144
20
32.2941
10
25.0576
20
32.5853
10
25.1292
20
32.8709
10
25.2284
20
33.1481
10
25.3542
20
33.4142
10
25.5056
20
33.6667
10
25.681
20
33.9032
10
25.8787
20
34.1213
10
26.0968
20
34.319
10
26.3333
20
34.4944
10
26.5858
20
34.6458
10
26.8519
20
34.7716
10
27.1291
20
34.8708
10
27.4147
20
34.9424
10
27.7059
20
34.9856
10
28
20
35
10
28.2941
20
34.9856
10
28.5853
20
34.9424
10
28.8709
20
34.8708
10
29.1481
20
34.7716
10
29.4142
20
34.6458
0
LWPOLYLINE
8
18_electronics_tray_t3.0
100
AcDbEntity
100
AcDbPolyline
90
65
70
1
43
0.0
10
43.6667
20
-29.5056
10
43.9032
20
-29.681
10
44.1213
20
-29.8787
10
44.319
20
-30.0968
10
44.4944
20
-30.3333
10
44.6458
20
-30.5858
10
44.7716
20
-30.8519
10
44.8708
20
-31.1291
10
44.9424
20
-31.4147
10
44.9856
20
-31.7059
10
45
20
-32
10
44.9856
20
-32.2941
10
44.9424
20
-32.5853
10
44.8708
20
-32.8709
10
44.7716
20
-33.1481
10
44.6458
20
-33.4142
10
44.4944
20
-33.6667
10
44.319
20
-33.9032
10
44.1213
20
-34.1213
10
43.9032
20
-34.319
10
43.6667
20
-34.4944
10
43.4142
20
-34.6458
10
43.1481
20
-34.7716
10
42.8709
20
-34.8708
10
42.5853
20
-34.9424
10
42.2941
20
-34.9856
10
42
20
-35
10
41.7059
20
-34.9856
10
41.4147
20
-34.9424
10
41.1291
20
-34.8708
10
40.8519
20
-34.7716
10
40.5858
20
-34.6458
10
40.3333
20
-34.4944
10
40.0968
20
-34.319
10
39.8787
20
-34.1213
10
39.681
20
-33.9032
10
39.5056
20
-33.6667
10
39.3542
20
-33.4142
10
39.2284
20
-33.1481
10
39.1292
20
-32.8709
10
39.0576
20
-32.5853
10
39.0144
20
-32.2941
10
39
20
-32
10
39.0144
20
-31.7059
10
39.0576
20
-31.4147
10
39.1292
20
-31.1291
10
39.2284
20
-30.8519
10
39.3542
20
-30.5858
10
39.5056
20
-30.3333
10
39.681
20
-30.0968
10
39.8787
20
-29.8787
10
40.0968
20
-29.681
10
40.3333
20
-29.5056
10
40.5858
20
-29.3542
10
40.8519
20
-29.2284
10
41.1291
20
-29.1292
10
41.4147
20
-29.0576
10
41.7059
20
-29.0144
10
42
20
-29
10
42.2941
20
-29.0144
10
42.5853
20
-29.0576
10
42.8709
20
-29.1292
10
43.1481
20
-29.2284
10
43.4142
20
-29.3542
10
43.6667
20
-29.5056
0
LWPOLYLINE
8
18_electronics_tray_t3.0
100
AcDbEntity
100
AcDbPolyline
90
65
70
1
43
0.0
10
43.9032
20
34.319
10
44.1213
20
34.1213
10
44.319
20
33.9032
10
44.4944
20
33.6667
10
44.6458
20
33.4142
10
44.7716
20
33.1481
10
44.8708
20
32.8709
10
44.9424
20
32.5853
10
44.9856
20
32.2941
10
45
20
32
10
44.9856
20
31.7059
10
44.9424
20
31.4147
10
44.8708
20
31.1291
10
44.7716
20
30.8519
10
44.6458
20
30.5858
10
44.4944
20
30.3333
10
44.319
20
30.0968
10
44.1213
20
29.8787
10
43.9032
20
29.681
10
43.6667
20
29.5056
10
43.4142
20
29.3542
10
43.1481
20
29.2284
10
42.8709
20
29.1292
10
42.5853
20
29.0576
10
42.2941
20
29.0144
10
42
20
29
10
41.7059
20
29.0144
10
41.4147
20
29.0576
10
41.1291
20
29.1292
10
40.8519
20
29.2284
10
40.5858
20
29.3542
10
40.3333
20
29.5056
10
40.0968
20
29.681
10
39.8787
20
29.8787
10
39.681
20
30.0968
10
39.5056
20
30.3333
10
39.3542
20
30.5858
10
39.2284
20
30.8519
10
39.1292
20
31.1291
10
39.0576
20
31.4147
10
39.0144
20
31.7059
10
39
20
32
10
39.0144
20
32.2941
10
39.0576
20
32.5853
10
39.1292
20
32.8709
10
39.2284
20
33.1481
10
39.3542
20
33.4142
10
39.5056
20
33.6667
10
39.681
20
33.9032
10
39.8787
20
34.1213
10
40.0968
20
34.319
10
40.3333
20
34.4944
10
40.5858
20
34.6458
10
40.8519
20
34.7716
10
41.1291
20
34.8708
10
41.4147
20
34.9424
10
41.7059
20
34.9856
10
42
20
35
10
42.2941
20
34.9856
10
42.5853
20
34.9424
10
42.8709
20
34.8708
10
43.1481
20
34.7716
10
43.4142
20
34.6458
10
43.6667
20
34.4944
10
43.9032
20
34.319
0
LWPOLYLINE
8
18_electronics_tray_t3.0
100
AcDbEntity
100
AcDbPolyline
90
65
70
1
43
0.0
10
58.1213
20
-29.8787
10
58.319
20
-30.0968
10
58.4944
20
-30.3333
10
58.6458
20
-30.5858
10
58.7716
20
-30.8519
10
58.8708
20
-31.1291
10
58.9424
20
-31.4147
10
58.9856
20
-31.7059
10
59
20
-32
10
58.9856
20
-32.2941
10
58.9424
20
-32.5853
10
58.8708
20
-32.8709
10
58.7716
20
-33.1481
10
58.6458
20
-33.4142
10
58.4944
20
-33.6667
10
58.319
20
-33.9032
10
58.1213
20
-34.1213
10
57.9032
20
-34.319
10
57.6667
20
-34.4944
10
57.4142
20
-34.6458
10
57.1481
20
-34.7716
10
56.8709
20
-34.8708
10
56.5853
20
-34.9424
10
56.2941
20
-34.9856
10
56
20
-35
10
55.7059
20
-34.9856
10
55.4147
20
-34.9424
10
55.1291
20
-34.8708
10
54.8519
20
-34.7716
10
54.5858
20
-34.6458
10
54.3333
20
-34.4944
10
54.0968
20
-34.319
10
53.8787
20
-34.1213
10
53.681
20
-33.9032
10
53.5056
20
-33.6667
10
53.3542
20
-33.4142
10
53.2284
20
-33.1481
10
53.1292
20
-32.8709
10
53.0576
20
-32.5853
10
53.0144
20
-32.2941
10
53
20
-32
10
53.0144
20
-31.7059
10
53.0576
20
-31.4147
10
53.1292
20
-31.1291
10
53.2284
20
-30.8519
10
53.3542
20
-30.5858
10
53.5056
20
-30.3333
10
53.681
20
-30.0968
10
53.8787
20
-29.8787
10
54.0968
20
-29.681
10
54.3333
20
-29.5056
10
54.5858
20
-29.3542
10
54.8519
20
-29.2284
10
55.1291
20
-29.1292
10
55.4147
20
-29.0576
10
55.7059
20
-29.0144
10
56
20
-29
10
56.2941
20
-29.0144
10
56.5853
20
-29.0576
10
56.8709
20
-29.1292
10
57.1481
20
-29.2284
10
57.4142
20
-29.3542
10
57.6667
20
-29.5056
10
57.9032
20
-29.681
10
58.1213
20
-29.8787
0
LWPOLYLINE
8
18_electronics_tray_t3.0
100
AcDbEntity
100
AcDbPolyline
90
65
70
1
43
0.0
10
58.319
20
33.9032
10
58.4944
20
33.6667
10
58.6458
20
33.4142
10
58.7716
20
33.1481
10
58.8708
20
32.8709
10
58.9424
20
32.5853
10
58.9856
20
32.2941
10
59
20
32
10
58.9856
20
31.7059
10
58.9424
20
31.4147
10
58.8708
20
31.1291
10
58.7716
20
30.8519
10
58.6458
20
30.5858
10
58.4944
20
30.3333
10
58.319
20
30.0968
10
58.1213
20
29.8787
10
57.9032
20
29.681
10
57.6667
20
29.5056
10
57.4142
20
29.3542
10
57.1481
20
29.2284
10
56.8709
20
29.1292
10
56.5853
20
29.0576
10
56.2941
20
29.0144
10
56
20
29
10
55.7059
20
29.0144
10
55.4147
20
29.0576
10
55.1291
20
29.1292
10
54.8519
20
29.2284
10
54.5858
20
29.3542
10
54.3333
20
29.5056
10
54.0968
20
29.681
10
53.8787
20
29.8787
10
53.681
20
30.0968
10
53.5056
20
30.3333
10
53.3542
20
30.5858
10
53.2284
20
30.8519
10
53.1292
20
31.1291
10
53.0576
20
31.4147
10
53.0144
20
31.7059
10
53
20
32
10
53.0144
20
32.2941
10
53.0576
20
32.5853
10
53.1292
20
32.8709
10
53.2284
20
33.1481
10
53.3542
20
33.4142
10
53.5056
20
33.6667
10
53.681
20
33.9032
10
53.8787
20
34.1213
10
54.0968
20
34.319
10
54.3333
20
34.4944
10
54.5858
20
34.6458
10
54.8519
20
34.7716
10
55.1291
20
34.8708
10
55.4147
20
34.9424
10
55.7059
20
34.9856
10
56
20
35
10
56.2941
20
34.9856
10
56.5853
20
34.9424
10
56.8709
20
34.8708
10
57.1481
20
34.7716
10
57.4142
20
34.6458
10
57.6667
20
34.4944
10
57.9032
20
34.319
10
58.1213
20
34.1213
10
58.319
20
33.9032
0
LWPOLYLINE
8
18_electronics_tray_t3.0
100
AcDbEntity
100
AcDbPolyline
90
65
70
1
43
0.0
10
72.4944
20
-30.3333
10
72.6458
20
-30.5858
10
72.7716
20
-30.8519
10
72.8708
20
-31.1291
10
72.9424
20
-31.4147
10
72.9856
20
-31.7059
10
73
20
-32
10
72.9856
20
-32.2941
10
72.9424
20
-32.5853
10
72.8708
20
-32.8709
10
72.7716
20
-33.1481
10
72.6458
20
-33.4142
10
72.4944
20
-33.6667
10
72.319
20
-33.9032
10
72.1213
20
-34.1213
10
71.9032
20
-34.319
10
71.6667
20
-34.4944
10
71.4142
20
-34.6458
10
71.1481
20
-34.7716
10
70.8709
20
-34.8708
10
70.5853
20
-34.9424
10
70.2941
20
-34.9856
10
70
20
-35
10
69.7059
20
-34.9856
10
69.4147
20
-34.9424
10
69.1291
20
-34.8708
10
68.8519
20
-34.7716
10
68.5858
20
-34.6458
10
68.3333
20
-34.4944
10
68.0968
20
-34.319
10
67.8787
20
-34.1213
10
67.681
20
-33.9032
10
67.5056
20
-33.6667
10
67.3542
20
-33.4142
10
67.2284
20
-33.1481
10
67.1292
20
-32.8709
10
67.0576
20
-32.5853
10
67.0144
20
-32.2941
10
67
20
-32
10
67.0144
20
-31.7059
10
67.0576
20
-31.4147
10
67.1292
20
-31.1291
10
67.2284
20
-30.8519
10
67.3542
20
-30.5858
10
67.5056
20
-30.3333
10
67.681
20
-30.0968
10
67.8787
20
-29.8787
10
68.0968
20
-29.681
10
68.3333
20
-29.5056
10
68.5858
20
-29.3542
10
68.8519
20
-29.2284
10
69.1291
20
-29.1292
10
69.4147
20
-29.0576
10
69.7059
20
-29.0144
10
70
20
-29
10
70.2941
20
-29.0144
10
70.5853
20
-29.0576
10
70.8709
20
-29.1292
10
71.1481
20
-29.2284
10
71.4142
20
-29.3542
10
71.6667
20
-29.5056
10
71.9032
20
-29.681
10
72.1213
20
-29.8787
10
72.319
20
-30.0968
10
72.4944
20
-30.3333
0
LWPOLYLINE
8
18_electronics_tray_t3.0
100
AcDbEntity
100
AcDbPolyline
90
65
70
1
43
0.0
10
72.6458
20
33.4142
10
72.7716
20
33.1481
10
72.8708
20
32.8709
10
72.9424
20
32.5853
10
72.9856
20
32.2941
10
73
20
32
10
72.9856
20
31.7059
10
72.9424
20
31.4147
10
72.8708
20
31.1291
10
72.7716
20
30.8519
10
72.6458
20
30.5858
10
72.4944
20
30.3333
10
72.319
20
30.0968
10
72.1213
20
29.8787
10
71.9032
20
29.681
10
71.6667
20
29.5056
10
71.4142
20
29.3542
10
71.1481
20
29.2284
10
70.8709
20
29.1292
10
70.5853
20
29.0576
10
70.2941
20
29.0144
10
70
20
29
10
69.7059
20
29.0144
10
69.4147
20
29.0576
10
69.1291
20
29.1292
10
68.8519
20
29.2284
10
68.5858
20
29.3542
10
68.3333
20
29.5056
10
68.0968
20
29.681
10
67.8787
20
29.8787
10
67.681
20
30.0968
10
67.5056
20
30.3333
10
67.3542
20
30.5858
10
67.2284
20
30.8519
10
67.1292
20
31.1291
10
67.0576
20
31.4147
10
67.0144
20
31.7059
10
67
20
32
10
67.0144
20
32.2941
10
67.0576
20
32.5853
10
67.1292
20
32.8709
10
67.2284
20
33.1481
10
67.3542
20
33.4142
10
67.5056
20
33.6667
10
67.681
20
33.9032
10
67.8787
20
34.1213
10
68.0968
20
34.319
10
68.3333
20
34.4944
10
68.5858
20
34.6458
10
68.8519
20
34.7716
10
69.1291
20
34.8708
10
69.4147
20
34.9424
10
69.7059
20
34.9856
10
70
20
35
10
70.2941
20
34.9856
10
70.5853
20
34.9424
10
70.8709
20
34.8708
10
71.1481
20
34.7716
10
71.4142
20
34.6458
10
71.6667
20
34.4944
10
71.9032
20
34.319
10
72.1213
20
34.1213
10
72.319
20
33.9032
10
72.4944
20
33.6667
10
72.6458
20
33.4142
0
LWPOLYLINE
8
18_electronics_tray_t3.0
100
AcDbEntity
100
AcDbPolyline
90
65
70
1
43
0.0
10
86.7716
20
-30.8519
10
86.8708
20
-31.1291
10
86.9424
20
-31.4147
10
86.9856
20
-31.7059
10
87
20
-32
10
86.9856
20
-32.2941
10
86.9424
20
-32.5853
10
86.8708
20
-32.8709
10
86.7716
20
-33.1481
10
86.6458
20
-33.4142
10
86.4944
20
-33.6667
10
86.319
20
-33.9032
10
86.1213
20
-34.1213
10
85.9032
20
-34.319
10
85.6667
20
-34.4944
10
85.4142
20
-34.6458
10
85.1481
20
-34.7716
10
84.8709
20
-34.8708
10
84.5853
20
-34.9424
10
84.2941
20
-34.9856
10
84
20
-35
10
83.7059
20
-34.9856
10
83.4147
20
-34.9424
10
83.1291
20
-34.8708
10
82.8519
20
-34.7716
10
82.5858
20
-34.6458
10
82.3333
20
-34.4944
10
82.0968
20
-34.319
10
81.8787
20
-34.1213
10
81.681
20
-33.9032
10
81.5056
20
-33.6667
10
81.3542
20
-33.4142
10
81.2284
20
-33.1481
10
81.1292
20
-32.8709
10
81.0576
20
-32.5853
10
81.0144
20
-32.2941
10
81
20
-32
10
81.0144
20
-31.7059
10
81.0576
20
-31.4147
10
81.1292
20
-31.1291
10
81.2284
20
-30.8519
10
81.3542
20
-30.5858
10
81.5056
20
-30.3333
10
81.681
20
-30.0968
10
81.8787
20
-29.8787
10
82.0968
20
-29.681
10
82.3333
20
-29.5056
10
82.5858
20
-29.3542
10
82.8519
20
-29.2284
10
83.1291
20
-29.1292
10
83.4147
20
-29.0576
10
83.7059
20
-29.0144
10
84
20
-29
10
84.2941
20
-29.0144
10
84.5853
20
-29.0576
10
84.8709
20
-29.1292
10
85.1481
20
-29.2284
10
85.4142
20
-29.3542
10
85.6667
20
-29.5056
10
85.9032
20
-29.681
10
86.1213
20
-29.8787
10
86.319
20
-30.0968
10
86.4944
20
-30.3333
10
86.6458
20
-30.5858
10
86.7716
20
-30.8519
0
LWPOLYLINE
8
18_electronics_tray_t3.0
100
AcDbEntity
100
AcDbPolyline
90
65
70
1
43
0.0
10
86.8708
20
32.8709
10
86.9424
20
32.5853
10
86.9856
20
32.2941
10
87
20
32
10
86.9856
20
31.7059
10
86.9424
20
31.4147
10
86.8708
20
31.1291
10
86.7716
20
30.8519
10
86.6458
20
30.5858
10
86.4944
20
30.3333
10
86.319
20
30.0968
10
86.1213
20
29.8787
10
85.9032
20
29.681
10
85.6667
20
29.5056
10
85.4142
20
29.3542
10
85.1481
20
29.2284
10
84.8709
20
29.1292
10
84.5853
20
29.0576
10
84.2941
20
29.0144
10
84
20
29
10
83.7059
20
29.0144
10
83.4147
20
29.0576
10
83.1291
20
29.1292
10
82.8519
20
29.2284
10
82.5858
20
29.3542
10
82.3333
20
29.5056
10
82.0968
20
29.681
10
81.8787
20
29.8787
10
81.681
20
30.0968
10
81.5056
20
30.3333
10
81.3542
20
30.5858
10
81.2284
20
30.8519
10
81.1292
20
31.1291
10
81.0576
20
31.4147
10
81.0144
20
31.7059
10
81
20
32
10
81.0144
20
32.2941
10
81.0576
20
32.5853
10
81.1292
20
32.8709
10
81.2284
20
33.1481
10
81.3542
20
33.4142
10
81.5056
20
33.6667
10
81.681
20
33.9032
10
81.8787
20
34.1213
10
82.0968
20
34.319
10
82.3333
20
34.4944
10
82.5858
20
34.6458
10
82.8519
20
34.7716
10
83.1291
20
34.8708
10
83.4147
20
34.9424
10
83.7059
20
34.9856
10
84
20
35
10
84.2941
20
34.9856
10
84.5853
20
34.9424
10
84.8709
20
34.8708
10
85.1481
20
34.7716
10
85.4142
20
34.6458
10
85.6667
20
34.4944
10
85.9032
20
34.319
10
86.1213
20
34.1213
10
86.319
20
33.9032
10
86.4944
20
33.6667
10
86.6458
20
33.4142
10
86.7716
20
33.1481
10
86.8708
20
32.8709
0
LWPOLYLINE
8
19_battery_clip_t3.0
100
AcDbEntity
100
AcDbPolyline
90
9
70
1
43
0.0
10
10
20
18
10
54
20
18
10
54
20
26
10
0
20
26
10
0
20
-26
10
54
20
-26
10
54
20
-18
10
10
20
-18
10
10
20
18
0
LWPOLYLINE
8
19_battery_clip_t3.0
100
AcDbEntity
100
AcDbPolyline
90
65
70
1
43
0.0
10
7.4782
20
-21.3877
10
7.5311
20
-21.5355
10
7.5693
20
-21.6879
10
7.5923
20
-21.8432
10
7.6
20
-22
10
7.5923
20
-22.1568
10
7.5693
20
-22.3121
10
7.5311
20
-22.4645
10
7.4782
20
-22.6123
10
7.4111
20
-22.7542
10
7.3304
20
-22.8889
10
7.2368
20
-23.015
10
7.1314
20
-23.1314
10
7.015
20
-23.2368
10
6.8889
20
-23.3304
10
6.7542
20
-23.4111
10
6.6123
20
-23.4782
10
6.4645
20
-23.5311
10
6.3121
20
-23.5693
10
6.1568
20
-23.5923
10
6
20
-23.6
10
5.8432
20
-23.5923
10
5.6879
20
-23.5693
10
5.5355
20
-23.5311
10
5.3877
20
-23.4782
10
5.2458
20
-23.4111
10
5.1111
20
-23.3304
10
4.985
20
-23.2368
10
4.8686
20
-23.1314
10
4.7632
20
-23.015
10
4.6696
20
-22.8889
10
4.5889
20
-22.7542
10
4.5218
20
-22.6123
10
4.4689
20
-22.4645
10
4.4307
20
-22.3121
10
4.4077
20
-22.1568
10
4.4
20
-22
10
4.4077
20
-21.8432
10
4.4307
20
-21.6879
10
4.4689
20
-21.5355
10
4.5218
20
-21.3877
10
4.5889
20
-21.2458
10
4.6696
20
-21.1111
10
4.7632
20
-20.985
10
4.8686
20
-20.8686
10
4.985
20
-20.7632
10
5.1111
20
-20.6696
10
5.2458
20
-20.5889
10
5.3877
20
-20.5218
10
5.5355
20
-20.4689
10
5.6879
20
-20.4307
10
5.8432
20
-20.4077
10
6
20
-20.4
10
6.1568
20
-20.4077
10
6.3121
20
-20.4307
10
6.4645
20
-20.4689
10
6.6123
20
-20.5218
10
6.7542
20
-20.5889
10
6.8889
20
-20.6696
10
7.015
20
-20.7632
10
7.1314
20
-20.8686
10
7.2368
20
-20.985
10
7.3304
20
-21.1111
10
7.4111
20
-21.2458
10
7.4782
20
-21.3877
0
LWPOLYLINE
8
19_battery_clip_t3.0
100
AcDbEntity
100
AcDbPolyline
90
65
70
1
43
0.0
10
7.5311
20
22.4645
10
7.5693
20
22.3121
10
7.5923
20
22.1568
10
7.6
20
22
10
7.5923
20
21.8432
10
7.5693
20
21.6879
10
7.5311
20
21.5355
10
7.4782
20
21.3877
10
7.4111
20
21.2458
10
7.3304
20
21.1111
10
7.2368
20
20.985
10
7.1314
20
20.8686
10
7.015
20
20.7632
10
6.8889
20
20.6696
10
6.7542
20
20.5889
10
6.6123
20
20.5218
10
6.4645
20
20.4689
10
6.3121
20
20.4307
10
6.1568
20
20.4077
10
6
20
20.4
10
5.8432
20
20.4077
10
5.6879
20
20.4307
10
5.5355
20
20.4689
10
5.3877
20
20.5218
10
5.2458
20
20.5889
10
5.1111
20
20.6696
10
4.985
20
20.7632
10
4.8686
20
20.8686
10
4.7632
20
20.985
10
4.6696
20
21.1111
10
4.5889
20
21.2458
10
4.5218
20
21.3877
10
4.4689
20
21.5355
10
4.4307
20
21.6879
10
4.4077
20
21.8432
10
4.4
20
22
10
4.4077
20
22.1568
10
4.4307
20
22.3121
10
4.4689
20
22.4645
10
4.5218
20
22.6123
10
4.5889
20
22.7542
10
4.6696
20
22.8889
10
4.7632
20
23.015
10
4.8686
20
23.1314
10
4.985
20
23.2368
10
5.1111
20
23.3304
10
5.2458
20
23.4111
10
5.3877
20
23.4782
10
5.5355
20
23.5311
10
5.6879
20
23.5693
10
5.8432
20
23.5923
10
6
20
23.6
10
6.1568
20
23.5923
10
6.3121
20
23.5693
10
6.4645
20
23.5311
10
6.6123
20
23.4782
10
6.7542
20
23.4111
10
6.8889
20
23.3304
10
7.015
20
23.2368
10
7.1314
20
23.1314
10
7.2368
20
23.015
10
7.3304
20
22.8889
10
7.4111
20
22.7542
10
7.4782
20
22.6123
10
7.5311
20
22.4645
0
LWPOLYLINE
8
19_battery_clip_t3.0
100
AcDbEntity
100
AcDbPolyline
90
65
70
1
43
0.0
10
45.5693
20
-21.6879
10
45.5923
20
-21.8432
10
45.6
20
-22
10
45.5923
20
-22.1568
10
45.5693
20
-22.3121
10
45.5311
20
-22.4645
10
45.4782
20
-22.6123
10
45.4111
20
-22.7542
10
45.3304
20
-22.8889
10
45.2368
20
-23.015
10
45.1314
20
-23.1314
10
45.015
20
-23.2368
10
44.8889
20
-23.3304
10
44.7542
20
-23.4111
10
44.6123
20
-23.4782
10
44.4645
20
-23.5311
10
44.3121
20
-23.5693
10
44.1568
20
-23.5923
10
44
20
-23.6
10
43.8432
20
-23.5923
10
43.6879
20
-23.5693
10
43.5355
20
-23.5311
10
43.3877
20
-23.4782
10
43.2458
20
-23.4111
10
43.1111
20
-23.3304
10
42.985
20
-23.2368
10
42.8686
20
-23.1314
10
42.7632
20
-23.015
10
42.6696
20
-22.8889
10
42.5889
20
-22.7542
10
42.5218
20
-22.6123
10
42.4689
20
-22.4645
10
42.4307
20
-22.3121
10
42.4077
20
-22.1568
10
42.4
20
-22
10
42.4077
20
-21.8432
10
42.4307
20
-21.6879
10
42.4689
20
-21.5355
10
42.5218
20
-21.3877
10
42.5889
20
-21.2458
10
42.6696
20
-21.1111
10
42.7632
20
-20.985
10
42.8686
20
-20.8686
10
42.985
20
-20.7632
10
43.1111
20
-20.6696
10
43.2458
20
-20.5889
10
43.3877
20
-20.5218
10
43.5355
20
-20.4689
10
43.6879
20
-20.4307
10
43.8432
20
-20.4077
10
44
20
-20.4
10
44.1568
20
-20.4077
10
44.3121
20
-20.4307
10
44.4645
20
-20.4689
10
44.6123
20
-20.5218
10
44.7542
20
-20.5889
10
44.8889
20
-20.6696
10
45.015
20
-20.7632
10
45.1314
20
-20.8686
10
45.2368
20
-20.985
10
45.3304
20
-21.1111
10
45.4111
20
-21.2458
10
45.4782
20
-21.3877
10
45.5311
20
-21.5355
10
45.5693
20
-21.6879
0
LWPOLYLINE
8
19_battery_clip_t3.0
100
AcDbEntity
100
AcDbPolyline
90
65
70
1
43
0.0
10
45.5923
20
22.1568
10
45.6
20
22
10
45.5923
20
21.8432
10
45.5693
20
21.6879
10
45.5311
20
21.5355
10
45.4782
20
21.3877
10
45.4111
20
21.2458
10
45.3304
20
21.1111
10
45.2368
20
20.985
10
45.1314
20
20.8686
10
45.015
20
20.7632
10
44.8889
20
20.6696
10
44.7542
20
20.5889
10
44.6123
20
20.5218
10
44.4645
20
20.4689
10
44.3121
20
20.4307
10
44.1568
20
20.4077
10
44
20
20.4
10
43.8432
20
20.4077
10
43.6879
20
20.4307
10
43.5355
20
20.4689
10
43.3877
20
20.5218
10
43.2458
20
20.5889
10
43.1111
20
20.6696
10
42.985
20
20.7632
10
42.8686
20
20.8686
10
42.7632
20
20.985
10
42.6696
20
21.1111
10
42.5889
20
21.2458
10
42.5218
20
21.3877
10
42.4689
20
21.5355
10
42.4307
20
21.6879
10
42.4077
20
21.8432
10
42.4
20
22
10
42.4077
20
22.1568
10
42.4307
20
22.3121
10
42.4689
20
22.4645
10
42.5218
20
22.6123
10
42.5889
20
22.7542
10
42.6696
20
22.8889
10
42.7632
20
23.015
10
42.8686
20
23.1314
10
42.985
20
23.2368
10
43.1111
20
23.3304
10
43.2458
20
23.4111
10
43.3877
20
23.4782
10
43.5355
20
23.5311
10
43.6879
20
23.5693
10
43.8432
20
23.5923
10
44
20
23.6
10
44.1568
20
23.5923
10
44.3121
20
23.5693
10
44.4645
20
23.5311
10
44.6123
20
23.4782
10
44.7542
20
23.4111
10
44.8889
20
23.3304
10
45.015
20
23.2368
10
45.1314
20
23.1314
10
45.2368
20
23.015
10
45.3304
20
22.8889
10
45.4111
20
22.7542
10
45.4782
20
22.6123
10
45.5311
20
22.4645
10
45.5693
20
22.3121
10
45.5923
20
22.1568
0
LWPOLYLINE
8
20_bumper_front_t10.0
100
AcDbEntity
100
AcDbPolyline
90
5
70
1
43
0.0
10
16
20
-54
10
16
20
54
10
0
20
54
10
0
20
-54
10
16
20
-54
0
LWPOLYLINE
8
20_bumper_front_t10.0
100
AcDbEntity
100
AcDbPolyline
90
19
70
1
43
0.0
10
2.5858
20
-42.5858
10
3.2346
20
-42.1522
10
4
20
-42
10
12
20
-42
10
12.7654
20
-42.1522
10
13.4142
20
-42.5858
10
13.8478
20
-43.2346
10
14
20
-44
10
13.8478
20
-44.7654
10
13.4142
20
-45.4142
10
12.7654
20
-45.8478
10
12
20
-46
10
4
20
-46
10
3.2346
20
-45.8478
10
2.5858
20
-45.4142
10
2.1522
20
-44.7654
10
2
20
-44
10
2.1522
20
-43.2346
10
2.5858
20
-42.5858
0
LWPOLYLINE
8
20_bumper_front_t10.0
100
AcDbEntity
100
AcDbPolyline
90
19
70
1
43
0.0
10
3.2346
20
45.8478
10
4
20
46
10
12
20
46
10
12.7654
20
45.8478
10
13.4142
20
45.4142
10
13.8478
20
44.7654
10
14
20
44
10
13.8478
20
43.2346
10
13.4142
20
42.5858
10
12.7654
20
42.1522
10
12
20
42
10
4
20
42
10
3.2346
20
42.1522
10
2.5858
20
42.5858
10
2.1522
20
43.2346
10
2
20
44
10
2.1522
20
44.7654
10
2.5858
20
45.4142
10
3.2346
20
45.8478
0
LWPOLYLINE
8
20_bumper_front_t10.0
100
AcDbEntity
100
AcDbPolyline
90
21
70
1
43
0.0
10
10.7654
20
-19.8478
10
10
20
-20
10
6
20
-20
10
5.2346
20
-19.8478
10
4.5858
20
-19.4142
10
4.1522
20
-18.7654
10
4
20
-18
10
4
20
18
10
4.1522
20
18.7654
10
4.5858
20
19.4142
10
5.2346
20
19.8478
10
6
20
20
10
10
20
20
10
10.7654
20
19.8478
10
11.4142
20
19.4142
10
11.8478
20
18.7654
10
12
20
18
10
12
20
-18
10
11.8478
20
-18.7654
10
11.4142
20
-19.4142
10
10.7654
20
-19.8478
0
LWPOLYLINE
8
21_anti_tip_t5.0
100
AcDbEntity
100
AcDbPolyline
90
7
70
1
43
0.0
10
116
20
-3
10
116
20
3
10
104
20
8
10
0
20
8
10
0
20
-8
10
104
20
-8
10
116
20
-3
0
LWPOLYLINE
8
21_anti_tip_t5.0
100
AcDbEntity
100
AcDbPolyline
90
19
70
1
43
0.0
10
2.1675
20
0.8419
10
2.6444
20
1.5556
10
3.3581
20
2.0325
10
4.2
20
2.2
10
11.8
20
2.2
10
12.6419
20
2.0325
10
13.3556
20
1.5556
10
13.8325
20
0.8419
10
14
20
0
10
13.8325
20
-0.8419
10
13.3556
20
-1.5556
10
12.6419
20
-2.0325
10
11.8
20
-2.2
10
4.2
20
-2.2
10
3.3581
20
-2.0325
10
2.6444
20
-1.5556
10
2.1675
20
-0.8419
10
2
20
0
10
2.1675
20
0.8419
0
LWPOLYLINE
8
21_anti_tip_t5.0
100
AcDbEntity
100
AcDbPolyline
90
65
70
1
43
0.0
10
31.5311
20
0.4645
10
31.5693
20
0.3121
10
31.5923
20
0.1568
10
31.6
20
0
10
31.5923
20
-0.1568
10
31.5693
20
-0.3121
10
31.5311
20
-0.4645
10
31.4782
20
-0.6123
10
31.4111
20
-0.7542
10
31.3304
20
-0.8889
10
31.2368
20
-1.015
10
31.1314
20
-1.1314
10
31.015
20
-1.2368
10
30.8889
20
-1.3304
10
30.7542
20
-1.4111
10
30.6123
20
-1.4782
10
30.4645
20
-1.5311
10
30.3121
20
-1.5693
10
30.1568
20
-1.5923
10
30
20
-1.6
10
29.8432
20
-1.5923
10
29.6879
20
-1.5693
10
29.5355
20
-1.5311
10
29.3877
20
-1.4782
10
29.2458
20
-1.4111
10
29.1111
20
-1.3304
10
28.985
20
-1.2368
10
28.8686
20
-1.1314
10
28.7632
20
-1.015
10
28.6696
20
-0.8889
10
28.5889
20
-0.7542
10
28.5218
20
-0.6123
10
28.4689
20
-0.4645
10
28.4307
20
-0.3121
10
28.4077
20
-0.1568
10
28.4
20
0
10
28.4077
20
0.1568
10
28.4307
20
0.3121
10
28.4689
20
0.4645
10
28.5218
20
0.6123
10
28.5889
20
0.7542
10
28.6696
20
0.8889
10
28.7632
20
1.015
10
28.8686
20
1.1314
10
28.985
20
1.2368
10
29.1111
20
1.3304
10
29.2458
20
1.4111
10
29.3877
20
1.4782
10
29.5355
20
1.5311
10
29.6879
20
1.5693
10
29.8432
20
1.5923
10
30
20
1.6
10
30.1568
20
1.5923
10
30.3121
20
1.5693
10
30.4645
20
1.5311
10
30.6123
20
1.4782
10
30.7542
20
1.4111
10
30.8889
20
1.3304
10
31.015
20
1.2368
10
31.1314
20
1.1314
10
31.2368
20
1.015
10
31.3304
20
0.8889
10
31.4111
20
0.7542
10
31.4782
20
0.6123
10
31.5311
20
0.4645
0
LWPOLYLINE
8
21_anti_tip_t5.0
100
AcDbEntity
100
AcDbPolyline
90
65
70
1
43
0.0
10
97.9231
20
0.7804
10
97.9807
20
0.3921
10
98
20
0
10
97.9807
20
-0.3921
10
97.9231
20
-0.7804
10
97.8278
20
-1.1611
10
97.6955
20
-1.5307
10
97.5277
20
-1.8856
10
97.3259
20
-2.2223
10
97.092
20
-2.5376
10
96.8284
20
-2.8284
10
96.5376
20
-3.092
10
96.2223
20
-3.3259
10
95.8856
20
-3.5277
10
95.5307
20
-3.6955
10
95.1611
20
-3.8278
10
94.7804
20
-3.9231
10
94.3921
20
-3.9807
10
94
20
-4
10
93.6079
20
-3.9807
10
93.2196
20
-3.9231
10
92.8389
20
-3.8278
10
92.4693
20
-3.6955
10
92.1144
20
-3.5277
10
91.7777
20
-3.3259
10
91.4624
20
-3.092
10
91.1716
20
-2.8284
10
90.908
20
-2.5376
10
90.6741
20
-2.2223
10
90.4723
20
-1.8856
10
90.3045
20
-1.5307
10
90.1722
20
-1.1611
10
90.0769
20
-0.7804
10
90.0193
20
-0.3921
10
90
20
0
10
90.0193
20
0.3921
10
90.0769
20
0.7804
10
90.1722
20
1.1611
10
90.3045
20
1.5307
10
90.4723
20
1.8856
10
90.6741
20
2.2223
10
90.908
20
2.5376
10
91.1716
20
2.8284
10
91.4624
20
3.092
10
91.7777
20
3.3259
10
92.1144
20
3.5277
10
92.4693
20
3.6955
10
92.8389
20
3.8278
10
93.2196
20
3.9231
10
93.6079
20
3.9807
10
94
20
4
10
94.3921
20
3.9807
10
94.7804
20
3.9231
10
95.1611
20
3.8278
10
95.5307
20
3.6955
10
95.8856
20
3.5277
10
96.2223
20
3.3259
10
96.5376
20
3.092
10
96.8284
20
2.8284
10
97.092
20
2.5376
10
97.3259
20
2.2223
10
97.5277
20
1.8856
10
97.6955
20
1.5307
10
97.8278
20
1.1611
10
97.9231
20
0.7804
0
LWPOLYLINE
8
21_anti_tip_t5.0
100
AcDbEntity
100
AcDbPolyline
90
65
70
1
43
0.0
10
113.9807
20
0.3921
10
114
20
0
10
113.9807
20
-0.3921
10
113.9231
20
-0.7804
10
113.8278
20
-1.1611
10
113.6955
20
-1.5307
10
113.5277
20
-1.8856
10
113.3259
20
-2.2223
10
113.092
20
-2.5376
10
112.8284
20
-2.8284
10
112.5376
20
-3.092
10
112.2223
20
-3.3259
10
111.8856
20
-3.5277
10
111.5307
20
-3.6955
10
111.1611
20
-3.8278
10
110.7804
20
-3.9231
10
110.3921
20
-3.9807
10
110
20
-4
10
109.6079
20
-3.9807
10
109.2196
20
-3.9231
10
108.8389
20
-3.8278
10
108.4693
20
-3.6955
10
108.1144
20
-3.5277
10
107.7777
20
-3.3259
10
107.4624
20
-3.092
10
107.1716
20
-2.8284
10
106.908
20
-2.5376
10
106.6741
20
-2.2223
10
106.4723
20
-1.8856
10
106.3045
20
-1.5307
10
106.1722
20
-1.1611
10
106.0769
20
-0.7804
10
106.0193
20
-0.3921
10
106
20
0
10
106.0193
20
0.3921
10
106.0769
20
0.7804
10
106.1722
20
1.1611
10
106.3045
20
1.5307
10
106.4723
20
1.8856
10
106.6741
20
2.2223
10
106.908
20
2.5376
10
107.1716
20
2.8284
10
107.4624
20
3.092
10
107.7777
20
3.3259
10
108.1144
20
3.5277
10
108.4693
20
3.6955
10
108.8389
20
3.8278
10
109.2196
20
3.9231
10
109.6079
20
3.9807
10
110
20
4
10
110.3921
20
3.9807
10
110.7804
20
3.9231
10
111.1611
20
3.8278
10
111.5307
20
3.6955
10
111.8856
20
3.5277
10
112.2223
20
3.3259
10
112.5376
20
3.092
10
112.8284
20
2.8284
10
113.092
20
2.5376
10
113.3259
20
2.2223
10
113.5277
20
1.8856
10
113.6955
20
1.5307
10
113.8278
20
1.1611
10
113.9231
20
0.7804
10
113.9807
20
0.3921
0
LWPOLYLINE
8
22_ramp_anchor_t8.0
100
AcDbEntity
100
AcDbPolyline
90
7
70
1
43
0.0
10
48
20
4
10
40
20
12
10
0
20
12
10
0
20
-12
10
40
20
-12
10
48
20
-4
10
48
20
4
0
LWPOLYLINE
8
22_ramp_anchor_t8.0
100
AcDbEntity
100
AcDbPolyline
90
65
70
1
43
0.0
10
9.5311
20
0.4645
10
9.5693
20
0.3121
10
9.5923
20
0.1568
10
9.6
20
0
10
9.5923
20
-0.1568
10
9.5693
20
-0.3121
10
9.5311
20
-0.4645
10
9.4782
20
-0.6123
10
9.4111
20
-0.7542
10
9.3304
20
-0.8889
10
9.2368
20
-1.015
10
9.1314
20
-1.1314
10
9.015
20
-1.2368
10
8.8889
20
-1.3304
10
8.7542
20
-1.4111
10
8.6123
20
-1.4782
10
8.4645
20
-1.5311
10
8.3121
20
-1.5693
10
8.1568
20
-1.5923
10
8
20
-1.6
10
7.8432
20
-1.5923
10
7.6879
20
-1.5693
10
7.5355
20
-1.5311
10
7.3877
20
-1.4782
10
7.2458
20
-1.4111
10
7.1111
20
-1.3304
10
6.985
20
-1.2368
10
6.8686
20
-1.1314
10
6.7632
20
-1.015
10
6.6696
20
-0.8889
10
6.5889
20
-0.7542
10
6.5218
20
-0.6123
10
6.4689
20
-0.4645
10
6.4307
20
-0.3121
10
6.4077
20
-0.1568
10
6.4
20
0
10
6.4077
20
0.1568
10
6.4307
20
0.3121
10
6.4689
20
0.4645
10
6.5218
20
0.6123
10
6.5889
20
0.7542
10
6.6696
20
0.8889
10
6.7632
20
1.015
10
6.8686
20
1.1314
10
6.985
20
1.2368
10
7.1111
20
1.3304
10
7.2458
20
1.4111
10
7.3877
20
1.4782
10
7.5355
20
1.5311
10
7.6879
20
1.5693
10
7.8432
20
1.5923
10
8
20
1.6
10
8.1568
20
1.5923
10
8.3121
20
1.5693
10
8.4645
20
1.5311
10
8.6123
20
1.4782
10
8.7542
20
1.4111
10
8.8889
20
1.3304
10
9.015
20
1.2368
10
9.1314
20
1.1314
10
9.2368
20
1.015
10
9.3304
20
0.8889
10
9.4111
20
0.7542
10
9.4782
20
0.6123
10
9.5311
20
0.4645
0
LWPOLYLINE
8
22_ramp_anchor_t8.0
100
AcDbEntity
100
AcDbPolyline
90
65
70
1
43
0.0
10
23.5693
20
0.3121
10
23.5923
20
0.1568
10
23.6
20
0
10
23.5923
20
-0.1568
10
23.5693
20
-0.3121
10
23.5311
20
-0.4645
10
23.4782
20
-0.6123
10
23.4111
20
-0.7542
10
23.3304
20
-0.8889
10
23.2368
20
-1.015
10
23.1314
20
-1.1314
10
23.015
20
-1.2368
10
22.8889
20
-1.3304
10
22.7542
20
-1.4111
10
22.6123
20
-1.4782
10
22.4645
20
-1.5311
10
22.3121
20
-1.5693
10
22.1568
20
-1.5923
10
22
20
-1.6
10
21.8432
20
-1.5923
10
21.6879
20
-1.5693
10
21.5355
20
-1.5311
10
21.3877
20
-1.4782
10
21.2458
20
-1.4111
10
21.1111
20
-1.3304
10
20.985
20
-1.2368
10
20.8686
20
-1.1314
10
20.7632
20
-1.015
10
20.6696
20
-0.8889
10
20.5889
20
-0.7542
10
20.5218
20
-0.6123
10
20.4689
20
-0.4645
10
20.4307
20
-0.3121
10
20.4077
20
-0.1568
10
20.4
20
0
10
20.4077
20
0.1568
10
20.4307
20
0.3121
10
20.4689
20
0.4645
10
20.5218
20
0.6123
10
20.5889
20
0.7542
10
20.6696
20
0.8889
10
20.7632
20
1.015
10
20.8686
20
1.1314
10
20.985
20
1.2368
10
21.1111
20
1.3304
10
21.2458
20
1.4111
10
21.3877
20
1.4782
10
21.5355
20
1.5311
10
21.6879
20
1.5693
10
21.8432
20
1.5923
10
22
20
1.6
10
22.1568
20
1.5923
10
22.3121
20
1.5693
10
22.4645
20
1.5311
10
22.6123
20
1.4782
10
22.7542
20
1.4111
10
22.8889
20
1.3304
10
23.015
20
1.2368
10
23.1314
20
1.1314
10
23.2368
20
1.015
10
23.3304
20
0.8889
10
23.4111
20
0.7542
10
23.4782
20
0.6123
10
23.5311
20
0.4645
10
23.5693
20
0.3121
0
LWPOLYLINE
8
22_ramp_anchor_t8.0
100
AcDbEntity
100
AcDbPolyline
90
65
70
1
43
0.0
10
40.9856
20
0.2941
10
41
20
0
10
40.9856
20
-0.2941
10
40.9424
20
-0.5853
10
40.8708
20
-0.8709
10
40.7716
20
-1.1481
10
40.6458
20
-1.4142
10
40.4944
20
-1.6667
10
40.319
20
-1.9032
10
40.1213
20
-2.1213
10
39.9032
20
-2.319
10
39.6667
20
-2.4944
10
39.4142
20
-2.6458
10
39.1481
20
-2.7716
10
38.8709
20
-2.8708
10
38.5853
20
-2.9424
10
38.2941
20
-2.9856
10
38
20
-3
10
37.7059
20
-2.9856
10
37.4147
20
-2.9424
10
37.1291
20
-2.8708
10
36.8519
20
-2.7716
10
36.5858
20
-2.6458
10
36.3333
20
-2.4944
10
36.0968
20
-2.319
10
35.8787
20
-2.1213
10
35.681
20
-1.9032
10
35.5056
20
-1.6667
10
35.3542
20
-1.4142
10
35.2284
20
-1.1481
10
35.1292
20
-0.8709
10
35.0576
20
-0.5853
10
35.0144
20
-0.2941
10
35
20
0
10
35.0144
20
0.2941
10
35.0576
20
0.5853
10
35.1292
20
0.8709
10
35.2284
20
1.1481
10
35.3542
20
1.4142
10
35.5056
20
1.6667
10
35.681
20
1.9032
10
35.8787
20
2.1213
10
36.0968
20
2.319
10
36.3333
20
2.4944
10
36.5858
20
2.6458
10
36.8519
20
2.7716
10
37.1291
20
2.8708
10
37.4147
20
2.9424
10
37.7059
20
2.9856
10
38
20
3
10
38.2941
20
2.9856
10
38.5853
20
2.9424
10
38.8709
20
2.8708
10
39.1481
20
2.7716
10
39.4142
20
2.6458
10
39.6667
20
2.4944
10
39.9032
20
2.319
10
40.1213
20
2.1213
10
40.319
20
1.9032
10
40.4944
20
1.6667
10
40.6458
20
1.4142
10
40.7716
20
1.1481
10
40.8708
20
0.8709
10
40.9424
20
0.5853
10
40.9856
20
0.2941
0
LWPOLYLINE
8
23_cam_mast_t4.0
100
AcDbEntity
100
AcDbPolyline
90
7
70
1
43
0.0
10
110
20
-18
10
118
20
-10
10
118
20
10
10
110
20
18
10
0
20
18
10
0
20
-18
10
110
20
-18
0
LWPOLYLINE
8
23_cam_mast_t4.0
100
AcDbEntity
100
AcDbPolyline
90
65
70
1
43
0.0
10
9.4111
20
0.7542
10
9.4782
20
0.6123
10
9.5311
20
0.4645
10
9.5693
20
0.3121
10
9.5923
20
0.1568
10
9.6
20
0
10
9.5923
20
-0.1568
10
9.5693
20
-0.3121
10
9.5311
20
-0.4645
10
9.4782
20
-0.6123
10
9.4111
20
-0.7542
10
9.3304
20
-0.8889
10
9.2368
20
-1.015
10
9.1314
20
-1.1314
10
9.015
20
-1.2368
10
8.8889
20
-1.3304
10
8.7542
20
-1.4111
10
8.6123
20
-1.4782
10
8.4645
20
-1.5311
10
8.3121
20
-1.5693
10
8.1568
20
-1.5923
10
8
20
-1.6
10
7.8432
20
-1.5923
10
7.6879
20
-1.5693
10
7.5355
20
-1.5311
10
7.3877
20
-1.4782
10
7.2458
20
-1.4111
10
7.1111
20
-1.3304
10
6.985
20
-1.2368
10
6.8686
20
-1.1314
10
6.7632
20
-1.015
10
6.6696
20
-0.8889
10
6.5889
20
-0.7542
10
6.5218
20
-0.6123
10
6.4689
20
-0.4645
10
6.4307
20
-0.3121
10
6.4077
20
-0.1568
10
6.4
20
0
10
6.4077
20
0.1568
10
6.4307
20
0.3121
10
6.4689
20
0.4645
10
6.5218
20
0.6123
10
6.5889
20
0.7542
10
6.6696
20
0.8889
10
6.7632
20
1.015
10
6.8686
20
1.1314
10
6.985
20
1.2368
10
7.1111
20
1.3304
10
7.2458
20
1.4111
10
7.3877
20
1.4782
10
7.5355
20
1.5311
10
7.6879
20
1.5693
10
7.8432
20
1.5923
10
8
20
1.6
10
8.1568
20
1.5923
10
8.3121
20
1.5693
10
8.4645
20
1.5311
10
8.6123
20
1.4782
10
8.7542
20
1.4111
10
8.8889
20
1.3304
10
9.015
20
1.2368
10
9.1314
20
1.1314
10
9.2368
20
1.015
10
9.3304
20
0.8889
10
9.4111
20
0.7542
0
LWPOLYLINE
8
23_cam_mast_t4.0
100
AcDbEntity
100
AcDbPolyline
90
65
70
1
43
0.0
10
27.4782
20
0.6123
10
27.5311
20
0.4645
10
27.5693
20
0.3121
10
27.5923
20
0.1568
10
27.6
20
0
10
27.5923
20
-0.1568
10
27.5693
20
-0.3121
10
27.5311
20
-0.4645
10
27.4782
20
-0.6123
10
27.4111
20
-0.7542
10
27.3304
20
-0.8889
10
27.2368
20
-1.015
10
27.1314
20
-1.1314
10
27.015
20
-1.2368
10
26.8889
20
-1.3304
10
26.7542
20
-1.4111
10
26.6123
20
-1.4782
10
26.4645
20
-1.5311
10
26.3121
20
-1.5693
10
26.1568
20
-1.5923
10
26
20
-1.6
10
25.8432
20
-1.5923
10
25.6879
20
-1.5693
10
25.5355
20
-1.5311
10
25.3877
20
-1.4782
10
25.2458
20
-1.4111
10
25.1111
20
-1.3304
10
24.985
20
-1.2368
10
24.8686
20
-1.1314
10
24.7632
20
-1.015
10
24.6696
20
-0.8889
10
24.5889
20
-0.7542
10
24.5218
20
-0.6123
10
24.4689
20
-0.4645
10
24.4307
20
-0.3121
10
24.4077
20
-0.1568
10
24.4
20
0
10
24.4077
20
0.1568
10
24.4307
20
0.3121
10
24.4689
20
0.4645
10
24.5218
20
0.6123
10
24.5889
20
0.7542
10
24.6696
20
0.8889
10
24.7632
20
1.015
10
24.8686
20
1.1314
10
24.985
20
1.2368
10
25.1111
20
1.3304
10
25.2458
20
1.4111
10
25.3877
20
1.4782
10
25.5355
20
1.5311
10
25.6879
20
1.5693
10
25.8432
20
1.5923
10
26
20
1.6
10
26.1568
20
1.5923
10
26.3121
20
1.5693
10
26.4645
20
1.5311
10
26.6123
20
1.4782
10
26.7542
20
1.4111
10
26.8889
20
1.3304
10
27.015
20
1.2368
10
27.1314
20
1.1314
10
27.2368
20
1.015
10
27.3304
20
0.8889
10
27.4111
20
0.7542
10
27.4782
20
0.6123
0
LWPOLYLINE
8
23_cam_mast_t4.0
100
AcDbEntity
100
AcDbPolyline
90
21
70
1
43
0.0
10
67.9239
20
-13.3827
10
67.7071
20
-13.7071
10
67.3827
20
-13.9239
10
67
20
-14
10
61
20
-14
10
60.6173
20
-13.9239
10
60.2929
20
-13.7071
10
60.0761
20
-13.3827
10
60
20
-13
10
60
20
13
10
60.0761
20
13.3827
10
60.2929
20
13.7071
10
60.6173
20
13.9239
10
61
20
14
10
67
20
14
10
67.3827
20
13.9239
10
67.7071
20
13.7071
10
67.9239
20
13.3827
10
68
20
13
10
68
20
-13
10
67.9239
20
-13.3827
0
LWPOLYLINE
8
23_cam_mast_t4.0
100
AcDbEntity
100
AcDbPolyline
90
21
70
1
43
0.0
10
91.7071
20
-13.7071
10
91.3827
20
-13.9239
10
91
20
-14
10
85
20
-14
10
84.6173
20
-13.9239
10
84.2929
20
-13.7071
10
84.0761
20
-13.3827
10
84
20
-13
10
84
20
13
10
84.0761
20
13.3827
10
84.2929
20
13.7071
10
84.6173
20
13.9239
10
85
20
14
10
91
20
14
10
91.3827
20
13.9239
10
91.7071
20
13.7071
10
91.9239
20
13.3827
10
92
20
13
10
92
20
-13
10
91.9239
20
-13.3827
10
91.7071
20
-13.7071
0
LWPOLYLINE
8
23_cam_mast_t4.0
100
AcDbEntity
100
AcDbPolyline
90
65
70
1
43
0.0
10
107.9807
20
0.3921
10
108
20
0
10
107.9807
20
-0.3921
10
107.9231
20
-0.7804
10
107.8278
20
-1.1611
10
107.6955
20
-1.5307
10
107.5277
20
-1.8856
10
107.3259
20
-2.2223
10
107.092
20
-2.5376
10
106.8284
20
-2.8284
10
106.5376
20
-3.092
10
106.2223
20
-3.3259
10
105.8856
20
-3.5277
10
105.5307
20
-3.6955
10
105.1611
20
-3.8278
10
104.7804
20
-3.9231
10
104.3921
20
-3.9807
10
104
20
-4
10
103.6079
20
-3.9807
10
103.2196
20
-3.9231
10
102.8389
20
-3.8278
10
102.4693
20
-3.6955
10
102.1144
20
-3.5277
10
101.7777
20
-3.3259
10
101.4624
20
-3.092
10
101.1716
20
-2.8284
10
100.908
20
-2.5376
10
100.6741
20
-2.2223
10
100.4723
20
-1.8856
10
100.3045
20
-1.5307
10
100.1722
20
-1.1611
10
100.0769
20
-0.7804
10
100.0193
20
-0.3921
10
100
20
0
10
100.0193
20
0.3921
10
100.0769
20
0.7804
10
100.1722
20
1.1611
10
100.3045
20
1.5307
10
100.4723
20
1.8856
10
100.6741
20
2.2223
10
100.908
20
2.5376
10
101.1716
20
2.8284
10
101.4624
20
3.092
10
101.7777
20
3.3259
10
102.1144
20
3.5277
10
102.4693
20
3.6955
10
102.8389
20
3.8278
10
103.2196
20
3.9231
10
103.6079
20
3.9807
10
104
20
4
10
104.3921
20
3.9807
10
104.7804
20
3.9231
10
105.1611
20
3.8278
10
105.5307
20
3.6955
10
105.8856
20
3.5277
10
106.2223
20
3.3259
10
106.5376
20
3.092
10
106.8284
20
2.8284
10
107.092
20
2.5376
10
107.3259
20
2.2223
10
107.5277
20
1.8856
10
107.6955
20
1.5307
10
107.8278
20
1.1611
10
107.9231
20
0.7804
10
107.9807
20
0.3921
0
ENDSEC
0
EOF
